,Strategy,F1,F2
2021-09-26 00:00:00+00:00,0.02015196564255038,-6.115478330032294,0.29145668191298957
2021-09-26 01:00:00+00:00,0.011800404585300068,-3.730808621220279,0.4300138995968933
2021-09-26 02:00:00+00:00,0.004268532789990525,-3.027903877671603,0.20340763856779454
2021-09-26 03:00:00+00:00,-0.005321931911234557,2.8198935151282023,-0.5401546535681591
2021-09-26 04:00:00+00:00,0.0013626115691007564,-0.33984136053958774,0.07242764521364585
2021-09-26 05:00:00+00:00,0.0030747653413364644,-0.9960335088514801,0.4893454787980381
2021-09-26 06:00:00+00:00,0.01728388469544938,-4.152062971294937,0.7075111671470451
2021-09-26 07:00:00+00:00,0.01952570398433499,-11.967874676312004,3.1175188807719216
2021-09-26 08:00:00+00:00,-0.000522248555102866,4.923359877388142,0.814945966522472
2021-09-26 09:00:00+00:00,-0.0692714307574024,25.382050773026727,0.5216643173153368
2021-09-26 10:00:00+00:00,0.0006730846199419562,-2.5799877549598573,-1.1955062858413876
2021-09-26 11:00:00+00:00,-0.010295419845245566,3.698604624305982,-1.088055233543415
2021-09-26 12:00:00+00:00,-0.002818068306168313,4.180624361953482,1.3854986476212816
2021-09-26 13:00:00+00:00,-0.0015527181064296973,-0.5741631277719785,-0.26515269266957786
2021-09-26 14:00:00+00:00,-0.0037274899082848662,1.6619095781196032,0.06347944255678409
2021-09-26 15:00:00+00:00,-0.005570628516466255,2.828857187154174,-0.36470370257579277
2021-09-26 16:00:00+00:00,0.007714189571058015,-4.139811893398629,0.5641010455376486
2021-09-26 17:00:00+00:00,-0.0007376389741085452,-0.0008514379532040192,0.08320641430870981
2021-09-26 18:00:00+00:00,-0.001111795739681599,0.9252516803789619,0.07545640623831584
2021-09-26 19:00:00+00:00,-0.0009221159345027748,0.2369795428003421,0.33914481929383095
2021-09-26 20:00:00+00:00,-0.0032803370084520376,2.8898354921629035,0.15452042235795652
2021-09-26 21:00:00+00:00,0.002932213829998219,-1.0618466330320064,-0.15884993994804655
2021-09-26 22:00:00+00:00,0.013020767513394932,-7.10601665483827,-0.01956120952620801
2021-09-26 23:00:00+00:00,-0.0031929148788875502,3.304658651736691,0.16780559934425393
2021-09-27 00:00:00+00:00,-0.023621609885636715,7.0934728263767965,0.9005610852148485
2021-09-27 01:00:00+00:00,-0.013469593160900474,5.732748795291652,0.028404405275890138
2021-09-27 02:00:00+00:00,0.008514469648664256,-1.638236227742948,0.8803781002051545
2021-09-27 03:00:00+00:00,0.011711224512194968,-2.5134905125044438,0.23929106160778377
2021-09-27 04:00:00+00:00,0.004000068927186224,-0.8767274934236324,-0.49109521643432735
2021-09-27 05:00:00+00:00,0.00025930254793384515,1.853543994649194,0.1354197703295005
2021-09-27 06:00:00+00:00,0.010168106331066703,-4.057835657399499,-0.7193233482654433
2021-09-27 07:00:00+00:00,0.0037604610760162407,0.4601688865163425,-1.0980509020957616
2021-09-27 08:00:00+00:00,-0.003036753616165231,1.8094449429438335,0.6758839149301094
2021-09-27 09:00:00+00:00,0.003930668861061009,-2.9579785948480213,-0.5136170079805394
2021-09-27 10:00:00+00:00,-0.0002401219223591946,3.109388616986066,0.4582930758290549
2021-09-27 11:00:00+00:00,0.0021171821090270188,0.5797680974352828,-0.5332878280676226
2021-09-27 12:00:00+00:00,0.00514859189127462,-3.2704829333745504,0.09271746030604941
2021-09-27 13:00:00+00:00,0.0015651248027085958,-1.0887899421698801,-0.03431358780587489
2021-09-27 14:00:00+00:00,0.005571760279493842,-3.48456916826165,-0.2082400433958046
2021-09-27 15:00:00+00:00,-3.4478951732451235e-05,1.158594510846248,-0.3281713670961376
2021-09-27 16:00:00+00:00,0.002544619843355179,-4.8365538532336085,-0.1168563531753757
2021-09-27 17:00:00+00:00,0.0019019210539081963,-0.1307659751280694,-0.7665652367098662
2021-09-27 18:00:00+00:00,0.0020615483903839243,-0.8187817642878578,-0.27571272290963655
2021-09-27 19:00:00+00:00,0.0012061261184172984,-0.1769055791267356,0.34294588555906547
2021-09-27 20:00:00+00:00,0.0023826100489110196,-4.175192529827586,0.6153781556558131
2021-09-27 21:00:00+00:00,-0.0035958490904451222,5.974882014262326,0.28016580548609826
2021-09-27 22:00:00+00:00,0.0005192658461163622,-0.11670743397394907,-0.2681298261254685
2021-09-27 23:00:00+00:00,0.0046260452186112815,-8.82470979703574,0.139211308028719
2021-09-28 00:00:00+00:00,0.0021404988775585478,2.2684829086489158,-0.384957218272817
2021-09-28 01:00:00+00:00,-0.002295240138175491,2.264164698463848,-0.13594248483186275
2021-09-28 02:00:00+00:00,0.0007095464728995489,-0.3031258561340534,-0.2757880125074178
2021-09-28 03:00:00+00:00,0.0011527936028687328,1.1882827030002903,-0.19583364380707338
2021-09-28 04:00:00+00:00,0.00061417450287085,1.245479901751883,-0.7295184412767758
2021-09-28 05:00:00+00:00,-5.440041078720404e-05,-2.6120659195942397,-0.04223380350719575
2021-09-28 06:00:00+00:00,-0.0006761260150546097,-1.5452492507246163,0.2970338100039683
2021-09-28 07:00:00+00:00,-0.0010907788833349106,-4.467267127450606,0.4733217190296592
2021-09-28 08:00:00+00:00,-0.001151722779317991,3.273270347059175,0.1322313582973764
2021-09-28 09:00:00+00:00,-0.0004334297806851908,0.09139638172038228,0.44669984518862765
2021-09-28 10:00:00+00:00,0.0038618609019758754,-0.6854688638201554,0.5179976159984071
2021-09-28 11:00:00+00:00,0.00012276040490720924,3.541163107181349,-0.061397466701490294
2021-09-28 12:00:00+00:00,-0.005462985854469187,-4.532956867654701,-0.1289939945912919
2021-09-28 13:00:00+00:00,0.006076477322726462,1.7603833391919161,-0.6770349650180764
2021-09-28 14:00:00+00:00,-0.01206048783413698,-4.399894417614257,0.0508891213398984
2021-09-28 15:00:00+00:00,-0.002468157457684588,-3.3058635167001906,0.4647564987882575
2021-09-28 16:00:00+00:00,-0.0047358487106501975,-2.3091835200483852,0.5551363058981974
2021-09-28 17:00:00+00:00,-0.004368011244983984,-0.5760228000579289,0.668352196385233
2021-09-28 18:00:00+00:00,0.005058233575446754,2.0424324847669757,-0.5442441084008093
2021-09-28 19:00:00+00:00,0.006284272097211161,-0.03636318682141197,0.20248679824586951
2021-09-28 20:00:00+00:00,0.0020352400621524097,2.341714592368921,0.046353617592969576
2021-09-28 21:00:00+00:00,-0.015179997338301844,2.2939886223056574,-0.5443880557556053
2021-09-28 22:00:00+00:00,0.016210702258928778,-5.399085303772915,0.45870306198590594
2021-09-28 23:00:00+00:00,0.028812239475974548,-3.812666423698031,0.14518256777987143
2021-09-29 00:00:00+00:00,-0.010453559269708623,5.265121454858109,0.114751140855964
2021-09-29 01:00:00+00:00,-0.03956971908682004,0.716505758937883,-0.7326886694460605
2021-09-29 02:00:00+00:00,-0.015077100321986716,2.467615565066466,-0.455165533394649
2021-09-29 03:00:00+00:00,-0.01362304863687507,4.23867511574871,-0.635613700756794
2021-09-29 04:00:00+00:00,0.0009255543617558852,1.1637508869083764,0.22781759180949918
2021-09-29 05:00:00+00:00,-0.010971177579538586,0.06175655372673789,-0.09455642072835253
2021-09-29 06:00:00+00:00,0.0007401355313115603,2.7086987436856593,-0.06630541132238729
2021-09-29 07:00:00+00:00,-0.0016384822075580982,-0.46022773433409075,0.12128734673952324
2021-09-29 08:00:00+00:00,0.014126798661907526,-1.5616553143517076,-0.7445019824766568
2021-09-29 09:00:00+00:00,0.003146389931552131,-2.2490913740556784,-0.03362654839760708
2021-09-29 10:00:00+00:00,-0.007459210496314283,7.1286742222262545,0.12987705374553182
2021-09-29 11:00:00+00:00,-0.0027385036195453055,-0.21389591924564813,-0.77860582742935
2021-09-29 12:00:00+00:00,0.037197287697771954,-3.4496180800308864,0.3111844426909913
2021-09-29 13:00:00+00:00,0.008384197464618687,1.5011605680356557,-0.19266576766386587
2021-09-29 14:00:00+00:00,0.0018262987012987704,0.4871193223645435,0.006872069046156934
2021-09-29 15:00:00+00:00,0.025276140136884145,-6.29620642815912,0.03857069570479321
2021-09-29 16:00:00+00:00,0.0,-0.878258908657015,0.019754574411567555
2021-09-29 17:00:00+00:00,0.0,-3.783744122938764,0.02004430265059405
2021-09-29 18:00:00+00:00,0.0,-0.3111817423621032,0.09262091018565304
2021-09-29 19:00:00+00:00,0.0,-1.371933751041943,-0.037556563094275956
2021-09-29 20:00:00+00:00,0.0,-0.6333803315043763,-0.72791934909889
2021-09-29 21:00:00+00:00,0.0,1.1109143507347972,0.13619483864679763
2021-09-29 22:00:00+00:00,0.0,1.2562316597500982,-0.21263151468785604
2021-09-29 23:00:00+00:00,0.0,1.9761921005234766,-0.4116931069864609
2021-09-30 00:00:00+00:00,0.0,6.783283146437473,-0.6949308743202336
2021-09-30 01:00:00+00:00,0.0,2.793225698807911,-0.34669518980350755
2021-09-30 02:00:00+00:00,0.0,1.8161658069480475,0.4888599150095815
2021-09-30 03:00:00+00:00,0.0,2.433125560312836,1.017128194207112
2021-09-30 04:00:00+00:00,0.0020869166380002293,-1.1935106632547101,0.34030587177459626
2021-09-30 05:00:00+00:00,-0.00011490554763984005,-0.6294845714146938,0.29668114088632375
2021-09-30 06:00:00+00:00,0.0031940072152393207,-1.019348896211212,0.1013301754788912
2021-09-30 07:00:00+00:00,0.002074688796680498,-1.629521534077756,-0.2438487841923129
2021-09-30 08:00:00+00:00,0.005082005082005082,-2.9957492843806266,-0.5948654805741582
2021-09-30 09:00:00+00:00,-0.0018806593916879499,1.2997255620744916,0.19238399635918754
2021-09-30 10:00:00+00:00,0.00771708651016199,-2.5287298403150755,-0.9137123307431432
2021-09-30 11:00:00+00:00,-0.005932084637302069,2.61052669329221,0.7887369091648508
2021-09-30 12:00:00+00:00,-0.008172362555720654,3.71908525285058,0.5014684922707903
2021-09-30 13:00:00+00:00,0.00806005895357406,-2.5065420147664956,-0.9653741461872779
2021-09-30 14:00:00+00:00,-0.0010679296095092168,0.248740580791401,-0.8403319753844203
2021-09-30 15:00:00+00:00,-0.0006255443696751373,0.8651445689080094,0.18306843722133342
2021-09-30 16:00:00+00:00,0.004612939644869451,-0.9720467171922386,-0.4089234107672666
2021-09-30 17:00:00+00:00,-0.009031336126111351,1.7309960307298131,-0.30758546651411567
2021-09-30 18:00:00+00:00,-0.01545615707473945,5.611990613282433,1.5855404019908808
2021-09-30 19:00:00+00:00,0.010882539307036601,-4.7356530921814795,-0.5323657644210336
2021-09-30 20:00:00+00:00,0.0019734165650187913,-1.422645081407849,-0.8621688470792641
2021-09-30 21:00:00+00:00,-0.0072714805702188854,3.1693508374149384,0.6153708043240577
2021-09-30 22:00:00+00:00,1.23335969648728e-05,0.7544756542634057,-0.29585624271272604
2021-09-30 23:00:00+00:00,-0.001700246778819586,1.6391315455153623,0.19625096201525144
2021-10-01 00:00:00+00:00,0.002855167945532097,0.8538302426502495,-0.40548109128147236
2021-10-01 01:00:00+00:00,-0.001055338553660179,1.24470116379674,0.33964521234715483
2021-10-01 02:00:00+00:00,0.008343593055358405,-4.894633499125193,0.48157589210046614
2021-10-01 03:00:00+00:00,-0.005884381357155139,1.56883669913652,-0.4831127108217446
2021-10-01 04:00:00+00:00,0.00034803042369206487,-0.007000221261807357,-0.15377035961330826
2021-10-01 05:00:00+00:00,-0.005295295527214976,3.2115642539531333,-0.23704083705016077
2021-10-01 06:00:00+00:00,-0.003491379036651195,1.127098169541868,0.0003996267188987948
2021-10-01 07:00:00+00:00,-0.0179640389339562,6.917271079347473,1.6032589968762967
2021-10-01 08:00:00+00:00,-0.0034269524064334295,4.939612824056908,0.3373882365565643
2021-10-01 09:00:00+00:00,0.000871262235836176,-1.5745630687545376,0.20763346086981324
2021-10-01 10:00:00+00:00,-0.04873204277106133,10.51136958347694,2.8753428049943737
2021-10-01 11:00:00+00:00,-0.008702881654026556,5.065548200039983,0.16471513703732155
2021-10-01 12:00:00+00:00,0.005498416117400672,-4.133643988645686,0.24506341203479692
2021-10-01 13:00:00+00:00,0.005211092829780895,-2.434862398803568,-1.5908529618611682
2021-10-01 14:00:00+00:00,-0.0034970755964994736,2.078780328099014,-0.7943441010097286
2021-10-01 15:00:00+00:00,-0.004415424579175495,5.48705281204784,0.7020304700996901
2021-10-01 16:00:00+00:00,-0.004515987875914305,2.4496321777989367,-0.21904759166258203
2021-10-01 17:00:00+00:00,-0.0011015037625578138,1.7362118627689418,3.8717270163490785
2021-10-01 18:00:00+00:00,-0.002265738984202839,1.818355992798091,10.3978521484136
2021-10-01 19:00:00+00:00,-0.006566334208851655,1.8476032138365395,1.6111932040366614
2021-10-01 20:00:00+00:00,-0.0012459301996632758,-0.25716389412917173,2.538176648538747
2021-10-01 21:00:00+00:00,-0.005430743192824881,2.9622512504005623,-1.7687782023333616
2021-10-01 22:00:00+00:00,0.00740376575815646,-4.623927781253024,-1.3345132203728232
2021-10-01 23:00:00+00:00,-0.002787807694473861,5.138244165436146,1.080165004846795
2021-10-02 00:00:00+00:00,0.006904269062559794,-1.3269353109491893,0.48979350124876475
2021-10-02 01:00:00+00:00,0.0016395816062981191,-0.8034510726099591,0.42794489873406244
2021-10-02 02:00:00+00:00,0.0004638018633000686,-0.6527342498703178,0.6050380692200151
2021-10-02 03:00:00+00:00,0.0039946289552868575,-4.501156899038225,0.14513045453832327
2021-10-02 04:00:00+00:00,-0.0012746358966294333,0.9687132205371554,0.537525037850887
2021-10-02 05:00:00+00:00,-0.0034606398847456337,1.6273666153885875,0.3786965742536989
2021-10-02 06:00:00+00:00,-0.0012584313109787575,1.9047642542349927,0.0478111618571078
2021-10-02 07:00:00+00:00,0.001617878310256296,0.027867972400128713,-1.2701153246787447
2021-10-02 08:00:00+00:00,0.00014138062567835882,-0.652114210811015,0.025377384554640652
2021-10-02 09:00:00+00:00,0.00029924527230453603,2.4539535574846854,-0.880573775772508
2021-10-02 10:00:00+00:00,0.0020014320174244343,-1.15031666377775,-0.7372204400746194
2021-10-02 11:00:00+00:00,-0.0016950507614499708,2.263008867537755,0.9371798038223624
2021-10-02 12:00:00+00:00,-0.0009969256717554166,2.0249495716447123,-1.301803795135844
2021-10-02 13:00:00+00:00,-0.0020614655179227305,4.130387471168533,0.4690173923104621
2021-10-02 14:00:00+00:00,-0.003996440125949331,3.8810571606460904,0.5579319954357622
2021-10-02 15:00:00+00:00,-0.0008878435639376318,1.5422666619233492,0.09065045234179811
2021-10-02 16:00:00+00:00,-0.002572270084065409,3.5768710854564723,0.12535276319481028
2021-10-02 17:00:00+00:00,0.0037573570414036117,-0.3239226687998215,-1.5473353157607255
2021-10-02 18:00:00+00:00,-0.0020804589115143526,0.9767748124399821,-0.09856304432487574
2021-10-02 19:00:00+00:00,-0.003083194210474531,2.5858723486211255,-0.05922480467594407
2021-10-02 20:00:00+00:00,0.0034047791868639654,-3.8146309601014026,-1.2330461336788687
2021-10-02 21:00:00+00:00,-0.003967094020526304,1.1370338819835386,0.26345506266061836
2021-10-02 22:00:00+00:00,0.0048633190350014,-2.0776367521223085,-0.26014802980955565
2021-10-02 23:00:00+00:00,0.011301090901160075,-7.599738082445254,-0.4265384756168006
2021-10-03 00:00:00+00:00,0.010633523284406522,-5.206863637931265,0.6695866313991297
2021-10-03 01:00:00+00:00,-0.007565034831829841,4.697214729127754,-0.7616047225351011
2021-10-03 02:00:00+00:00,-0.0016616711568134442,1.3200710643499733,-0.8812865111003388
2021-10-03 03:00:00+00:00,-0.0048886048452460714,4.033580612036412,-0.5415888311243693
2021-10-03 04:00:00+00:00,0.0031670626135309058,-1.2026601371320442,-0.6176952407257381
2021-10-03 05:00:00+00:00,-0.007852128037166999,3.300967139539716,-0.7168731875897945
2021-10-03 06:00:00+00:00,0.0017247763463495605,-0.25069239673415855,0.0863684633926016
2021-10-03 07:00:00+00:00,0.0024527190773283598,-2.8409163403189717,1.7489060259912819
2021-10-03 08:00:00+00:00,0.0002753251507126145,0.4962343214393136,0.5391795115503384
2021-10-03 09:00:00+00:00,0.0026951103837798206,-2.029705709006596,-0.5491270838347481
2021-10-03 10:00:00+00:00,-0.0003462426648175144,0.7431372513603927,-0.0931604999047208
2021-10-03 11:00:00+00:00,-0.01621627201091318,4.938668839593621,-1.162936090079481
2021-10-03 12:00:00+00:00,0.007626998037765309,-0.5090689875932763,0.006030850188999505
2021-10-03 13:00:00+00:00,-0.010722631824964357,4.343441235923287,0.40225993770779145
2021-10-03 14:00:00+00:00,0.0068838042905489585,-2.528254874229604,0.25025560827529564
2021-10-03 15:00:00+00:00,0.008058768053375015,-3.153865399184307,1.0957738164695536
2021-10-03 16:00:00+00:00,-0.0056735109958990955,3.230254875902655,-0.36100786968192544
2021-10-03 17:00:00+00:00,-0.01597808566772615,5.515071073211591,0.7554952728219544
2021-10-03 18:00:00+00:00,-0.002675242669916413,0.18975486213279152,-0.394826093086346
2021-10-03 19:00:00+00:00,0.00667627487275115,-0.9287662867667187,0.3154828534398326
2021-10-03 20:00:00+00:00,0.009894890614128201,-4.903249820114504,-0.732795665452811
2021-10-03 21:00:00+00:00,0.007785493411823074,-5.549848629498872,0.2616985346761699
2021-10-03 22:00:00+00:00,-0.009481817985548688,3.633382150046969,-0.36005711959522635
2021-10-03 23:00:00+00:00,0.002267561384771533,1.7734257979310133,0.6220923693634864
2021-10-04 00:00:00+00:00,0.009882988680080626,-6.151821043874838,-0.6471327837173791
2021-10-04 01:00:00+00:00,-5.3648603530502e-05,0.7405016457832132,0.3325977745372618
2021-10-04 02:00:00+00:00,0.012953882838013632,-4.308683954116388,1.207138122951805
2021-10-04 03:00:00+00:00,-0.011763323257096413,-4.681597550221167,0.04985965333016523
2021-10-04 04:00:00+00:00,0.00657926410313937,3.5942907622951297,-0.4281108931456544
2021-10-04 05:00:00+00:00,-0.0011021068552525073,1.434633496212473,-0.5076652922242688
2021-10-04 06:00:00+00:00,-0.006221461791650073,-1.2217844159426745,0.16246663454809956
2021-10-04 07:00:00+00:00,0.010944561709828797,5.083381007474395,-0.6560151105589266
2021-10-04 08:00:00+00:00,-0.00975583210266063,-4.242682545084704,-1.1261092997392501
2021-10-04 09:00:00+00:00,0.005862298870489878,2.4399092778372777,-0.09010342535487405
2021-10-04 10:00:00+00:00,-0.005874575992646927,-2.1872037288063777,0.6714277515720348
2021-10-04 11:00:00+00:00,-0.0028716735601460393,-2.6200650459728796,-0.13661018679232761
2021-10-04 12:00:00+00:00,0.010906986609276158,5.510597816449484,0.5499455451026054
2021-10-04 13:00:00+00:00,0.007260015023378262,6.8651331967066636,1.4529725390441377
2021-10-04 14:00:00+00:00,-0.01690030245495848,-12.732731618859255,-0.9328373621814374
2021-10-04 15:00:00+00:00,0.00019083287447230709,2.8937861852471465,0.8319541324449109
2021-10-04 16:00:00+00:00,0.008192703135138165,5.650677457165801,3.2131920464411303
2021-10-04 17:00:00+00:00,0.008102807751643468,5.094152158197397,0.03723604444927198
2021-10-04 18:00:00+00:00,0.006467879745141068,1.1716575209215727,-0.018669073389384554
2021-10-04 19:00:00+00:00,-0.0024587095695604248,-1.0207245515013301,3.3902286607295413
2021-10-04 20:00:00+00:00,-0.0075994456910107155,-3.6732502538952607,2.9426552308520466
2021-10-04 21:00:00+00:00,0.00031155993519786657,-0.13204787033606497,-0.34823967036161274
2021-10-04 22:00:00+00:00,-0.003883021637410139,-1.7261705142864099,3.088729564780708
2021-10-04 23:00:00+00:00,0.006295785072138752,3.651293919008812,-2.0668705284850493
2021-10-05 00:00:00+00:00,0.010631238163376714,3.271449604923148,-2.617383940496311
2021-10-05 01:00:00+00:00,-0.01027073902888349,-2.4517481167901036,-1.6278110778901147
2021-10-05 02:00:00+00:00,-0.006039117049098267,-0.34619731845174306,2.585968441943835
2021-10-05 03:00:00+00:00,-0.00514483862940539,1.7105288197646096,2.593633167941508
2021-10-05 04:00:00+00:00,-0.010268956143749414,-4.093504746470708,0.930326146287375
2021-10-05 05:00:00+00:00,0.0026965652589484774,4.554008929126702,-0.20315878848032362
2021-10-05 06:00:00+00:00,-0.0001420891240158403,0.60451135395027,0.6125750203423784
2021-10-05 07:00:00+00:00,0.005168753058776795,0.47018530107448614,-0.275654533857967
2021-10-05 08:00:00+00:00,0.0012045449610549226,1.8735195123632742,-0.35618328953890555
2021-10-05 09:00:00+00:00,0.008869177680168452,3.0451444756426764,-0.49770586216652535
2021-10-05 10:00:00+00:00,0.0014773951605681539,-0.13704072485672106,-0.06730949657790962
2021-10-05 11:00:00+00:00,0.002521512986997831,0.5743781260790305,-1.374192163383018
2021-10-05 12:00:00+00:00,0.00816167218701171,-0.15266737696075644,-1.0552073294826585
2021-10-05 13:00:00+00:00,0.0073342936658170235,1.876266327813253,-0.9397214801989318
2021-10-05 14:00:00+00:00,-0.007667041144050282,-8.112572259188967,-2.651627854713387
2021-10-05 15:00:00+00:00,-0.003052708960145163,-0.038533917121337115,-1.5468077421205948
2021-10-05 16:00:00+00:00,-6.407131973093853e-05,1.754711289678117,2.122357926816477
2021-10-05 17:00:00+00:00,0.007295567496884672,0.6924495803564249,0.4722621886771377
2021-10-05 18:00:00+00:00,0.0074940610667466045,2.708996139801793,2.4957912659071333
2021-10-05 19:00:00+00:00,0.008002040086213944,2.695519916500708,-1.488576236000929
2021-10-05 20:00:00+00:00,0.01476277544731851,5.255923028398189,-3.5510296622922826
2021-10-05 21:00:00+00:00,3.452587763532869e-05,0.4592985964468694,-0.14112063223018614
2021-10-05 22:00:00+00:00,-0.004437112487422983,-1.1499353682545974,0.6094826780218706
2021-10-05 23:00:00+00:00,0.005489797011115393,0.5317512518251639,1.0470768283550775
2021-10-06 00:00:00+00:00,0.00011615318671242491,-2.4385040808683573,1.9214386507711474
2021-10-06 01:00:00+00:00,0.0033028505804887755,-2.5457927504724838,-0.12312667605716109
2021-10-06 02:00:00+00:00,0.00194759802143952,-0.8668972389341575,1.1014034897863796
2021-10-06 03:00:00+00:00,-0.00214691629344922,-3.099495845110978,3.6691226863571176
2021-10-06 04:00:00+00:00,-0.005357640134784014,-2.309223685497319,0.4544121675724704
2021-10-06 05:00:00+00:00,0.0005342862675126092,2.0370851034941992,2.3989327834197605
2021-10-06 06:00:00+00:00,0.0032970031714857134,-0.732227523352969,-2.049262169923958
2021-10-06 07:00:00+00:00,0.006060344348082495,-5.058889066186476,-0.9155294859571488
2021-10-06 08:00:00+00:00,0.009341680422936956,-13.448810960764533,-2.979667562407569
2021-10-06 09:00:00+00:00,5.030454605986569e-06,-0.3381557100886267,0.19806368888688847
2021-10-06 10:00:00+00:00,-0.008973408586572982,3.704689243147997,-0.2754375830850618
2021-10-06 11:00:00+00:00,-0.0029621605446645085,-0.3576177083360821,1.5652115783147382
2021-10-06 12:00:00+00:00,-0.028009084078098986,13.34037562581801,1.672901998690518
2021-10-06 13:00:00+00:00,-0.023487870637969487,12.846756819505272,0.35272522629504416
2021-10-06 14:00:00+00:00,-0.009152452220241417,6.475444089835561,-0.3183315510757363
2021-10-06 15:00:00+00:00,-0.008964016254931808,3.4420088658853154,-2.4135856411903336
2021-10-06 16:00:00+00:00,0.0016676087777267646,0.5850158563178591,0.42136253268812274
2021-10-06 17:00:00+00:00,0.005331891051756337,-2.0283818255734865,-1.9137521280303365
2021-10-06 18:00:00+00:00,0.0009358495571181217,-1.870133869612588,-0.08058141549173788
2021-10-06 19:00:00+00:00,-0.009482219138851491,0.6925199853162747,1.671727376879235
2021-10-06 20:00:00+00:00,0.0024743076461221894,-7.357981672642396,1.4622899453773057
2021-10-06 21:00:00+00:00,-0.0027097062540553567,1.2115281198322165,3.2826565182324057
2021-10-06 22:00:00+00:00,-0.0011759959556229378,0.23356616269765618,1.9960774890910662
2021-10-06 23:00:00+00:00,-0.0030697010769647677,-0.016703413373590895,-0.4786445596556755
2021-10-07 00:00:00+00:00,0.009374884550555726,-6.801700752325783,1.6135191425488462
2021-10-07 01:00:00+00:00,0.00040605595079046296,-1.8792875135664087,-0.7996712433118477
2021-10-07 02:00:00+00:00,-0.005094675417373711,0.8003141166007539,0.7385374307988348
2021-10-07 03:00:00+00:00,0.004630168774706799,-2.7014746173597284,-1.7769973358864002
2021-10-07 04:00:00+00:00,-0.004903822505341132,8.173865933815806,-0.061738565696005214
2021-10-07 05:00:00+00:00,0.006132176475827149,-0.4478909680027828,0.6283186250316534
2021-10-07 06:00:00+00:00,0.003385411209014702,-2.166009760252542,0.8523262887346879
2021-10-07 07:00:00+00:00,-0.00457282601528542,11.571683922273023,-0.14619945044320876
2021-10-07 08:00:00+00:00,0.004131689739422487,2.4992509417730426,0.38793596987838774
2021-10-07 09:00:00+00:00,0.003670371380013286,-3.7215684732956116,0.6731570771038242
2021-10-07 10:00:00+00:00,0.007264653406013572,-5.6427000973794215,1.7605847371022747
2021-10-07 11:00:00+00:00,-0.006979503976732366,5.565221374203782,0.36850744566425814
2021-10-07 12:00:00+00:00,0.006070148530133141,-3.085498225814802,0.6777255605367098
2021-10-07 13:00:00+00:00,-0.010840117861350715,6.002442590798224,-1.3191444715130263
2021-10-07 14:00:00+00:00,0.01459036458213195,-12.187588618171285,-2.6341585598946633
2021-10-07 15:00:00+00:00,-0.0025160475283698904,4.168816601973597,0.9693217335404429
2021-10-07 16:00:00+00:00,-0.004304690198971365,2.1460798446905054,-2.015535467347246
2021-10-07 17:00:00+00:00,-0.00021636053798416424,-2.5378096721877066,-1.6460681449763486
2021-10-07 18:00:00+00:00,0.004799697915921993,0.6670443725914681,-1.1623420093024395
2021-10-07 19:00:00+00:00,-0.00131338274260851,5.048694805343784,0.9979372247622442
2021-10-07 20:00:00+00:00,-0.004008449990097325,2.0281075004591806,-0.4628673331684432
2021-10-07 21:00:00+00:00,-0.0016985526225551807,-0.22427756427817394,-1.8312879123418926
2021-10-07 22:00:00+00:00,0.006815523328614103,-2.3411812975397845,0.0028471467903301503
2021-10-07 23:00:00+00:00,0.0022150985967685673,-1.0880102606525914,0.9364510606872236
2021-10-08 00:00:00+00:00,-0.005938930207904728,2.329558053499295,0.49459573867863443
2021-10-08 01:00:00+00:00,-0.003159566909929397,-0.29394036986657635,0.14223327470728062
2021-10-08 02:00:00+00:00,0.0087121572174124,-5.646686299907726,-0.42333997297593046
2021-10-08 03:00:00+00:00,0.00037620075830479914,1.7680826535557697,0.8283324967315957
2021-10-08 04:00:00+00:00,-0.0009038966731780281,1.3269322085896862,0.6015916408104383
2021-10-08 05:00:00+00:00,-0.005316227151234172,2.9642720898188757,0.389184094840379
2021-10-08 06:00:00+00:00,0.0008225007337943139,1.6840165778433545,-0.980619332223568
2021-10-08 07:00:00+00:00,-0.020024583535604934,5.292542946386867,-0.01589843419268927
2021-10-08 08:00:00+00:00,-0.02075393818038378,5.803134574581026,0.7621097093077532
2021-10-08 09:00:00+00:00,-0.010689998419220612,-3.3844481280052126,0.7736845650803427
2021-10-08 10:00:00+00:00,-0.004363413765624906,3.7266474281113178,-0.1522305502137382
2021-10-08 11:00:00+00:00,0.022800482687724055,-5.1637955316876925,-0.31991405237830356
2021-10-08 12:00:00+00:00,0.009753213278566606,-2.6808897019559117,3.7320400220311796
2021-10-08 13:00:00+00:00,0.008468582136436227,-1.510604201732131,-1.7112495442179896
2021-10-08 14:00:00+00:00,-0.01912366252508715,7.200540711414295,-1.8977727867877434
2021-10-08 15:00:00+00:00,0.01225090709626627,-2.81050374421852,-1.1602311715358273
2021-10-08 16:00:00+00:00,0.00281315498021439,0.38627790305770426,1.5212570532033485
2021-10-08 17:00:00+00:00,0.009101351020687945,-2.717218639253867,0.8820979674736249
2021-10-08 18:00:00+00:00,-0.009093882184071325,2.569758955589724,0.32586539073744264
2021-10-08 19:00:00+00:00,0.00466162154589824,-1.7581161696515846,0.12618156853056578
2021-10-08 20:00:00+00:00,0.024659893250178654,-9.967659321635528,-0.5791158747943916
2021-10-08 21:00:00+00:00,9.252779179340679e-05,1.7923560937901382,0.886809697372074
2021-10-08 22:00:00+00:00,-0.006737881448326725,1.7755546270544693,-0.44370072386740356
2021-10-08 23:00:00+00:00,0.008823708886802928,-1.9250293425763165,-0.8566094626732953
2021-10-09 00:00:00+00:00,-0.008165378344005242,2.5928332248013906,0.28464197834505933
2021-10-09 01:00:00+00:00,0.008678030606197103,-3.8704868457895296,-0.4457380068622478
2021-10-09 02:00:00+00:00,-0.011125570198347806,3.5955419154624764,0.7033251919951506
2021-10-09 03:00:00+00:00,-0.003260110047109762,3.611989040801226,-1.0892418252231386
2021-10-09 04:00:00+00:00,-0.0029723111826739936,0.7562355268370566,0.052388520384361155
2021-10-09 05:00:00+00:00,0.008382171105052814,-2.7282973897185685,0.7958253722026344
2021-10-09 06:00:00+00:00,-0.001203409272202331,1.7687396655404277,0.46178626508231085
2021-10-09 07:00:00+00:00,0.005604690196268015,0.6521464234359695,0.26681864768301855
2021-10-09 08:00:00+00:00,0.008510005843994207,-4.337646638969796,-0.2519970937525346
2021-10-09 09:00:00+00:00,-0.006460438355198296,4.01117492267077,-0.4144236807548379
2021-10-09 10:00:00+00:00,-0.004893619253532528,4.417443116642639,0.09498211720824778
2021-10-09 11:00:00+00:00,0.008500185318215376,-3.3634434398929955,1.089552306761037
2021-10-09 12:00:00+00:00,-0.0051196921701027066,1.9611485734914673,-0.38431282944191875
2021-10-09 13:00:00+00:00,-0.0007096251925697277,3.510088748910843,-0.7705174086641018
2021-10-09 14:00:00+00:00,-0.004606804880393385,-0.32760256603149496,0.9212241664452748
2021-10-09 15:00:00+00:00,0.004562539779614742,-1.2103828877259937,0.16754998704234436
2021-10-09 16:00:00+00:00,0.006636072099035418,-1.6091221285069808,0.2440591519916973
2021-10-09 17:00:00+00:00,0.0006365356532033046,0.8758386881197479,0.3028964467189941
2021-10-09 18:00:00+00:00,0.0041402370133223655,0.673571634488785,0.07729047702134424
2021-10-09 19:00:00+00:00,0.006319839142521755,-3.3508773308988404,0.30037591866470703
2021-10-09 20:00:00+00:00,-0.0037249718865191026,1.019411078035596,-0.102883667271289
2021-10-09 21:00:00+00:00,0.00041349174052540666,1.561463978108167,-0.38048813876173065
2021-10-09 22:00:00+00:00,-0.0001657514278096313,0.3367977430300425,0.10207198063891282
2021-10-09 23:00:00+00:00,0.0036756095563396643,-0.6420460960855905,-0.3673685395844633
2021-10-10 00:00:00+00:00,0.007942394269814574,-6.624625524806686,0.5000791320180692
2021-10-10 01:00:00+00:00,0.006290919013005556,-4.003871366163156,-0.18630298020395686
2021-10-10 02:00:00+00:00,-0.0035199200993604445,1.3182236403629124,0.1291806803146484
2021-10-10 03:00:00+00:00,-0.004436678393661082,3.3404672329722724,0.5435800992919285
2021-10-10 04:00:00+00:00,-0.00443723984712495,4.261469771181214,1.2539818308257389
2021-10-10 05:00:00+00:00,0.000989699219943074,-0.254891347219031,-0.04268062970861186
2021-10-10 06:00:00+00:00,-0.006884478401885247,3.5249060708695743,0.2881043814117915
2021-10-10 07:00:00+00:00,-0.002750526912915864,-0.6396672137157364,0.15355717304613373
2021-10-10 08:00:00+00:00,-0.010206165931315183,2.4849505842480615,-0.2958495625213868
2021-10-10 09:00:00+00:00,0.002356911881379846,-4.971543021451334,-0.189468210346658
2021-10-10 10:00:00+00:00,-0.0010525557162000244,-1.478305873667748,0.10005479061715877
2021-10-10 11:00:00+00:00,-0.004859216870771515,0.8298249766585841,-0.22782813308243952
2021-10-10 12:00:00+00:00,-0.0028905069229110576,-2.7512579731077036,-0.32752657216500036
2021-10-10 13:00:00+00:00,0.008020679067793607,-0.5223086370215225,0.1769727331661393
2021-10-10 14:00:00+00:00,0.0021545912792294967,0.40164395410546216,0.07225276934657598
2021-10-10 15:00:00+00:00,-0.0004144519972170803,1.056209388444686,0.42243423805914354
2021-10-10 16:00:00+00:00,0.002001634640655197,-1.9714845270982135,0.6343924350686906
2021-10-10 17:00:00+00:00,0.007746933825668782,-3.0100013929854366,-0.601716892611907
2021-10-10 18:00:00+00:00,-0.001153503771052604,0.1564380428689011,0.06720863547994005
2021-10-10 19:00:00+00:00,0.003715798802779388,-1.657971093096627,0.7275458671616037
2021-10-10 20:00:00+00:00,0.006879045643503094,-3.4022074272077214,0.03256652444512568
2021-10-10 21:00:00+00:00,0.014115773036625966,-9.487903951675396,-0.42897966847114105
2021-10-10 22:00:00+00:00,-0.002898187189649826,2.246669221449964,0.14574669407531404
2021-10-10 23:00:00+00:00,0.014357508150282569,-8.249202802674668,0.8297898880912615
2021-10-11 00:00:00+00:00,-0.0072255007055534335,4.875128902892562,-0.33500944127165844
2021-10-11 01:00:00+00:00,-0.0007235061420877099,1.8119120322570406,-0.620760374625882
2021-10-11 02:00:00+00:00,-0.002119959104134389,3.5006472282265317,0.23507808500355196
2021-10-11 03:00:00+00:00,-0.007555453804007284,5.550652569637374,0.9728704649488477
2021-10-11 04:00:00+00:00,-0.004056552483889164,2.0037786717441097,-0.49610148112073904
2021-10-11 05:00:00+00:00,0.002634098215193335,-1.6411442220518302,-0.7556184348336366
2021-10-11 06:00:00+00:00,-0.0009029118942370562,-0.045911017014555945,0.9155405139482857
2021-10-11 07:00:00+00:00,-0.014203320138135694,6.975000296069785,-0.6930961824872515
2021-10-11 08:00:00+00:00,-0.004958010313678479,0.8123981408301075,-0.4849947980735594
2021-10-11 09:00:00+00:00,0.007167195204176186,-3.8075093585909503,0.9900844987054374
2021-10-11 10:00:00+00:00,0.006489791283453853,-5.309478960895858,0.7240843409610834
2021-10-11 11:00:00+00:00,0.0008976945715474192,-1.7737508729576532,0.03636133726422555
2021-10-11 12:00:00+00:00,-0.0020308265195338668,2.0066922852685662,-0.4885789592648651
2021-10-11 13:00:00+00:00,-0.0064103513309828565,2.478214162975494,1.349829552261559
2021-10-11 14:00:00+00:00,-0.006851801228665832,0.47604092410841264,1.3743253823081734
2021-10-11 15:00:00+00:00,0.003871877274019434,-2.6546667001191797,0.15077900959245621
2021-10-11 16:00:00+00:00,0.0068512776444684675,-2.9146532307126756,0.2902010099200328
2021-10-11 17:00:00+00:00,-0.011581892059479666,-2.0848258848440957,0.3555166768356155
2021-10-11 18:00:00+00:00,-0.019100768458704974,-2.7526597256409686,-0.5099131944186266
2021-10-11 19:00:00+00:00,0.004221399220579549,-5.729291471953577,1.3422487753329022
2021-10-11 20:00:00+00:00,0.00991840322242748,-2.7986889640507786,-1.9596992678635994
2021-10-11 21:00:00+00:00,-0.005135350289830083,4.328506742175276,-0.3967880155999433
2021-10-11 22:00:00+00:00,-0.014240156054731477,2.0681835015584844,1.1756199148957895
2021-10-11 23:00:00+00:00,-0.007763908092150667,3.1677525795373405,-0.4005072438905409
2021-10-12 00:00:00+00:00,0.016001596049994533,-8.094021032990872,-1.770724679989229
2021-10-12 01:00:00+00:00,-0.013395639558975946,3.0386209245626183,-0.525266757449139
2021-10-12 02:00:00+00:00,0.01586203616828404,-7.911227335018821,-0.6644422102691528
2021-10-12 03:00:00+00:00,0.006617061755843731,-2.226411002701361,0.8003114768743114
2021-10-12 04:00:00+00:00,-0.009470142846173184,4.7810194423784065,-0.25994547386354944
2021-10-12 05:00:00+00:00,0.005533152302079552,0.4813019419505105,0.5265207718145333
2021-10-12 06:00:00+00:00,0.016494198229153205,-5.668270171276335,0.11256416846140402
2021-10-12 07:00:00+00:00,-0.0012380174373154845,0.7164341317053903,0.528994244229107
2021-10-12 08:00:00+00:00,-0.001829650791232499,2.092631157879654,-0.3961640997529206
2021-10-12 09:00:00+00:00,0.015457669371222671,-12.878460502778179,-0.2711522446635163
2021-10-12 10:00:00+00:00,-0.009371213350850557,2.3111118014740897,-0.19163677927094408
2021-10-12 11:00:00+00:00,-0.004246287894040538,2.714931511962038,-0.39290710364888387
2021-10-12 12:00:00+00:00,0.012607462083473122,-8.15967761468537,0.6036320297509526
2021-10-12 13:00:00+00:00,-0.013920953172723792,16.66006334467292,-1.049649440168329
2021-10-12 14:00:00+00:00,0.00958584256741312,-4.736848568940273,-0.7829711521662371
2021-10-12 15:00:00+00:00,-0.008599178505910497,5.375677175358846,-0.6843950730123662
2021-10-12 16:00:00+00:00,-0.00766954651972647,3.464184769488809,-1.644753693494946
2021-10-12 17:00:00+00:00,0.007104423798556532,-5.866063291098096,0.48203100193905407
2021-10-12 18:00:00+00:00,-0.0020600764427932496,3.0552929083568987,-0.5462126948960998
2021-10-12 19:00:00+00:00,0.009907357198696922,-3.2444582030202187,-0.009660219646998841
2021-10-12 20:00:00+00:00,-0.01397484215442202,5.910317859667153,0.5164163936546377
2021-10-12 21:00:00+00:00,-0.014824356069911906,0.46076319574706454,1.788849298578388
2021-10-12 22:00:00+00:00,0.0002241735152501591,2.1123435721234873,-0.4046118844272379
2021-10-12 23:00:00+00:00,-0.00022357566939450128,-0.3548275700245689,0.7037046267115511
2021-10-13 00:00:00+00:00,-0.0066071332705259405,6.331020953168116,0.5336560065817841
2021-10-13 01:00:00+00:00,-0.0008160687694052903,-2.1129456813021523,0.8954930472069585
2021-10-13 02:00:00+00:00,0.0014869145577377874,3.2629725674056296,-0.27965888926468874
2021-10-13 03:00:00+00:00,3.0003403618721623e-05,-2.228336620774393,-0.4971773105339647
2021-10-13 04:00:00+00:00,-0.0027485023254111354,0.6452884035596973,0.9239396247383423
2021-10-13 05:00:00+00:00,0.018469316898257895,-11.175633946877431,-2.23843030006834
2021-10-13 06:00:00+00:00,-0.015212068905417623,2.4997422983167956,1.396517345143279
2021-10-13 07:00:00+00:00,-0.007422898543071893,-5.300854478224155,-0.5631770958792051
2021-10-13 08:00:00+00:00,0.011936789081752303,2.4564422840156577,0.8709689508656524
2021-10-13 09:00:00+00:00,-0.0020556711097592106,3.0730818420545907,-0.052398517456282115
2021-10-13 10:00:00+00:00,-0.0008933745990952896,-0.42082512546976775,-0.08530109191532907
2021-10-13 11:00:00+00:00,-0.005209660265070052,4.729823609731013,-1.0550715958472077
2021-10-13 12:00:00+00:00,0.0016543200637937562,1.6228397915596693,0.0790857055682986
2021-10-13 13:00:00+00:00,0.008692605070560331,-6.519628249051559,0.06757213419111921
2021-10-13 14:00:00+00:00,-0.004763810831146574,3.853938683936602,0.8720124794188363
2021-10-13 15:00:00+00:00,-0.0009618833317967209,1.7716501142478753,-0.30183934046454536
2021-10-13 16:00:00+00:00,0.014580786235471254,0.2002083780821125,-0.4731120478862671
2021-10-13 17:00:00+00:00,0.0010765933983919024,2.0076206109506414,0.6183807368190248
2021-10-13 18:00:00+00:00,0.003999943684571759,-0.7337145151526223,-0.43338300141618813
2021-10-13 19:00:00+00:00,0.0012244071229264653,2.72081689489433,-0.25400750400874184
2021-10-13 20:00:00+00:00,0.013936964087064588,2.644739069297859,0.988475837085902
2021-10-13 21:00:00+00:00,-6.1009816447121585e-05,0.4765914845930839,0.23399743119721542
2021-10-13 22:00:00+00:00,0.008102427547663648,4.553004973720359,-0.2542067764780315
2021-10-13 23:00:00+00:00,0.0005025942329276114,-0.2863141961938549,-0.003384305200994378
2021-10-14 00:00:00+00:00,-0.0007427131193871409,-2.0156040715222963,1.3946651217319537
2021-10-14 01:00:00+00:00,0.011271003215936498,3.087834153241089,0.8193413061257213
2021-10-14 02:00:00+00:00,-0.0023853405126610227,0.8564094809609825,0.009057944826147869
2021-10-14 03:00:00+00:00,0.0017705281104154513,0.9158258203846732,-0.36717279486782217
2021-10-14 04:00:00+00:00,0.0025165536187348454,0.5615025129545753,-0.7955197373123162
2021-10-14 05:00:00+00:00,-0.004464339390162875,0.4123654461455752,0.5352954436731272
2021-10-14 06:00:00+00:00,-0.0028724133838709345,-0.12786103919990366,-0.06880817446516344
2021-10-14 07:00:00+00:00,0.0011659768584664793,-0.11844508389843295,-1.0128475149102119
2021-10-14 08:00:00+00:00,0.0038192952383857962,3.979234897051536,-0.4290760784814036
2021-10-14 09:00:00+00:00,-0.0033038357973700027,0.2807431207122835,0.5004635304288986
2021-10-14 10:00:00+00:00,0.002499921811739033,0.39911694110085555,0.08810306116913796
2021-10-14 11:00:00+00:00,0.025896952773800826,6.703961300117094,-0.5589421876546775
2021-10-14 12:00:00+00:00,-0.00016707760208224226,-2.8003609924470148,0.5322653566740824
2021-10-14 13:00:00+00:00,0.008168711972340455,0.12644180542767836,-0.524091481051394
2021-10-14 14:00:00+00:00,0.006164726282313186,1.8181152295186207,-2.3723794366546223
2021-10-14 15:00:00+00:00,0.004626262914735068,-1.042021646598469,-1.157694940214022
2021-10-14 16:00:00+00:00,-0.006823513541590685,-3.629148463698792,-0.3983160721433278
2021-10-14 17:00:00+00:00,0.001919328863268904,2.445299331812389,-0.5293839314639694
2021-10-14 18:00:00+00:00,0.0026472158403995465,0.8315180359168443,-0.8643337692602165
2021-10-14 19:00:00+00:00,-0.002431004356747234,-3.065000721763757,0.101305804661524
2021-10-14 20:00:00+00:00,-0.008789541187222246,-3.6891555534827454,-0.007215387494485085
2021-10-14 21:00:00+00:00,0.005244743567832186,4.2342953309222136,0.8566676835241113
2021-10-14 22:00:00+00:00,0.0014537151525776254,-1.3109348517491093,0.5431635973114758
2021-10-14 23:00:00+00:00,0.002309660752076138,1.3152988109087647,0.8311588882867716
2021-10-15 00:00:00+00:00,-0.006517853609420544,-6.630452679833223,0.5096508631885902
2021-10-15 01:00:00+00:00,-0.0046933604152349295,-0.4285256732325865,1.0919435977739236
2021-10-15 02:00:00+00:00,0.02201409851557942,10.666353959212021,-1.768340684366998
2021-10-15 03:00:00+00:00,-0.001994262527990125,0.5421100776412441,1.175434984435348
2021-10-15 04:00:00+00:00,0.0011200604957535294,2.4195936927234447,-2.044950137116266
2021-10-15 05:00:00+00:00,0.008650767576048657,2.594818202673001,-0.7031182912542598
2021-10-15 06:00:00+00:00,-0.005834180108287841,-1.0708489107820596,0.3872984629917275
2021-10-15 07:00:00+00:00,-0.005493094550728723,-1.5650235780203994,0.1437808009283261
2021-10-15 08:00:00+00:00,-0.009105984256836983,-10.49993030303444,-1.5971304267729962
2021-10-15 09:00:00+00:00,0.0038330668545265554,3.3224338376067304,0.26992751691615724
2021-10-15 10:00:00+00:00,0.0004081795975496108,0.20873484216033283,-0.1208586412915906
2021-10-15 11:00:00+00:00,-0.0008812386611102175,4.258126806481248,-0.9579376687708301
2021-10-15 12:00:00+00:00,-0.0024167780384455667,-1.0677410279737871,-0.058363244444681495
2021-10-15 13:00:00+00:00,0.011642486418279509,1.4435271270561052,0.33764284560581603
2021-10-15 14:00:00+00:00,-0.0018213136393472164,0.38367915089181287,0.01756873453166117
2021-10-15 15:00:00+00:00,-0.004779088594304768,-0.19724844357817448,0.04223314360804643
2021-10-15 16:00:00+00:00,0.017782834152914,7.288048504145794,1.587950684868514
2021-10-15 17:00:00+00:00,-0.0018205652345305622,0.921231717721654,1.704416560783446
2021-10-15 18:00:00+00:00,0.0053216000380165735,3.974766667916123,-1.4293146033651907
2021-10-15 19:00:00+00:00,-0.007427775382099457,-1.0054517071038105,-1.0091048770390296
2021-10-15 20:00:00+00:00,0.007933712566926722,2.8941683738624633,1.7294048125836745
2021-10-15 21:00:00+00:00,-0.0089856241828722,-6.186198058684745,-1.1845874441210045
2021-10-15 22:00:00+00:00,0.0012566813157528182,0.4939873123374115,-0.14513656482093792
2021-10-15 23:00:00+00:00,0.004962412323684599,1.1435729387637938,1.2761667519875808
2021-10-16 00:00:00+00:00,-0.005368704567602723,0.39089610074476516,-1.6294176829706615
2021-10-16 01:00:00+00:00,-0.0018947850370570017,-1.2293231520009529,0.2805438906168372
2021-10-16 02:00:00+00:00,0.004116997017130295,3.623001603598035,-1.354505848759636
2021-10-16 03:00:00+00:00,-0.002479643647268136,-4.048811134103063,1.5155902734047102
2021-10-16 04:00:00+00:00,-0.0021216692238482586,-0.5094086423674432,-1.3762173752527347
2021-10-16 05:00:00+00:00,0.004844529535960122,4.161875795200878,-0.5270445280224348
2021-10-16 06:00:00+00:00,-0.0014160295962262932,-0.23363428575837647,-0.38050882080591725
2021-10-16 07:00:00+00:00,0.0014328563120784383,-0.3494111006844762,-0.8941003204374759
2021-10-16 08:00:00+00:00,0.021218571468923503,5.487612917914251,0.4661079377162256
2021-10-16 09:00:00+00:00,-0.0015699691301686114,1.0052336702317184,0.18186633199449775
2021-10-16 10:00:00+00:00,0.0005448756104225414,0.9176495374655078,-0.17364690877987857
2021-10-16 11:00:00+00:00,0.00484603581613068,3.1503965563344334,0.7707616495480696
2021-10-16 12:00:00+00:00,-0.013692257031316808,-10.761669082418909,1.1532529803863145
2021-10-16 13:00:00+00:00,0.004946903437307766,5.897605466981537,-0.3273102553344897
2021-10-16 14:00:00+00:00,-0.004953081839023845,-0.7147712380319254,-0.13932558232549463
2021-10-16 15:00:00+00:00,0.002540884754182429,0.07057741777122092,-0.05556744731002001
2021-10-16 16:00:00+00:00,-0.0028791326931968536,-0.6638081474643809,-0.34669272809026963
2021-10-16 17:00:00+00:00,-0.006624114175756268,-2.77091728061546,-0.6009330309719612
2021-10-16 18:00:00+00:00,-0.00022889421651043834,0.5599811270669123,0.37761321124426145
2021-10-16 19:00:00+00:00,-0.007215980099974141,-2.8849085225373776,-0.5835672998259677
2021-10-16 20:00:00+00:00,-0.0018900161592210313,0.9797859340969433,-0.43680325682422294
2021-10-16 21:00:00+00:00,-0.0037627638193648634,-2.133149569790413,-0.5602857685116349
2021-10-16 22:00:00+00:00,0.0031236764597618568,2.3549445285125232,-0.10114367259678965
2021-10-16 23:00:00+00:00,0.0009402535413949724,-1.3087030342679167,0.017916922449206688
2021-10-17 00:00:00+00:00,0.0028057960874156044,-1.9921633427203873,0.16603246219257484
2021-10-17 01:00:00+00:00,0.002329360075466607,2.186177976526635,0.05269604394530933
2021-10-17 02:00:00+00:00,-1.5241291434043314e-05,-0.9429088906065953,0.3499286992548127
2021-10-17 03:00:00+00:00,0.007234125221277418,2.0600829895705797,0.4282993864155573
2021-10-17 04:00:00+00:00,-0.0007683311053840846,0.13323191735492387,-0.1116434701315117
2021-10-17 05:00:00+00:00,-0.004686237643796952,-2.7655244690906544,-0.4970730498889382
2021-10-17 06:00:00+00:00,0.0045860451962658685,2.390896616674668,-0.2983932555160084
2021-10-17 07:00:00+00:00,0.0013549781827865116,-2.253856433791831,-0.3021603005233725
2021-10-17 08:00:00+00:00,0.0023374040601085483,4.398437108658005,0.3802079432434311
2021-10-17 09:00:00+00:00,0.001696339194225614,0.5693332639938091,0.4766762639366223
2021-10-17 10:00:00+00:00,-0.0025237340171878745,-0.7557472746024082,-0.24765072281292333
2021-10-17 11:00:00+00:00,-0.00715044980984728,-2.3868295596722238,0.2086227545452941
2021-10-17 12:00:00+00:00,-0.0008057286874344383,0.5153827778610657,-0.6215339315964964
2021-10-17 13:00:00+00:00,0.0014758200837278702,1.534183906874746,-0.6686323234559916
2021-10-17 14:00:00+00:00,-0.0009146796250250878,-1.9355094835320525,-0.2162847096067165
2021-10-17 15:00:00+00:00,-0.01835362487749321,-7.725894911080249,-0.3048515103884598
2021-10-17 16:00:00+00:00,0.006480180830386527,1.03229865297868,0.19847978254157805
2021-10-17 17:00:00+00:00,-0.0019801325196880785,0.06314644387729497,-0.1878332029531831
2021-10-17 18:00:00+00:00,0.001772818590507617,1.6807517014803175,-0.8660084984588882
2021-10-17 19:00:00+00:00,-0.011979512315459944,-6.708552966469995,-0.6446222594651102
2021-10-17 20:00:00+00:00,-0.01761523715223351,-13.831288407031506,-1.272661754412678
2021-10-17 21:00:00+00:00,0.017802869240970465,9.57733066451045,0.3715150663557255
2021-10-17 22:00:00+00:00,0.017331349187249438,5.125295258017438,0.986204499710774
2021-10-17 23:00:00+00:00,0.0053040671944122614,2.1403657977554156,0.5923554649351235
2021-10-18 00:00:00+00:00,0.00771723996767636,4.397960557396237,1.8687763799951589
2021-10-18 01:00:00+00:00,-0.0006540199038749872,-1.8974028988229243,-0.27478434658770745
2021-10-18 02:00:00+00:00,-0.0035451184887487787,-0.41706975692768883,-0.46973740522062873
2021-10-18 03:00:00+00:00,-0.002322567338978368,-3.0254506327706476,-2.1054067686989275
2021-10-18 04:00:00+00:00,0.0032946335961338453,1.755643391701598,1.5874651867892777
2021-10-18 05:00:00+00:00,0.002631421133609221,-0.013332730279739871,0.08159611861573754
2021-10-18 06:00:00+00:00,-0.003661977109162209,0.16421662100031226,0.17129482036989502
2021-10-18 07:00:00+00:00,-0.0063618374580252605,-3.2347243934450103,-0.803994362263553
2021-10-18 08:00:00+00:00,-0.0038364008861348966,-0.11428304323794665,-0.5108925634355023
2021-10-18 09:00:00+00:00,-0.0064312794690325505,-3.139517764147438,-1.7872549090758711
2021-10-18 10:00:00+00:00,-0.003285248491536995,0.9602067175550324,-0.8218748388616038
2021-10-18 11:00:00+00:00,-0.011019018587471462,-4.777317940173223,-0.7612126187167891
2021-10-18 12:00:00+00:00,-0.004048138060512275,-0.8853859075178687,-0.9357830309481766
2021-10-18 13:00:00+00:00,0.020030402379710478,8.129551005747235,2.398407065335899
2021-10-18 14:00:00+00:00,-0.0044331618337314785,-2.5782244560672294,-0.37546960874555674
2021-10-18 15:00:00+00:00,-0.006991327053453026,-2.252249590013951,-3.4026330276154044
2021-10-18 16:00:00+00:00,-0.008364525459229092,-3.8665785977135276,-1.004738686317209
2021-10-18 17:00:00+00:00,7.926809881675651e-05,-0.8393445766865745,-0.22955086746490985
2021-10-18 18:00:00+00:00,-4.5712122919037496e-05,1.6324741967717153,1.4888440918414365
2021-10-18 19:00:00+00:00,0.004943284565551447,2.1337140166666084,-0.8018193821759111
2021-10-18 20:00:00+00:00,-0.0035284833986489092,0.8268553152006244,0.7002957089809768
2021-10-18 21:00:00+00:00,0.0029783095926366825,0.8076090703692851,0.9979019493237223
2021-10-18 22:00:00+00:00,0.0006514733668795398,0.5115739719398672,-0.6704700822262939
2021-10-18 23:00:00+00:00,-0.0004737310838339024,0.09481942755091453,-0.3961796469159919
2021-10-19 00:00:00+00:00,0.0012122935300592351,-1.8051681374995365,0.16424993352703374
2021-10-19 01:00:00+00:00,0.009704573137614764,4.704033823578963,0.8555499509659901
2021-10-19 02:00:00+00:00,-0.00016904626292806163,0.3404584630011059,-0.7524927869398236
2021-10-19 03:00:00+00:00,0.009990006910084207,4.969316273547999,-0.2653970823765981
2021-10-19 04:00:00+00:00,-0.0018735890114991642,-1.1489490797812618,-0.3677096015658505
2021-10-19 05:00:00+00:00,0.0009004481080814213,-0.4782453234677904,0.38433058579439877
2021-10-19 06:00:00+00:00,-0.0085771147746004,-4.276257989690822,-0.8956696883923944
2021-10-19 07:00:00+00:00,0.005800527992761515,2.3714301144045598,0.4026759734406309
2021-10-19 08:00:00+00:00,0.0003019904766776905,0.7833488596669991,-0.8949602473590049
2021-10-19 09:00:00+00:00,-0.004600184800167095,-1.955589712209279,-0.2724751085512808
2021-10-19 10:00:00+00:00,-0.0002587398988499927,-0.013501674290532173,-0.315641104734237
2021-10-19 11:00:00+00:00,0.0020013003265689153,1.1833188127267555,0.11863202509878479
2021-10-19 12:00:00+00:00,0.0008987153479810699,-0.0359290505042307,-0.09894551739236274
2021-10-19 13:00:00+00:00,0.0015750441167515757,-1.6135717487965913,0.6739735228630536
2021-10-19 14:00:00+00:00,-0.0017028716248402118,-1.9980481701339439,-1.1067375933627253
2021-10-19 15:00:00+00:00,-0.0069492949326776556,-2.904401390561042,-0.6204587005640441
2021-10-19 16:00:00+00:00,0.007675428468919851,3.2140318352318933,0.16567018933589514
2021-10-19 17:00:00+00:00,0.0015522335936643838,1.3791010953071257,0.3796212499683782
2021-10-19 18:00:00+00:00,-0.0012465192225627113,-2.565989095979667,-0.015196992471770775
2021-10-19 19:00:00+00:00,0.0020225294848339394,-0.29801811361788644,-0.5083609043522804
2021-10-19 20:00:00+00:00,-0.0029265463728637324,-1.3217007441174469,-0.6403866696399024
2021-10-19 21:00:00+00:00,0.001732384574087404,2.602837730462567,-0.07206976504028165
2021-10-19 22:00:00+00:00,0.018529023753070865,4.534438878019528,1.216785382304046
2021-10-19 23:00:00+00:00,-0.0010884324056355194,0.03145595372835093,0.022169434992906502
2021-10-20 00:00:00+00:00,-0.0020257825990790696,-1.0225815433746992,-0.5507017881789755
2021-10-20 01:00:00+00:00,-0.00278865608970434,-0.7224252495638465,0.06188001454863143
2021-10-20 02:00:00+00:00,-0.003248024288101007,-0.2225960291058658,-0.9151355781399567
2021-10-20 03:00:00+00:00,-0.0006402430398802151,-1.6062392152560852,0.5110032575376285
2021-10-20 04:00:00+00:00,0.003389291934494075,2.3838260239946956,-1.2129272684792203
2021-10-20 05:00:00+00:00,-0.0043138602169468365,-2.0015265061689194,-0.9435410756702957
2021-10-20 06:00:00+00:00,-0.0007057663065161385,1.2390182091901398,-0.26498205899793603
2021-10-20 07:00:00+00:00,0.005567790634996599,2.624826799039252,0.013947881343667666
2021-10-20 08:00:00+00:00,-0.0027640945947929466,2.0093700570873914,0.442288187373012
2021-10-20 09:00:00+00:00,0.004629608990060988,1.0828357831843025,0.18727322061284482
2021-10-20 10:00:00+00:00,-0.003975271822983179,0.07527540620863997,-0.054510558005996176
2021-10-20 11:00:00+00:00,0.0016742764540476495,2.9111355626783464,-0.060396487176310534
2021-10-20 12:00:00+00:00,0.018451814891720868,5.663288595081729,1.2229246350255638
2021-10-20 13:00:00+00:00,0.018528343456736436,5.9385916007726856,1.019631095707889
2021-10-20 14:00:00+00:00,0.010512487195796186,3.811053721632387,2.055578640463432
2021-10-20 15:00:00+00:00,0.007509176269712104,4.968797988897689,1.0918771147072368
2021-10-20 16:00:00+00:00,-0.0014225590376621465,5.121399218982506,-2.1861727611566204
2021-10-20 17:00:00+00:00,-2.1978161419491762e-05,-2.474295640233479,-0.7023167537978126
2021-10-20 18:00:00+00:00,0.011041669646610694,5.061159965663315,0.24037926736199364
2021-10-20 19:00:00+00:00,-0.005145673019006339,1.587325331051489,-0.748238231679301
2021-10-20 20:00:00+00:00,0.0021721430044320685,-1.3549832113238134,-0.7181705004207164
2021-10-20 21:00:00+00:00,0.0015158624025377392,-0.3671862208944112,0.30925387368967777
2021-10-20 22:00:00+00:00,0.002428741008444157,-2.3034597045815843,0.1371038144713666
2021-10-20 23:00:00+00:00,0.008438891562964658,4.875501127915679,-0.7675198870497317
2021-10-21 00:00:00+00:00,0.006356124234575093,5.465242772595329,2.482418903948788
2021-10-21 01:00:00+00:00,0.0019161177639615678,-3.980090638703426,-0.4296491410035801
2021-10-21 02:00:00+00:00,-0.0005527820785653383,-0.2307878960421403,0.41887382304997495
2021-10-21 03:00:00+00:00,-0.0018501713181758922,-0.5492494137289926,-0.6613241085380592
2021-10-21 04:00:00+00:00,-0.003542717160145073,-0.9876530287524143,-0.690537471893525
2021-10-21 05:00:00+00:00,0.0013237202324861924,1.2409992901889846,0.009520627408712318
2021-10-21 06:00:00+00:00,-0.0042303859102700205,-3.502672358391438,0.00915180282608595
2021-10-21 07:00:00+00:00,0.0007140569065668423,3.050626309920162,-0.12329515833332279
2021-10-21 08:00:00+00:00,0.006176084909014378,5.705279391833422,1.0674558623877983
2021-10-21 09:00:00+00:00,0.022533064275524494,6.735865770704847,1.8295698474424538
2021-10-21 10:00:00+00:00,0.00117276816713827,0.07415581761518608,-0.9322879035948575
2021-10-21 11:00:00+00:00,-0.018460395766711615,-13.671788174790677,-0.17427105432537088
2021-10-21 12:00:00+00:00,0.001971826572355692,4.18665735635584,0.4579396548125864
2021-10-21 13:00:00+00:00,-0.0026770406187518318,-0.7215618822598805,0.6795222300086355
2021-10-21 14:00:00+00:00,-0.021846965825505233,-10.614601632387984,-0.8757795839267153
2021-10-21 15:00:00+00:00,-0.004804841045333323,-3.436746143851371,-0.10998973137654394
2021-10-21 16:00:00+00:00,-0.0077120306127424435,-2.669881332796254,-0.913401536496834
2021-10-21 17:00:00+00:00,-0.002230783298964589,-2.371823731954683,0.2554233876869164
2021-10-21 18:00:00+00:00,0.004357245148213061,3.100868276797005,-0.14667517985199585
2021-10-21 19:00:00+00:00,0.0037403266759800323,0.9360639472762663,0.06398595144861711
2021-10-21 20:00:00+00:00,0.002253127453538658,0.34634391052250724,-0.26447736607305483
2021-10-21 21:00:00+00:00,-0.00031804486866759355,2.0690041830743318,0.14985849312192867
2021-10-21 22:00:00+00:00,-0.004279120187078928,-4.858153687010335,-1.6114635893603182
2021-10-21 23:00:00+00:00,-0.005125846987023053,-0.31790408876498577,1.5155359409362001
2021-10-22 00:00:00+00:00,0.012536307610393012,10.380866198808814,2.432243079391115
2021-10-22 01:00:00+00:00,-0.003593007056899341,-0.9975681798743193,-0.6595454320117033
2021-10-22 02:00:00+00:00,0.0020579071303449634,0.3012754502804449,-0.026597905140848033
2021-10-22 03:00:00+00:00,0.009847593439526115,5.914547445431856,0.1865428462727099
2021-10-22 04:00:00+00:00,-0.0018141626177377254,,
2021-10-22 05:00:00+00:00,-0.0042140773279090256,-0.21265183711123906,0.23319495113542832
2021-10-22 06:00:00+00:00,-0.0014693868926548737,-2.8089700363371453,-1.1348814904467015
2021-10-22 07:00:00+00:00,0.006367918824315245,4.995206712409687,-1.038295555047758
2021-10-22 08:00:00+00:00,0.001770987078574174,2.423213641379253,0.384218550173297
2021-10-22 09:00:00+00:00,-0.006046836891228789,-2.1634925896333166,-1.659192344026799
2021-10-22 10:00:00+00:00,-0.0023225884506512147,0.42495990643102866,-0.38841727789344715
2021-10-22 11:00:00+00:00,0.0026353293049702353,2.7171840340034734,-0.23390516506343553
2021-10-22 12:00:00+00:00,0.002268316159838719,2.4693699214600313,1.8504874318728175
2021-10-22 13:00:00+00:00,-0.016396415588093627,-10.220485728658772,-0.3157951108908884
2021-10-22 14:00:00+00:00,-0.008543080565602401,-2.174484349729793,-1.7346092410176608
2021-10-22 15:00:00+00:00,-0.012190197293557178,-5.586579667878981,-2.082408574898711
2021-10-22 16:00:00+00:00,0.000778557029797336,5.365785661116681,0.2035442012713788
2021-10-22 17:00:00+00:00,-0.006831336768946552,-5.250671412590508,-1.06362266063579
2021-10-22 18:00:00+00:00,0.004912124438222251,2.6023701738978127,0.021439708159205387
2021-10-22 19:00:00+00:00,0.005897170300790433,1.5985031171298196,-0.6237116188078631
2021-10-22 20:00:00+00:00,-0.001119653307673776,-0.1889506241828675,-0.9628087763618975
2021-10-22 21:00:00+00:00,-0.005907673282123498,-6.297999336336003,-0.2957815809807362
2021-10-22 22:00:00+00:00,0.004020712880335053,6.068798542344832,-0.00478723369899809
2021-10-22 23:00:00+00:00,0.0010030747677091756,1.0288960208588473,0.025754209563093038
2021-10-23 00:00:00+00:00,0.0063164367691971235,1.918617064645104,0.5753757912595556
2021-10-23 01:00:00+00:00,0.0014167704374270348,-0.9695370584631076,0.2308503018777306
2021-10-23 02:00:00+00:00,0.0032365535368567093,1.674970712454339,0.5244944798120125
2021-10-23 03:00:00+00:00,-0.0013172450014940023,1.229418789021518,-0.7612279510930616
2021-10-23 04:00:00+00:00,0.002946502901622878,0.8985100668036436,0.28990606181197626
2021-10-23 05:00:00+00:00,-0.004842944384277084,-2.8562145964413936,-0.3664005951086618
2021-10-23 06:00:00+00:00,0.00385997709535308,1.873287412003536,0.5961498622622772
2021-10-23 07:00:00+00:00,-0.003566433237387572,-0.2174091760551575,0.0839390477175088
2021-10-23 08:00:00+00:00,-0.00792522197021896,1.601417873200064,0.185735298977366
2021-10-23 09:00:00+00:00,0.011833203223990653,-5.054240569906927,-0.15195234125311874
2021-10-23 10:00:00+00:00,0.010051030770226777,-5.419113181442702,0.3382284781252526
2021-10-23 11:00:00+00:00,-0.014584351553691068,11.219269287330578,-1.95198449050686
2021-10-23 12:00:00+00:00,-0.0012271006579004215,0.34521088913737563,-0.8810677364956881
2021-10-23 13:00:00+00:00,0.0022379423663382208,-1.3787503350205599,0.7440165526899335
2021-10-23 14:00:00+00:00,-0.0005776296808195226,-1.1450895546130166,1.1152090946439646
2021-10-23 15:00:00+00:00,-0.006567898563775788,5.220263773264258,0.010977191966583644
2021-10-23 16:00:00+00:00,0.0012881273605569786,-2.677543729471716,3.294788453909985
2021-10-23 17:00:00+00:00,0.0034526586222285113,-0.7041108572895042,1.6114753699624509
2021-10-23 18:00:00+00:00,0.0006811273044018729,0.2406693230576107,1.008305304027525
2021-10-23 19:00:00+00:00,-0.0007020898350909368,-1.510928787100929,-0.3615415345049443
2021-10-23 20:00:00+00:00,-0.0034347354466474074,2.2544900591593153,-0.336711200407512
2021-10-23 21:00:00+00:00,-0.0007126638486203936,0.6010704786515787,1.2437429257965822
2021-10-23 22:00:00+00:00,0.0033739162432474047,0.9137973788363224,-0.5789555379084722
2021-10-23 23:00:00+00:00,-0.005223419938216892,4.237245822494564,-0.04139325786763809
2021-10-24 00:00:00+00:00,-0.004290149568135922,-0.8140867029649484,2.296878420060296
2021-10-24 01:00:00+00:00,-0.001781176231409286,-0.4846280509579032,0.5617143109330569
2021-10-24 02:00:00+00:00,0.0007837908364691197,0.4920556207558539,-0.3530030822147946
2021-10-24 03:00:00+00:00,-0.0014299543993648892,1.2116542037252938,1.0948653125569738
2021-10-24 04:00:00+00:00,-0.0036050261741195507,-2.4217816345255647,0.6672196388385265
2021-10-24 05:00:00+00:00,0.0017472628055930598,-0.6637349043419535,0.6116871186079225
2021-10-24 06:00:00+00:00,-0.004705165513262746,-2.113708939603756,1.5921220690484887
2021-10-24 07:00:00+00:00,0.0007288653491723581,0.871109837447296,0.2351156963275718
2021-10-24 08:00:00+00:00,-0.004219837043212234,-2.2766458731848593,-0.513853993177353
2021-10-24 09:00:00+00:00,0.003594746960808053,1.6858983004051822,0.3653916944877722
2021-10-24 10:00:00+00:00,5.5693301220512824e-05,0.8052961299747047,1.0671632547011152
2021-10-24 11:00:00+00:00,-0.012775167530253758,-7.687878692385065,1.8440078161692746
2021-10-24 12:00:00+00:00,-5.063884032751991e-05,-0.12110455499390205,-0.5644933429298706
2021-10-24 13:00:00+00:00,0.0014966890579643883,-0.4354777403224892,0.30964900323189215
2021-10-24 14:00:00+00:00,-0.006418219066774543,-3.8297790370806597,0.6471410209309579
2021-10-24 15:00:00+00:00,-0.006764490925155723,-5.534960569000618,-0.7211914620185119
2021-10-24 16:00:00+00:00,0.004923204600401205,4.822860155693354,-0.2011465657955044
2021-10-24 17:00:00+00:00,-0.0011645761394931786,-1.2201686293362521,0.9613614078740419
2021-10-24 18:00:00+00:00,-0.006908358024760349,-7.415879977790981,2.3480058146432
2021-10-24 19:00:00+00:00,0.007463306791281226,5.834099204426776,-0.5482653668789039
2021-10-24 20:00:00+00:00,0.006842409965190029,3.647074026098191,1.7886770519239883
2021-10-24 21:00:00+00:00,0.0023324647112021014,2.331046256899163,0.02218385286441052
2021-10-24 22:00:00+00:00,-0.0017027609947441967,-0.077638597817689,0.8952994647930935
2021-10-24 23:00:00+00:00,0.001614408792484455,0.31262300606149385,1.01014605687904
2021-10-25 00:00:00+00:00,0.007879294628013582,6.503048986307947,-1.0340408287885219
2021-10-25 01:00:00+00:00,-0.0024868844297558867,1.183723642593396,-1.687182950510249
2021-10-25 02:00:00+00:00,0.0026949016098499878,1.1057918144994165,-0.41898103999917835
2021-10-25 03:00:00+00:00,0.0013958252944008135,1.7045912773439373,1.0358629897126306
2021-10-25 04:00:00+00:00,0.00226177308002155,3.004077219439664,0.8118082966959227
2021-10-25 05:00:00+00:00,-0.004420956135625912,-0.64010828553859,1.152789452593222
2021-10-25 06:00:00+00:00,-0.00029637896787145223,0.09343912791208894,0.06653081884418717
2021-10-25 07:00:00+00:00,0.006692132026743691,3.845855808792653,-0.39244245129416067
2021-10-25 08:00:00+00:00,-0.0069902479372102415,-0.19212551044266196,-0.19106476826129126
2021-10-25 09:00:00+00:00,0.0027161426686356316,-0.4265381161298404,0.2659736887222997
2021-10-25 10:00:00+00:00,-0.0008924652241403633,-0.4403741183213877,-1.480150102806107
2021-10-25 11:00:00+00:00,0.000415807164110261,0.6221540370454445,0.8566048311294074
2021-10-25 12:00:00+00:00,-0.004231964584157766,-0.21050395377187547,-1.5001710745623926
2021-10-25 13:00:00+00:00,0.006930993115354166,3.9478267813746557,0.6494243331816089
2021-10-25 14:00:00+00:00,-0.0028551976217857868,0.10046093625263659,0.6302432009626997
2021-10-25 15:00:00+00:00,0.012151703336683965,3.633301414397878,-1.676233141656664
2021-10-25 16:00:00+00:00,0.003644578559324568,0.7533550245148802,0.9872861279091825
2021-10-25 17:00:00+00:00,-0.008766957927790708,-5.04670445144995,1.1688148279391586
2021-10-25 18:00:00+00:00,0.002786024474865806,1.247889185193213,1.591780509165523
2021-10-25 19:00:00+00:00,-0.003553562326362186,-2.424060913045919,0.20776105562251523
2021-10-25 20:00:00+00:00,-0.00033905190199711056,0.6098477576743334,0.4390551847839134
2021-10-25 21:00:00+00:00,0.002334045345480045,1.0042360397175774,1.3859682955752706
2021-10-25 22:00:00+00:00,0.00586018858025978,3.64341318534916,-0.3432542573080719
2021-10-25 23:00:00+00:00,0.0011615308085723708,1.6963110809374589,1.1611245852193246
2021-10-26 00:00:00+00:00,0.00348945342281257,5.377374339132073,0.1274672036007818
2021-10-26 01:00:00+00:00,-8.87770684610718e-05,-0.4232960300575423,1.2409912201970816
2021-10-26 02:00:00+00:00,0.0018561020956226935,3.599567523289524,0.2544104375891432
2021-10-26 03:00:00+00:00,0.0033302791357069793,3.0274998961669586,0.7299813852706076
2021-10-26 04:00:00+00:00,-0.002231716866967803,-3.3512179193375897,1.112347974855955
2021-10-26 05:00:00+00:00,-0.0004985109553227165,1.9526037072227018,0.6965009361290563
2021-10-26 06:00:00+00:00,-0.001611438114112697,0.8204415925580419,0.9288052524599569
2021-10-26 07:00:00+00:00,-0.0009709749236533354,3.8116309651329185,1.501080151269822
2021-10-26 08:00:00+00:00,0.004405819489429158,3.6131193519606315,-1.2625547102050663
2021-10-26 09:00:00+00:00,-0.0018799946876207512,-0.873010104672387,0.6107960037518871
2021-10-26 10:00:00+00:00,0.0017994412477598256,0.7675643104413493,-0.19825128216266588
2021-10-26 11:00:00+00:00,-0.0024808409185358383,-3.0964112733563445,-0.14182761837478264
2021-10-26 12:00:00+00:00,-0.0029821428108439854,1.3113263948327005,3.2306305952860837
2021-10-26 13:00:00+00:00,0.000597453406893572,-2.2601147701581055,0.07778540598461518
2021-10-26 14:00:00+00:00,-0.006480050460759169,-4.8807555229379425,3.4813730930294193
2021-10-26 15:00:00+00:00,0.0038829966565367435,6.85130816195335,0.8864813187531356
2021-10-26 16:00:00+00:00,-0.0031353810480682347,-2.8937440471407734,0.353913650811317
2021-10-26 17:00:00+00:00,0.010298299127729178,7.271841954091107,2.0035345576050743
2021-10-26 18:00:00+00:00,-0.0006620020672757026,0.7154793741530024,-0.6364607402506117
2021-10-26 19:00:00+00:00,0.0012030923639759206,-0.04512740813119176,-2.0728105033418927
2021-10-26 20:00:00+00:00,0.011434191472509658,3.743339021149836,-1.4258304889700826
2021-10-26 21:00:00+00:00,-0.011758193006599594,-10.572279311215766,-0.7059778444573281
2021-10-26 22:00:00+00:00,-0.016969085052450174,-12.367643894978226,1.3508696171356407
2021-10-26 23:00:00+00:00,0.0015113670434192315,4.111607295613977,-1.115071294265564
2021-10-27 00:00:00+00:00,0.00598742421099815,7.167556221728507,2.961355828648586
2021-10-27 01:00:00+00:00,-0.0011332501649180338,-1.8910532735675265,-0.8375903301913193
2021-10-27 02:00:00+00:00,0.007395002473946972,1.6355299326182462,0.21725355293682957
2021-10-27 03:00:00+00:00,0.005128438800048871,3.616497962009982,-1.2191734924122852
2021-10-27 04:00:00+00:00,0.015424629741445324,5.459316449076188,-1.8767385411678779
2021-10-27 05:00:00+00:00,-0.0004235724971603481,-4.46104474646795,-0.1233834923661139
2021-10-27 06:00:00+00:00,-0.008158216364418549,0.8302248719606108,-1.1097014262387779
2021-10-27 07:00:00+00:00,-0.019829265040058087,-20.03055499410805,-0.5622728761950195
2021-10-27 08:00:00+00:00,-0.017598649150916586,-20.646126001496793,5.600727416856073
2021-10-27 09:00:00+00:00,-0.005326852258480178,-7.727353433017441,-4.597546411105943
2021-10-27 10:00:00+00:00,0.00015780242024641885,3.6696800294423797,-1.901435709620438
2021-10-27 11:00:00+00:00,-0.0056434065569938895,-4.9722989028600955,-0.8372825965922568
2021-10-27 12:00:00+00:00,0.003932606697963605,8.20121364949946,-3.4414536636275397
2021-10-27 13:00:00+00:00,-0.003247713294915333,-4.392251338388435,-0.061335755161523633
2021-10-27 14:00:00+00:00,0.004532663115494804,6.125522915944536,-0.6283261128597531
2021-10-27 15:00:00+00:00,-0.0041273488781206815,-5.6271021126590215,1.120456389083805
2021-10-27 16:00:00+00:00,-0.002800649915843996,0.20491534909536588,-1.6372041894543254
2021-10-27 17:00:00+00:00,0.0014891801326965303,-1.2795247326354953,0.5820754969055438
2021-10-27 18:00:00+00:00,-0.003818490881830703,-2.1730055817608593,1.5158234865672593
2021-10-27 19:00:00+00:00,0.006750902205638324,2.0453441719986754,0.016797369159197467
2021-10-27 20:00:00+00:00,-0.0037192774740084904,-1.4455818703644685,-0.7202121408035951
2021-10-27 21:00:00+00:00,0.0021068609880981718,3.0337148911305927,-0.07094587779182145
2021-10-27 22:00:00+00:00,-0.003799150873768338,-4.043369208471317,1.0211734781445336
2021-10-27 23:00:00+00:00,-0.011110823031768453,-8.247655819622985,-1.5793278086174596
2021-10-28 00:00:00+00:00,-0.0021855932256279213,-1.339339173256409,-0.115984655885454
2021-10-28 01:00:00+00:00,0.01776199116195931,12.847539617430309,0.42848339657974394
2021-10-28 02:00:00+00:00,0.0003335054033827305,0.11548486040199187,0.5510205038951578
2021-10-28 03:00:00+00:00,-0.00010128706284182696,-1.5714636511624223,1.1506998618424322
2021-10-28 04:00:00+00:00,-0.00043633100720744556,-0.20131907835778348,-0.9843259904876316
2021-10-28 05:00:00+00:00,0.007117810427545218,5.401462512482801,-3.5490129020068686
2021-10-28 06:00:00+00:00,0.001185808059499797,-0.672218634252085,-2.295709601650777
2021-10-28 07:00:00+00:00,-0.002240001520295303,-1.7895108483234956,5.405704078614714
2021-10-28 08:00:00+00:00,0.0297628526788334,20.249688899366472,4.112044697435169
2021-10-28 09:00:00+00:00,0.005835956204265376,0.6847984151700113,-2.520843843114761
2021-10-28 10:00:00+00:00,-0.0044689148954876,-3.217952209558377,-1.5606385208993414
2021-10-28 11:00:00+00:00,0.0007201298522544189,-0.966499425131894,0.6745782749150713
2021-10-28 12:00:00+00:00,0.004294561455275291,3.503182547620751,0.6966254497788038
2021-10-28 13:00:00+00:00,0.0036247532687108215,1.8822398669451823,-0.9515931035514715
2021-10-28 14:00:00+00:00,-0.0010294555743527796,-0.6700008957205692,1.0969581879447223
2021-10-28 15:00:00+00:00,-0.0076333890681523145,-1.9199671727761891,1.6350755758413853
2021-10-28 16:00:00+00:00,0.0072875916462470745,1.2414553281299148,1.5523647228314135
2021-10-28 17:00:00+00:00,0.009296626017859178,0.9938798380474516,1.252535983619237
2021-10-28 18:00:00+00:00,-0.009851624782650111,-8.252380024285195,-1.0031578474963965
2021-10-28 19:00:00+00:00,0.019967485269029563,9.855584750323484,0.6396523731735431
2021-10-28 20:00:00+00:00,-0.0018339482299817539,-0.652395351147381,1.2568198539217565
2021-10-28 21:00:00+00:00,-0.0012081169584700117,-3.842903901613566,-1.6061586883855867
2021-10-28 22:00:00+00:00,-0.0004440343439215739,0.9079797500382711,-0.19876183189604843
2021-10-28 23:00:00+00:00,0.006793064924438951,1.7711149860678916,-0.23523164735514884
2021-10-29 00:00:00+00:00,0.015224646628541163,7.654650397037877,-0.24703907157249425
2021-10-29 01:00:00+00:00,0.0001783796921582406,3.1431705752454957,0.5179762526247161
2021-10-29 02:00:00+00:00,0.002253824003809418,1.4090399546842751,1.074726196387943
2021-10-29 03:00:00+00:00,0.0037689970050758166,2.455773094187253,-0.3464207717136477
2021-10-29 04:00:00+00:00,-0.005511806287119637,-0.26683793310046616,-0.5237629335530195
2021-10-29 05:00:00+00:00,-0.006088435306562422,-5.558928427251453,-1.6987644736781575
2021-10-29 06:00:00+00:00,0.0028278170147181684,2.8967343798147174,-0.5586621350384946
2021-10-29 07:00:00+00:00,-0.007028309227177791,-5.5658975766126195,-0.1678293677149845
2021-10-29 08:00:00+00:00,0.006054282312410083,4.8197328226801694,-0.12870252014005304
2021-10-29 09:00:00+00:00,-0.0024593866005119523,-1.6038719237372476,1.0516119315652583
2021-10-29 10:00:00+00:00,-0.0002829241265633689,0.7229886158996075,0.3249547180266256
2021-10-29 11:00:00+00:00,-0.0017141371667560121,-0.7939442609954361,0.43902678632498054
2021-10-29 12:00:00+00:00,-0.0016280117527168675,-0.2961355523101132,0.534173175023255
2021-10-29 13:00:00+00:00,0.007949100171713316,5.374880514306908,-0.26963119613225134
2021-10-29 14:00:00+00:00,-0.004260831303170096,-4.117697032730772,-0.3776150571953442
2021-10-29 15:00:00+00:00,0.016748434477307245,8.15099514968141,-0.032661683817557546
2021-10-29 16:00:00+00:00,-0.0061407725255416355,2.660157671151493,0.1503620281791232
2021-10-29 17:00:00+00:00,-5.025109320893264e-05,-1.648392069731062,-0.31040026825626976
2021-10-29 18:00:00+00:00,-0.0071989233098280715,-3.109324281960672,0.8513348019790964
2021-10-29 19:00:00+00:00,0.004916611600381627,2.1857030090676113,-0.17276232665413496
2021-10-29 20:00:00+00:00,0.00015113454217291004,-0.5406673450454113,0.5754968079752621
2021-10-29 21:00:00+00:00,0.0028430119629635512,0.2681463319441905,0.1764612564380622
2021-10-29 22:00:00+00:00,0.00045808397664322546,0.20614518632847242,0.9439695418347434
2021-10-29 23:00:00+00:00,0.0005435099307365919,0.4135663326832791,0.2554253962438771
2021-10-30 00:00:00+00:00,-0.009534169998341686,-5.002362464761196,-0.6640147860116514
2021-10-30 01:00:00+00:00,-0.0020655594031996688,-0.3728359381430989,-0.7843566083186321
2021-10-30 02:00:00+00:00,0.001337209278240899,-0.7990276001316171,1.0478467195601666
2021-10-30 03:00:00+00:00,-0.002426762656786256,-2.5606422732332756,0.2102867540852278
2021-10-30 04:00:00+00:00,-0.0017132218420665864,0.9240955713830246,0.35624839702166095
2021-10-30 05:00:00+00:00,0.002821940815263018,2.3327878022307753,1.4217066518294974
2021-10-30 06:00:00+00:00,0.0007314377285297586,1.1320274622438562,-0.49401230972840215
2021-10-30 07:00:00+00:00,-0.002935505596202213,0.13301834841013294,-0.6981517216205811
2021-10-30 08:00:00+00:00,-0.004705009296826081,-4.350448831862188,0.48013067272147913
2021-10-30 09:00:00+00:00,-0.00035765157246002866,1.0161110409653316,-0.5540444239631319
2021-10-30 10:00:00+00:00,0.004633177286947565,3.661811683452162,-1.2823954175423895
2021-10-30 11:00:00+00:00,-0.0026262800700391953,1.2448825828170784,-0.4486800290319869
2021-10-30 12:00:00+00:00,-0.0019648563786496347,-0.19278041084807296,0.9493120084003849
2021-10-30 13:00:00+00:00,-0.0023977741933305183,-0.931139382854353,1.2506438005251326
2021-10-30 14:00:00+00:00,-0.0052953978563015066,-4.605353819212596,1.4630880542455045
2021-10-30 15:00:00+00:00,0.0005066645310943117,2.8224031295620304,-1.139005889121579
2021-10-30 16:00:00+00:00,0.0017905819140288611,-2.4333872838398904,-0.15733160828171514
2021-10-30 17:00:00+00:00,0.002999437378084387,2.1796760397118486,-1.1312201739920096
2021-10-30 18:00:00+00:00,0.002883113852204206,4.066404318230569,0.8539519413633568
2021-10-30 19:00:00+00:00,0.0028055116982363287,0.6716302297395987,0.7409773887995105
2021-10-30 20:00:00+00:00,-0.004812863806677198,-2.301762333790512,-1.2473454052986306
2021-10-30 21:00:00+00:00,-0.0049132649416927425,-1.09537920337524,-2.838779374302252
2021-10-30 22:00:00+00:00,0.0009312982362157637,-2.5388374277021883,-3.73415911427163
2021-10-30 23:00:00+00:00,0.005887202885437693,5.398448466438954,-2.78062723951356
2021-10-31 00:00:00+00:00,0.01201568617648198,4.360368880450734,-0.27515315446076005
2021-10-31 01:00:00+00:00,-0.00471269381089872,-3.7330998813124783,-1.62058993695884
2021-10-31 02:00:00+00:00,0.0013048162726878958,1.8623150751264428,2.478604708512142
2021-10-31 03:00:00+00:00,0.0007673703434179924,0.2150961058317228,1.445228715156179
2021-10-31 04:00:00+00:00,-0.0015084824155469653,-0.1549857029704334,2.8426622485951523
2021-10-31 05:00:00+00:00,-0.006422338983780664,-1.0112891774054749,-1.9907012246948426
2021-10-31 06:00:00+00:00,-0.0018118793697600181,-1.6542743700941787,1.3791765189668788
2021-10-31 07:00:00+00:00,-0.0002647747575456124,1.6852470924924656,-1.3945027163697248
2021-10-31 08:00:00+00:00,-0.0075236217106770045,-6.5824455268233235,-0.5420111483756536
2021-10-31 09:00:00+00:00,-0.0023259166748157293,1.7753155942916001,-3.4845445963184605
2021-10-31 10:00:00+00:00,-0.0013933804300722684,-2.5654853583220616,1.6534895415081614
2021-10-31 11:00:00+00:00,-0.0077709302473130525,-4.831520447997862,-1.025066520940637
2021-10-31 12:00:00+00:00,-0.003002976577893367,-0.6883650687062605,-0.5711284381157541
2021-10-31 13:00:00+00:00,0.004583243980086808,0.5300073005506014,-0.4827177654820558
2021-10-31 14:00:00+00:00,0.000931070623334183,0.7404455500962905,-1.4270242386955299
2021-10-31 15:00:00+00:00,0.0020998859095942555,1.947561383835486,-1.4909918822270225
2021-10-31 16:00:00+00:00,0.003850183569294257,3.6636494832599955,0.5435251829486429
2021-10-31 17:00:00+00:00,0.00045642504569469883,0.9526496863583188,-0.04258374908127971
2021-10-31 18:00:00+00:00,0.002023891744454257,-0.38998178368164166,-0.007966412675519037
2021-10-31 19:00:00+00:00,-0.0011383795841171862,0.598111770468333,1.5723322391822532
2021-10-31 20:00:00+00:00,0.003349099795024823,2.529515401021062,-1.2534043046746646
2021-10-31 21:00:00+00:00,0.008496500365812178,5.818939750585309,-1.0587498922218266
2021-10-31 22:00:00+00:00,-0.0034382563700557566,-0.10665432615306905,-1.4363179513115114
2021-10-31 23:00:00+00:00,-0.0009287955144902165,0.5666187258326048,0.9905193873717145
2021-11-01 00:00:00+00:00,0.005989674575993822,3.224009303429585,0.7828204896575146
2021-11-01 01:00:00+00:00,-0.004039028138555491,-3.7925062675008063,0.7476908362567244
2021-11-01 02:00:00+00:00,-0.009829576496601286,-7.172226975843279,-0.9997047520168467
2021-11-01 03:00:00+00:00,-0.008184770820609902,-6.536918729975416,-0.785559002998856
2021-11-01 04:00:00+00:00,0.006498121846277077,5.576131573877512,0.23755637516620215
2021-11-01 05:00:00+00:00,-0.00036083873545697553,1.4223165934341062,-0.9294728749311352
2021-11-01 06:00:00+00:00,0.0031448648579407833,2.2928339322393287,-0.036520121804825216
2021-11-01 07:00:00+00:00,0.010284130527519045,8.93168985183622,0.4571499689212174
2021-11-01 08:00:00+00:00,0.001669054996006008,-1.2638812998243387,-1.2253142368517407
2021-11-01 09:00:00+00:00,-5.642303730089527e-05,2.3380693096204523,0.26323317053912676
2021-11-01 10:00:00+00:00,0.0021388920584707928,-0.5070034214163508,1.7784607887857975
2021-11-01 11:00:00+00:00,-0.001760119127783068,-2.6986896877104973,-0.4448368928091691
2021-11-01 12:00:00+00:00,0.006491473866400442,1.321291882971835,1.6520140546023452
2021-11-01 13:00:00+00:00,0.004843199676587717,4.909471969377011,-0.6270290813336333
2021-11-01 14:00:00+00:00,-0.0021178128333950415,-3.019785802206507,-0.4058450531445836
2021-11-01 15:00:00+00:00,-0.0026085589498528643,4.198500738172111,-0.33072781662098605
2021-11-01 16:00:00+00:00,0.001194506695311195,-3.7837498421691227,-1.552491980109319
2021-11-01 17:00:00+00:00,0.003769912695698336,-1.2047855879823066,0.21676454952942867
2021-11-01 18:00:00+00:00,0.005122777523092375,-1.6025587843920004,0.14299911625874426
2021-11-01 19:00:00+00:00,0.0022745070411438685,7.130651224995847,-0.33236080274088553
2021-11-01 20:00:00+00:00,-0.0022805442645651573,-3.7947795015292893,-1.0522316243287917
2021-11-01 21:00:00+00:00,-0.005301066094817274,0.6989644687176679,0.7092222012847996
2021-11-01 22:00:00+00:00,-0.00017721297126414013,1.2292788648559514,1.151148909067694
2021-11-01 23:00:00+00:00,0.00029154398444312593,1.6262092572616695,-0.34752966583024797
2021-11-02 00:00:00+00:00,0.0007983556837630077,-1.3556442364459456,4.445136838798248
2021-11-02 01:00:00+00:00,-0.0004711576131828507,1.7073055886759536,2.626458088153585
2021-11-02 02:00:00+00:00,-0.0012938480144021934,-1.7539018107241717,-2.8933850062396447
2021-11-02 03:00:00+00:00,-0.0018543905430340492,2.548058867863087,1.0010734750438692
2021-11-02 04:00:00+00:00,0.0029254045330452004,1.596147937505766,-1.073006793469484
2021-11-02 05:00:00+00:00,-0.00011695240600270409,0.43475910722752026,0.9049829487131571
2021-11-02 06:00:00+00:00,-0.0007125774968125054,0.49413219709638767,0.7602892036473897
2021-11-02 07:00:00+00:00,0.0009484850534018258,-3.5043633454610053,0.5260893673390162
2021-11-02 08:00:00+00:00,-0.003075263822533227,1.5376081903510548,0.7494386776780045
2021-11-02 09:00:00+00:00,0.007971439390116204,6.526303056485753,1.5405763592847754
2021-11-02 10:00:00+00:00,-0.0031862871240999724,0.6032974817548024,-2.6194783935016406
2021-11-02 11:00:00+00:00,-0.0004576361939986905,-2.6716117794278214,0.721833471832689
2021-11-02 12:00:00+00:00,-0.0009533951313859776,1.9480679899887354,-1.390677544373061
2021-11-02 13:00:00+00:00,0.0025888568064864038,3.5872997772396356,-1.0509283676590107
2021-11-02 14:00:00+00:00,-0.003609183426468279,-0.3755033887858426,0.8041341795421625
2021-11-02 15:00:00+00:00,0.001887389962882088,3.432529260908638,-0.3884684875654459
2021-11-02 16:00:00+00:00,-0.005395686589204907,0.8047901974175774,-0.46177168279056524
2021-11-02 17:00:00+00:00,-0.0014137941160159441,-1.2695047304186649,0.4871896391790628
2021-11-02 18:00:00+00:00,-0.008133036130037076,1.6921684072710703,0.22348998057358666
2021-11-02 19:00:00+00:00,-0.008296433426478464,1.5956369555180148,-0.14841746885891546
2021-11-02 20:00:00+00:00,0.0056346410848589585,-4.057303489195075,0.670043277908206
2021-11-02 21:00:00+00:00,-0.0010868346092749997,0.25272962859471915,-0.2595601077860888
2021-11-02 22:00:00+00:00,-0.0030682732417347527,0.9371130547953906,1.6269841122432405
2021-11-02 23:00:00+00:00,0.010752832571753416,2.2381279415953146,0.05775927205703542
2021-11-03 00:00:00+00:00,-0.0022540947433377497,0.8258604730821444,-1.391286632722535
2021-11-03 01:00:00+00:00,-0.004038057477482505,0.8072252366151216,-0.16502497615884804
2021-11-03 02:00:00+00:00,-0.009619053753448965,1.931901465872774,-0.8721438105083752
2021-11-03 03:00:00+00:00,-0.0003372969990057133,-0.6644504421983,0.20229938685776883
2021-11-03 04:00:00+00:00,0.00409376894516954,-5.210761006796806,-2.2997436655275596
2021-11-03 05:00:00+00:00,0.0023716597878225927,3.9092384360128536,0.2618759603263355
2021-11-03 06:00:00+00:00,-0.00020076796307548096,0.39436667327064634,-0.1321245505547029
2021-11-03 07:00:00+00:00,-0.003164675981812201,6.32453414603252,-0.49330385923892295
2021-11-03 08:00:00+00:00,0.0005534063199763422,-3.4891199957800567,-0.3679965280784949
2021-11-03 09:00:00+00:00,-0.006099815805802374,3.0756380792354943,-0.7559747759738077
2021-11-03 10:00:00+00:00,-0.003279927206213797,-1.7477462251492204,0.03985827499723624
2021-11-03 11:00:00+00:00,-0.028073192681883703,1.4535024395888796,1.2208308001858568
2021-11-03 12:00:00+00:00,-0.04994406745879289,-9.500919013108048,0.06344295337227976
2021-11-03 13:00:00+00:00,0.0209420545214757,-3.7502139822723746,-0.7545922260130479
2021-11-03 14:00:00+00:00,-0.006083727462322127,4.120609384961013,0.8480946457627758
2021-11-03 15:00:00+00:00,-0.009553433737433954,3.9118795916372155,-0.9387757200506445
2021-11-03 16:00:00+00:00,0.009745444509391538,-1.9748174074618465,1.1704140108709888
2021-11-03 17:00:00+00:00,0.008478491054688654,3.6693432486441067,-0.5689221923803225
2021-11-03 18:00:00+00:00,0.003805113569174891,8.770783508813764,-0.7818887488691008
2021-11-03 19:00:00+00:00,0.008781930978799398,-2.3890349401716526,-1.043639499931674
2021-11-03 20:00:00+00:00,0.009734825144212115,2.14533978745761,0.03692156786053679
2021-11-03 21:00:00+00:00,0.00829995464592243,1.4473805839355895,0.2897523365324298
2021-11-03 22:00:00+00:00,-0.002130724494513004,-2.9687167300872837,0.8297498666223295
2021-11-03 23:00:00+00:00,-0.0043939800414683925,3.814339501170404,0.25908881571731845
2021-11-04 00:00:00+00:00,0.0032773609226748822,-3.6142718986201863,-0.9250094701706173
2021-11-04 01:00:00+00:00,-0.001964906004157433,-0.1813958328190082,-0.5703663436469123
2021-11-04 02:00:00+00:00,0.0010871366508798082,0.8237254253983463,-0.05795233856013279
2021-11-04 03:00:00+00:00,0.0046569768462476615,-0.6584172962817021,0.4672854985879785
2021-11-04 04:00:00+00:00,0.0022684571178262776,1.6355094045605516,0.24281907110248174
2021-11-04 05:00:00+00:00,-0.00013477177960467983,-4.57676715523369,0.4394148170733615
2021-11-04 06:00:00+00:00,0.0025207804676235022,3.0868624639511997,-0.3998520066214746
2021-11-04 07:00:00+00:00,0.0018370065999961022,-6.960958704752241,0.2550229500527386
2021-11-04 08:00:00+00:00,-0.0009797263547201744,-0.38552483781866276,0.1269181248842502
2021-11-04 09:00:00+00:00,-0.0003043467798798529,2.261698326382697,0.7559522882026861
2021-11-04 10:00:00+00:00,-0.003865415987192251,3.002891342183914,5.484881784722661
2021-11-04 11:00:00+00:00,0.0008281019840142658,-3.6244860845512683,0.4467465047258231
2021-11-04 12:00:00+00:00,-0.0018730080290182824,4.867316784524675,-0.33280900632950927
2021-11-04 13:00:00+00:00,0.003690691809748068,0.9626783476689748,0.24741908218622746
2021-11-04 14:00:00+00:00,0.0022311781055824554,-4.7566769582138235,-1.942634724287831
2021-11-04 15:00:00+00:00,0.007567842402107613,-8.019476557524438,0.7554082938671778
2021-11-04 16:00:00+00:00,-0.004029366288241224,1.5946807852744538,0.07238061594957435
2021-11-04 17:00:00+00:00,0.0024916596547912683,-4.378109809358074,-0.6652414474412374
2021-11-04 18:00:00+00:00,-0.0028963825149265687,0.2761145003598483,0.07202147986350146
2021-11-04 19:00:00+00:00,0.0008321977004410377,6.156278358853023,-0.22496308155588574
2021-11-04 20:00:00+00:00,0.002638530856573991,2.2367626892790504,-0.5104153895421745
2021-11-04 21:00:00+00:00,0.0023495530826266224,2.3954396102980544,1.0450515828862983
2021-11-04 22:00:00+00:00,-0.0026857058573041995,0.9476888663069022,-0.7376039739229959
2021-11-04 23:00:00+00:00,-0.004430742199528933,1.4971357480381653,0.3796926222153398
2021-11-05 00:00:00+00:00,0.0033830300832720095,-6.775826423557052,0.45004019244679333
2021-11-05 01:00:00+00:00,0.002732841463390546,6.87521693409165,1.4256126054592388
2021-11-05 02:00:00+00:00,-0.0054817759385377305,-0.5765822711493578,0.1503639215829293
2021-11-05 03:00:00+00:00,0.0009793852343472965,4.094950282752473,-0.372202939785779
2021-11-05 04:00:00+00:00,0.00023274790695005843,-0.017588791218467452,0.23683132528819206
2021-11-05 05:00:00+00:00,0.0050922708697658135,1.1936435521700761,1.0330344577830652
2021-11-05 06:00:00+00:00,-0.0014964293063034477,-0.26136275524354335,0.5396676505892142
2021-11-05 07:00:00+00:00,0.0023189783476170417,1.1097934790507935,0.44508597267848976
2021-11-05 08:00:00+00:00,0.0026071520478918512,0.9353892528270816,-0.22652202825224108
2021-11-05 09:00:00+00:00,0.0020090260864664908,-1.8402337719467907,-0.6160988178423845
2021-11-05 10:00:00+00:00,0.0023917390054161995,-0.6462286278519364,-0.00767745713243778
2021-11-05 11:00:00+00:00,-0.001861399567463399,-2.2064008415688106,-0.6855057062636433
2021-11-05 12:00:00+00:00,-0.0010756202534824603,3.22524389217197,0.11034640646404942
2021-11-05 13:00:00+00:00,-0.0020468783149623277,3.3582170234078506,-0.1386839593932007
2021-11-05 14:00:00+00:00,-0.0010604495109190354,-5.402958287297223,-0.6349892429764801
2021-11-05 15:00:00+00:00,-0.0007214495360846874,-2.5884547870503445,0.1313552338581237
2021-11-05 16:00:00+00:00,-3.597134599570546e-05,3.1824536473494156,0.10152292373139843
2021-11-05 17:00:00+00:00,-0.004195031170242916,0.8687653648794734,1.501832304291104
2021-11-05 18:00:00+00:00,0.0012978023539937562,1.1910417036340895,-0.32116417114163276
2021-11-05 19:00:00+00:00,0.0016856448888380863,-2.8793765759537044,-0.4853197229679502
2021-11-05 20:00:00+00:00,-0.0029176716169927045,-4.055994934177064,-0.1998134007829601
2021-11-05 21:00:00+00:00,-0.0004143358147984307,2.833828624737563,1.4082001845498957
2021-11-05 22:00:00+00:00,-0.0004964032107403868,1.1450332081216914,0.20239089345441183
2021-11-05 23:00:00+00:00,-0.001038579589243577,-0.3185105643872562,-0.06273295414887879
2021-11-06 00:00:00+00:00,-0.0004575859334543859,1.5599440985103352,2.155831766670745
2021-11-06 01:00:00+00:00,1.229637648835052e-05,-0.09259444242707723,1.8661294093124754
2021-11-06 02:00:00+00:00,-0.003216005542511076,-3.536556440756954,-0.9810180178762962
2021-11-06 03:00:00+00:00,0.00293302523273659,1.335337645940717,-0.2227587770889551
2021-11-06 04:00:00+00:00,0.0012231691468700615,0.544977552040086,0.3072434967258097
2021-11-06 05:00:00+00:00,0.003526552751220029,2.057211678979168,1.0176547784654044
2021-11-06 06:00:00+00:00,-0.002682814250902697,-0.48591658847958663,-1.00174709417231
2021-11-06 07:00:00+00:00,-0.007655879847198536,-3.1880563909210475,0.2711776588845249
2021-11-06 08:00:00+00:00,0.003358392910175028,0.9157109317645769,1.0184181211414298
2021-11-06 09:00:00+00:00,-0.0013559358512796839,-0.2859575013921967,1.4021773549145478
2021-11-06 10:00:00+00:00,-0.0075219941210993724,-7.454243566366126,-0.21586754509229922
2021-11-06 11:00:00+00:00,-0.0028676028093121706,-4.727793999232835,0.49087736683334104
2021-11-06 12:00:00+00:00,-0.0009421214336428734,-1.4008915611865715,0.02274563252526821
2021-11-06 13:00:00+00:00,0.004361593994303225,4.1007742761556925,0.30797519313364574
2021-11-06 14:00:00+00:00,0.001024941235058325,0.6633559431355577,-0.20186369609068833
2021-11-06 15:00:00+00:00,0.000678468768798496,2.056257059580836,0.6911688908872748
2021-11-06 16:00:00+00:00,-0.00016269130748806202,-0.13297175370641615,-0.48362203188675773
2021-11-06 17:00:00+00:00,0.001234468343664622,0.719005262309206,0.3177911240747667
2021-11-06 18:00:00+00:00,0.0012558719371560275,2.1513545964097114,1.0589502968247368
2021-11-06 19:00:00+00:00,0.007158876253661558,4.505449915944267,-0.4249745866586866
2021-11-06 20:00:00+00:00,-0.0006404453306584895,0.3640770326813596,0.9812192266264828
2021-11-06 21:00:00+00:00,0.004161164252962079,2.623387699982393,-1.0354853212007096
2021-11-06 22:00:00+00:00,-0.0007070962154513233,-0.11396804220003695,0.2992205336857173
2021-11-06 23:00:00+00:00,0.002069132809734712,1.6580333569969803,-0.032774408348847164
2021-11-07 00:00:00+00:00,0.007304187778330756,1.5079823657250162,-0.22946512771771602
2021-11-07 01:00:00+00:00,0.0016098158844651141,0.255882423632311,-1.154791478847519
2021-11-07 02:00:00+00:00,-0.0016911409417069184,0.33582210293404025,0.23787960739154426
2021-11-07 03:00:00+00:00,0.000689972430008352,1.0296040336913141,0.2997873149040883
2021-11-07 04:00:00+00:00,-0.00022643787082801873,0.6801379657754044,-1.0518613063726938
2021-11-07 05:00:00+00:00,-0.0013943924254116833,-0.9611601296143377,-0.17013139902329374
2021-11-07 06:00:00+00:00,-0.00015803921715975357,-0.7185352901814859,0.7365482438296445
2021-11-07 07:00:00+00:00,-0.00017929185278791444,0.37916514168397764,0.4110485132934201
2021-11-07 08:00:00+00:00,0.000822371489832668,0.5471074061321841,0.0028195066638056626
2021-11-07 09:00:00+00:00,0.007203737205032695,3.690013360227529,1.6496217545282623
2021-11-07 10:00:00+00:00,0.0024104552959467894,0.38154574098703936,0.3543101998821004
2021-11-07 11:00:00+00:00,-0.0006262533835812651,0.6644424789947413,0.07679027427849834
2021-11-07 12:00:00+00:00,0.00012651739438149107,-1.457905927459467,0.4042026668091776
2021-11-07 13:00:00+00:00,0.0018417658429844706,1.501902044551076,-0.7500561048407747
2021-11-07 14:00:00+00:00,-0.0010858884060245847,0.7805254559270832,-0.8372256079604922
2021-11-07 15:00:00+00:00,0.0005340782284367808,0.781502743166108,0.2853087081263976
2021-11-07 16:00:00+00:00,-0.0023905913577691685,0.9246347181001059,-0.5776348890382432
2021-11-07 17:00:00+00:00,0.003358423006819463,0.24653093249037789,-0.06323202044704498
2021-11-07 18:00:00+00:00,0.00013004544040726295,1.1202440227673995,-0.14584554726791366
2021-11-07 19:00:00+00:00,-0.0015404332600869874,-0.1654308429347726,0.16023395508659916
2021-11-07 20:00:00+00:00,0.004870673416429945,2.0347405153603044,0.013443287977620724
2021-11-07 21:00:00+00:00,0.0005849331791303893,-0.46074946588232707,0.3346309337842376
2021-11-07 22:00:00+00:00,-0.005186940120092622,-1.7961762842253257,0.004149184352919913
2021-11-07 23:00:00+00:00,0.003612988734990944,2.660646064400839,0.306898492929049
2021-11-08 00:00:00+00:00,0.015390820132263538,4.2834632202155625,-1.0497186401810772
2021-11-08 01:00:00+00:00,-0.0004778754169896565,-0.9493234256442817,-0.875455661972162
2021-11-08 02:00:00+00:00,0.0012748799776940252,0.7685459752120954,-0.023898948876705052
2021-11-08 03:00:00+00:00,0.0041072809742059005,1.8046583649236216,0.6066545238032747
2021-11-08 04:00:00+00:00,-0.0008361407383384731,0.014304870008861215,-0.6666841148726619
2021-11-08 05:00:00+00:00,0.0008147174219983712,0.19496976186742643,-0.5878164994534529
2021-11-08 06:00:00+00:00,0.003853288300556007,3.3002043407941115,-0.09314691046534483
2021-11-08 07:00:00+00:00,-0.002746740605308851,-1.7666341651221185,0.8940870647356378
2021-11-08 08:00:00+00:00,0.0031047737523937375,-0.33830450919259175,-1.7882592645497852
2021-11-08 09:00:00+00:00,-0.0034520899185074235,0.5644043950927312,0.9063484710718764
2021-11-08 10:00:00+00:00,0.001735508856711439,1.1816746467506216,0.28416622646395956
2021-11-08 11:00:00+00:00,-0.0004745688546935477,1.106527717008547,-0.17694568172118463
2021-11-08 12:00:00+00:00,0.001066340240498707,0.9360676846663594,-0.33042426448657336
2021-11-08 13:00:00+00:00,-0.0037715327843603303,-3.9017205811777638,0.3396893642430607
2021-11-08 14:00:00+00:00,-0.0010674948986225965,2.7839698850650345,-0.4214369231994263
2021-11-08 15:00:00+00:00,0.010206027541301023,5.077825188004036,0.9040900692193928
2021-11-08 16:00:00+00:00,0.0009191209497722564,0.618227966670941,0.7997086723833345
2021-11-08 17:00:00+00:00,0.0014363315187103864,3.30937392820667,0.5132364052078136
2021-11-08 18:00:00+00:00,-0.0013291168001076552,0.4624820470105292,1.1410452193077871
2021-11-08 19:00:00+00:00,-0.005104925387893049,-2.2713617095573437,-0.8143081357918296
2021-11-08 20:00:00+00:00,0.0012083557148805525,-0.9147219296730085,-0.11063139357715611
2021-11-08 21:00:00+00:00,0.002798095436564211,2.0156638512574507,0.13251041651312212
2021-11-08 22:00:00+00:00,0.0019714796624237334,0.6724138924555819,0.015707672999557085
2021-11-08 23:00:00+00:00,0.006641984942160665,4.970523691824695,0.8169870105207043
2021-11-09 00:00:00+00:00,-0.004697117338187052,0.09772415508527471,0.29507249956963927
2021-11-09 01:00:00+00:00,0.0011069324513189884,-0.2655857013931263,-0.19406316479884966
2021-11-09 02:00:00+00:00,-0.0010582556120851971,1.6535430485698954,-1.0329319377304764
2021-11-09 03:00:00+00:00,0.005169208298855015,2.87045537872223,-0.8819752623887651
2021-11-09 04:00:00+00:00,-0.0019454177797376992,-0.14600215426338334,0.6502727679076084
2021-11-09 05:00:00+00:00,0.004429921679287988,2.26524053625485,-0.11470435874804315
2021-11-09 06:00:00+00:00,-0.00297773352453625,-0.9179418527760208,0.10452363083166673
2021-11-09 07:00:00+00:00,-0.0059885749553918845,-1.9109764929742232,-0.36207258564907435
2021-11-09 08:00:00+00:00,0.005585156146392378,3.019952100756151,0.48746057732085757
2021-11-09 09:00:00+00:00,0.0014538956362316951,2.1753483255868553,-0.13956601737716579
2021-11-09 10:00:00+00:00,-0.003316112048700348,-0.6951311446348095,0.051462837581533784
2021-11-09 11:00:00+00:00,-0.005266993011140475,-4.900603432044783,0.1410375017639179
2021-11-09 12:00:00+00:00,0.002036376043528942,1.8625699259206283,1.4160782533915628
2021-11-09 13:00:00+00:00,0.005878033518360342,5.813565799298719,-1.5148354488165148
2021-11-09 14:00:00+00:00,-0.0033419437899068266,-4.603623977047734,-0.7068153341543296
2021-11-09 15:00:00+00:00,-0.0008983511698250302,-0.48539249919169947,-0.8658333580188861
2021-11-09 16:00:00+00:00,-0.0037991868518924684,-1.85908995887091,-0.03568050261541391
2021-11-09 17:00:00+00:00,0.000778767096115774,1.5828793992135919,-0.11300522517557468
2021-11-09 18:00:00+00:00,-0.006415536667593277,-4.602606269603686,-0.25254976991413464
2021-11-09 19:00:00+00:00,0.001531621174625589,0.9887054598218136,0.4114079880552139
2021-11-09 20:00:00+00:00,0.00469766323971107,2.2945221440695867,-0.23957504602111027
2021-11-09 21:00:00+00:00,0.004858372433823544,1.142165769079138,0.47734908787458996
2021-11-09 22:00:00+00:00,-0.008478243065980325,-1.3873992624979778,-0.9855949562163562
2021-11-09 23:00:00+00:00,-0.005219057738275974,-3.7780729481951485,0.28881796623362194
2021-11-10 00:00:00+00:00,-0.002626248412134795,-1.7341999499419205,2.624357398976754
2021-11-10 01:00:00+00:00,0.002071468547033327,0.8053210953485798,-1.0121668281298126
2021-11-10 02:00:00+00:00,0.0016620778348718122,0.42807271919882495,0.3402814053609934
2021-11-10 03:00:00+00:00,-0.007141088577198195,-6.6696934805399,1.3772864438333083
2021-11-10 04:00:00+00:00,0.0023780185101960104,4.43583499369031,0.6917111547944832
2021-11-10 05:00:00+00:00,-0.0014838017502732202,-3.154084934390081,-0.055503419690475224
2021-11-10 06:00:00+00:00,0.006442262359105418,5.0473046630430565,-1.172739029760171
2021-11-10 07:00:00+00:00,-0.004865939823044935,-0.5396289684494718,-0.34515776244330515
2021-11-10 08:00:00+00:00,-0.0009782179997794595,0.8733353991093794,0.021796917565436832
2021-11-10 09:00:00+00:00,0.00026036523379838753,1.8014549348966824,1.0019902212264755
2021-11-10 10:00:00+00:00,0.005646383060464659,3.760733472311941,-0.8556677789749768
2021-11-10 11:00:00+00:00,-0.005605186262941815,-0.6633579033833235,-1.3623112560235955
2021-11-10 12:00:00+00:00,-0.002604586899260513,-4.609021071168656,-1.765594891532302
2021-11-10 13:00:00+00:00,0.014074133776874737,10.95976694918176,-0.9259197520684673
2021-11-10 14:00:00+00:00,0.009263966299480458,3.4919669665457573,-0.4051679900163737
2021-11-10 15:00:00+00:00,0.0007594405510111304,3.2788887066655175,-0.11628927354762157
2021-11-10 16:00:00+00:00,-0.00042298963839185313,0.5342235942808361,-1.2876052646213776
2021-11-10 17:00:00+00:00,-0.0007878188473143947,-2.079809845406443,0.5858474679422142
2021-11-10 18:00:00+00:00,-0.008894231180539044,-7.086379149161473,0.8690829699000435
2021-11-10 19:00:00+00:00,-0.012356704581097888,-14.971927416764116,-0.9223138441328852
2021-11-10 20:00:00+00:00,-0.008558628365804552,-10.953542739107375,1.8967620644872223
2021-11-10 21:00:00+00:00,-0.012011244408169811,-21.28894195016519,-0.06418234374315337
2021-11-10 22:00:00+00:00,0.01616136499994614,13.026787681933301,2.088335645603234
2021-11-10 23:00:00+00:00,-0.002148020886755286,-1.3408035917668732,1.572381706654249
2021-11-11 00:00:00+00:00,-0.0012279034603709165,2.9572648039008866,-0.4015087799421834
2021-11-11 01:00:00+00:00,-0.0022806147954236846,-2.7651158309738073,-0.14456191080786196
2021-11-11 02:00:00+00:00,-0.0001289461197849113,-0.3843930944661932,0.035720625569249966
2021-11-11 03:00:00+00:00,0.0033613224365591815,3.8439964835342146,0.5191692494428907
2021-11-11 04:00:00+00:00,-0.0006870967655761499,-0.14191357584900402,1.1523024241551707
2021-11-11 05:00:00+00:00,0.003555703238393204,4.868970575063485,0.24450298999050268
2021-11-11 06:00:00+00:00,0.0025243151639119297,2.9254069797610893,-0.8254527491645035
2021-11-11 07:00:00+00:00,0.0030544707651852534,3.961696709045069,-0.5017282615349091
2021-11-11 08:00:00+00:00,0.00487764187657358,1.7999286686951574,-0.7410666043541458
2021-11-11 09:00:00+00:00,0.0017328690270303243,0.1960100222124731,-0.7669979585018089
2021-11-11 10:00:00+00:00,-0.0036836464515603725,-2.526096276096977,-0.6743958199948221
2021-11-11 11:00:00+00:00,0.002033665350909867,0.5398167231336567,0.5712178048913721
2021-11-11 12:00:00+00:00,0.00011851436084217782,-2.562298977789677,-0.1652679165755092
2021-11-11 13:00:00+00:00,-0.0020695053988736014,-2.8112238299263184,-0.026836202731259924
2021-11-11 14:00:00+00:00,0.005572065458270437,2.6827679409464826,0.8528310460338313
2021-11-11 15:00:00+00:00,-0.00211077276909891,-1.3563169630002698,-0.5674292557923875
2021-11-11 16:00:00+00:00,0.008380067811253058,3.603667818658899,0.4725735652902542
2021-11-11 17:00:00+00:00,-0.0022703309366628576,-2.948950292916249,0.7154490836894262
2021-11-11 18:00:00+00:00,-0.004807214322340164,-1.538636202649899,1.8758714179426903
2021-11-11 19:00:00+00:00,0.005400594354631432,4.237577047138666,0.536905063356888
2021-11-11 20:00:00+00:00,-0.004738872669190285,-4.172888043579108,-0.04226987056625637
2021-11-11 21:00:00+00:00,0.001459272191022693,3.177771537081561,0.43292763005085505
2021-11-11 22:00:00+00:00,0.0008783284159407279,1.1587327804549916,-0.568249985034865
2021-11-11 23:00:00+00:00,-0.005153809954119873,-5.54310143487635,0.8370114364652361
2021-11-12 00:00:00+00:00,0.0009333257085656236,1.26896795349276,2.3332464338468366
2021-11-12 01:00:00+00:00,0.010231833417049294,2.1588980612453543,-0.7813173313847568
2021-11-12 02:00:00+00:00,0.0011460578097681833,0.838268291014891,2.242117732322559
2021-11-12 03:00:00+00:00,-0.0020881900030515392,0.010996494150329023,2.0598730987953413
2021-11-12 04:00:00+00:00,0.0017295953045721366,0.6036354703884919,-0.3307926275966832
2021-11-12 05:00:00+00:00,0.006836868742779162,-5.091246420552704,-0.9180706856374915
2021-11-12 06:00:00+00:00,-0.0001014628500395266,-2.8015635219125112,-1.1711832192164389
2021-11-12 07:00:00+00:00,0.01413215530046659,-2.2214011854729074,0.5052338297680538
2021-11-12 08:00:00+00:00,-0.003019514465178059,4.9861108412606265,1.0965168008286466
2021-11-12 09:00:00+00:00,0.03330442149333264,-16.670815526488223,0.3704779435703542
2021-11-12 10:00:00+00:00,-0.00010813870159718157,1.2339879408845276,4.970053780594611
2021-11-12 11:00:00+00:00,-0.0014983363465130763,1.3969728628276223,0.7755086790753322
2021-11-12 12:00:00+00:00,-0.002737707470805117,4.603405686104492,3.2139516396988457
2021-11-12 13:00:00+00:00,0.0019837249888762787,0.2832968516151323,-2.539330754896103
2021-11-12 14:00:00+00:00,-0.003362862652870026,-5.332539060940675,-1.13015134970655
2021-11-12 15:00:00+00:00,-0.0012797022730209604,-1.9672588686025188,0.42041052299588766
2021-11-12 16:00:00+00:00,-0.0006913847499010042,-1.000963646407583,-0.10852388527135924
2021-11-12 17:00:00+00:00,0.008048089569639351,5.64940684731261,0.8615671136858234
2021-11-12 18:00:00+00:00,0.0035786646111543134,2.3108857735517647,-2.548922574036823
2021-11-12 19:00:00+00:00,0.0026288559474775043,-1.5596494685883104,0.0025030597962225065
2021-11-12 20:00:00+00:00,0.002275931060420887,4.26553299836564,0.4603868192951601
2021-11-12 21:00:00+00:00,-0.0025164624174100815,-1.0434006264174456,1.1402698619598437
2021-11-12 22:00:00+00:00,-0.0032129039601837225,-0.2188893545441146,0.6589943173599448
2021-11-12 23:00:00+00:00,0.0043334766148139655,0.9905724958693028,0.6778704239322468
2021-11-13 00:00:00+00:00,0.003917127762297172,2.9571935560467737,-0.2955879171852647
2021-11-13 01:00:00+00:00,0.011853747465657347,-3.901977120804014,4.2210696709189
2021-11-13 02:00:00+00:00,0.0003093665479380512,0.20275132722255454,1.6138218191391347
2021-11-13 03:00:00+00:00,-0.001835316352527977,0.6992062164908406,-0.07205779081772093
2021-11-13 04:00:00+00:00,0.003235450551756052,-1.7074441554339324,0.37279297959415536
2021-11-13 05:00:00+00:00,0.0011488784707129492,0.044053772140320885,1.3443059855311337
2021-11-13 06:00:00+00:00,-0.006437789755365447,4.998737407872904,0.8789696458234152
2021-11-13 07:00:00+00:00,0.0005238174374769538,0.6067523141894777,-0.6649340297886001
2021-11-13 08:00:00+00:00,0.004350142850615394,-0.9033096956481937,1.8648465197838995
2021-11-13 09:00:00+00:00,0.00669526692357641,-3.5046472835501374,0.0034613816514931783
2021-11-13 10:00:00+00:00,-0.004669324774175701,3.7560779617840936,0.7186779597342727
2021-11-13 11:00:00+00:00,0.0011083972784480766,-1.4401159380393636,-0.36697858669929845
2021-11-13 12:00:00+00:00,0.0015758915275195025,-2.6329132077187465,-3.0765518758240966
2021-11-13 13:00:00+00:00,-0.0027581444074231266,0.7728817977636505,-1.3665711265768112
2021-11-13 14:00:00+00:00,-0.012060004482940125,8.272846543263725,-3.2449216052047305
2021-11-13 15:00:00+00:00,-0.002002965928641013,0.32889757985162055,0.2099420945135198
2021-11-13 16:00:00+00:00,0.0007866976394717741,1.6718668068715976,0.643658571346863
2021-11-13 17:00:00+00:00,-0.0030578873283863797,1.635867758289165,-0.0008606282922205509
2021-11-13 18:00:00+00:00,-0.0004231049797830901,-5.628864056305039,0.8512172716140599
2021-11-13 19:00:00+00:00,0.0028476202095796886,-0.3288022213332774,0.03670616288370829
2021-11-13 20:00:00+00:00,-0.005566687783767367,3.638903843056525,-1.2373681907812333
2021-11-13 21:00:00+00:00,0.005439588219133835,-1.5763775397040185,-1.807133015303436
2021-11-13 22:00:00+00:00,0.0011724018011367123,-0.19606607565038128,-0.0587947115891696
2021-11-13 23:00:00+00:00,0.002598182038114082,0.5550025422557372,0.35248090441908775
2021-11-14 00:00:00+00:00,-0.010644137603167092,3.4797757114994186,-0.4422788955287345
2021-11-14 01:00:00+00:00,0.00813588706989132,-1.5685793219967281,0.062359683517106024
2021-11-14 02:00:00+00:00,0.004079539346683417,-1.5215753478606682,0.6466179923119433
2021-11-14 03:00:00+00:00,0.0010269816624807913,-0.36328393842664014,-0.36946516731188644
2021-11-14 04:00:00+00:00,6.459368875274526e-05,0.6818530194694211,0.6638507222537413
2021-11-14 05:00:00+00:00,-0.0026335753544535555,0.6127814351737352,-0.19097961637912003
2021-11-14 06:00:00+00:00,0.004441570814017641,-0.3234418499129613,-0.8837012794976259
2021-11-14 07:00:00+00:00,0.008874664663681647,-2.368408091330562,0.33946075891799177
2021-11-14 08:00:00+00:00,0.004716170934688345,-1.999740956881039,1.7750761472920746
2021-11-14 09:00:00+00:00,0.0011168901462316892,2.0973536816272587,-0.07727931617418833
2021-11-14 10:00:00+00:00,-0.0043038210840957445,2.262474175197973,-0.15615130957789808
2021-11-14 11:00:00+00:00,-0.0019778548038191395,1.6425173027260105,0.42207453598389766
2021-11-14 12:00:00+00:00,0.003242589688645591,-0.48366061839255836,-0.5016332112655165
2021-11-14 13:00:00+00:00,-0.0006509699973257984,1.9384340601224521,-1.4948682373268647
2021-11-14 14:00:00+00:00,0.007091894570160315,-3.5481500193907203,-0.4493349330473505
2021-11-14 15:00:00+00:00,0.004309826582006023,-3.103435694709913,-0.5226480741088727
2021-11-14 16:00:00+00:00,0.010169825458717995,-5.358818523872207,0.43540913485130867
2021-11-14 17:00:00+00:00,-0.004545923367898847,4.1456813045219825,-0.3828654000339138
2021-11-14 18:00:00+00:00,0.0015794618756183759,-1.2901025050928387,0.1446015226604832
2021-11-14 19:00:00+00:00,0.00021974279223192357,1.1855124912779849,-0.7519030681832994
2021-11-14 20:00:00+00:00,-0.001317541920399764,0.659254526681867,-0.051680783751314116
2021-11-14 21:00:00+00:00,-0.004795893365274488,2.260014799288641,0.832853537255046
2021-11-14 22:00:00+00:00,4.709181599936682e-05,1.8565669805283405,0.34074065529098074
2021-11-14 23:00:00+00:00,-0.011451016909984941,4.194724864137637,-1.524358850630636
2021-11-15 00:00:00+00:00,-0.009194189899685947,3.844921334145114,-0.90777188814388
2021-11-15 01:00:00+00:00,-0.008750517562952741,1.8059239351525849,2.195119133905573
2021-11-15 02:00:00+00:00,0.004565921028447058,-1.2799177334051732,1.6220666244983384
2021-11-15 03:00:00+00:00,-0.0016794432167713251,-0.1442658529016016,-1.0318667010842646
2021-11-15 04:00:00+00:00,-0.0005469645621768777,1.2259851532897095,-0.24343573975607397
2021-11-15 05:00:00+00:00,0.0025213534239381086,0.6201994599230569,0.5987484140527498
2021-11-15 06:00:00+00:00,-0.0007742992929339717,1.3205727451974631,-0.7464609843739306
2021-11-15 07:00:00+00:00,0.0036678336907086627,-1.5273179873928664,-1.5216745539689949
2021-11-15 08:00:00+00:00,-0.007824272381923522,0.5234171764600704,-1.1558355913475904
2021-11-15 09:00:00+00:00,-0.0018932902542005414,1.499449395057221,0.3964617050452485
2021-11-15 10:00:00+00:00,-0.001277649792906346,0.3526697709024853,0.702125769850539
2021-11-15 11:00:00+00:00,0.0018290668735471973,-0.8230535448071005,1.592702741505295
2021-11-15 12:00:00+00:00,-0.003269455159934438,-1.205431321552662,-0.5916003585102857
2021-11-15 13:00:00+00:00,0.0030884794917490016,-0.8770726355633158,0.3755643896438056
2021-11-15 14:00:00+00:00,0.008141838220461668,-4.775600516954024,0.8583895350105403
2021-11-15 15:00:00+00:00,0.006896872805073622,-2.701804094663287,-1.2270492184397095
2021-11-15 16:00:00+00:00,0.006364136457376128,-0.5815907113806769,-0.6684564870948019
2021-11-15 17:00:00+00:00,0.0021985810087608118,-0.9635913006694699,1.117672727703681
2021-11-15 18:00:00+00:00,0.004795454026392883,-2.4229706743355695,-1.260885436932144
2021-11-15 19:00:00+00:00,-0.0026838051323308377,1.8895739395715625,0.3981216831048477
2021-11-15 20:00:00+00:00,0.008820653103765343,-6.738144313721172,0.37856838021424466
2021-11-15 21:00:00+00:00,-0.0014311872303949605,0.8319013505869934,0.10751187792875058
2021-11-15 22:00:00+00:00,-0.002043591260177223,0.19680115520445055,0.22561891867880488
2021-11-15 23:00:00+00:00,0.003796649839097642,-3.148703598096722,1.8203554677735883
2021-11-16 00:00:00+00:00,0.027020516527803292,-16.023535419472893,-1.1048816285585814
2021-11-16 01:00:00+00:00,0.0077726887033782496,-4.398689174899788,1.7940122118877675
2021-11-16 02:00:00+00:00,0.011610723743174692,-7.52393943575064,0.01877809442401318
2021-11-16 03:00:00+00:00,0.007959596558449012,-6.2666081339670745,-0.26511869267857
2021-11-16 04:00:00+00:00,-0.00726530792785796,4.848215322355296,1.0053407397376621
2021-11-16 05:00:00+00:00,0.0016544306611999471,-2.4427689039975076,0.23683262113343073
2021-11-16 06:00:00+00:00,-0.0008588971921674646,0.6435003381944392,-0.11793826012514375
2021-11-16 07:00:00+00:00,0.006340751233882761,-0.5763314580331997,-0.7592350519715605
2021-11-16 08:00:00+00:00,-0.00391904522042818,2.8451153539419423,-0.2768007385961112
2021-11-16 09:00:00+00:00,0.020953339559471054,-13.836119928241427,-0.02576600523581618
2021-11-16 10:00:00+00:00,-0.002919264340271924,-6.441012298519607,0.841693301879033
2021-11-16 11:00:00+00:00,-0.009532259507406491,5.373708038141275,0.33583311875494465
2021-11-16 12:00:00+00:00,0.015413189688481177,-7.448660066032799,-0.4479935738536602
2021-11-16 13:00:00+00:00,-0.01192897121303879,10.899640988925283,6.480317697867449
2021-11-16 14:00:00+00:00,-0.007748247783200775,6.68680809020699,0.8030647644034519
2021-11-16 15:00:00+00:00,0.00641004350495892,-5.021852503115803,-0.6320379910301328
2021-11-16 16:00:00+00:00,-0.007555393007585496,2.3030897592788118,1.994271849790291
2021-11-16 17:00:00+00:00,0.00512801159899611,-1.2597438578285651,0.9770046131376162
2021-11-16 18:00:00+00:00,0.012591434064492856,-5.14831599110085,1.788144213168811
2021-11-16 19:00:00+00:00,-0.006484958970947495,4.695503271312674,0.2596800177353158
2021-11-16 20:00:00+00:00,0.016034797641348048,-9.005019306330095,1.8897149014913588
2021-11-16 21:00:00+00:00,-0.013541740958960408,9.663590466905195,-1.5270383079961356
2021-11-16 22:00:00+00:00,-0.0013535996880734954,1.370190617894069,-1.0666894526761455
2021-11-16 23:00:00+00:00,0.01205228010262324,-7.290022399414325,0.4678807411391283
2021-11-17 00:00:00+00:00,0.0048950905499290445,0.5211829820521074,5.408906074844309
2021-11-17 01:00:00+00:00,0.012120341461664665,-3.8244436825090546,1.3640336820215015
2021-11-17 02:00:00+00:00,-0.0008106777196888108,-3.524997305204142,-1.9842561523404425
2021-11-17 03:00:00+00:00,0.003266545378040551,-4.830406967138836,-0.9931805955921704
2021-11-17 04:00:00+00:00,-0.004932913707961755,3.6972852356114445,1.1899039199349475
2021-11-17 05:00:00+00:00,-0.007768476090392373,4.6141944577132445,-0.8243259983770184
2021-11-17 06:00:00+00:00,0.0023189446483505654,-1.367129558255425,0.06545764443987534
2021-11-17 07:00:00+00:00,-0.004596689813398427,4.201772894362963,0.10872078325853028
2021-11-17 08:00:00+00:00,-0.0020454270507851984,-1.2783162539296165,-1.0355854398098412
2021-11-17 09:00:00+00:00,0.014948082681527032,-8.457902904222523,1.4555287154266938
2021-11-17 10:00:00+00:00,-0.023017245643076188,17.43227560956879,-3.357151056220804
2021-11-17 11:00:00+00:00,-0.006153959059007039,4.05554996401657,1.4253347717434703
2021-11-17 12:00:00+00:00,0.0020126792203069782,-2.4944660724476426,-1.5982326993493676
2021-11-17 13:00:00+00:00,0.004801649631809743,-4.000732154670279,0.15229251852857784
2021-11-17 14:00:00+00:00,0.012670502125188434,-7.276559593339954,-0.5968712876336772
2021-11-17 15:00:00+00:00,-0.0009493876770954664,2.3665545872958442,0.5344825042903856
2021-11-17 16:00:00+00:00,-0.01441827987247692,6.412010751780273,-0.9937928550125666
2021-11-17 17:00:00+00:00,0.0009649696397133668,0.0263821166045035,-0.3897709515304509
2021-11-17 18:00:00+00:00,-0.003635185735760895,1.4609598450706012,-0.8904918062986795
2021-11-17 19:00:00+00:00,0.001997618393335829,-4.346033918074258,-0.5885132847815535
2021-11-17 20:00:00+00:00,-0.0034467183982525964,5.400545531792675,2.832532844070801
2021-11-17 21:00:00+00:00,0.0004726343149243188,-2.354962228385088,0.5008419736401802
2021-11-17 22:00:00+00:00,0.004112040800284758,-2.245263399526437,0.1997478208908346
2021-11-17 23:00:00+00:00,-0.01219013454994652,5.262247581364928,2.560011325267945
2021-11-18 00:00:00+00:00,-0.0072339923352227106,4.890911142152552,-2.5361586328891272
2021-11-18 01:00:00+00:00,0.002190890265238433,0.9675167611818739,-0.2340226485551472
2021-11-18 02:00:00+00:00,-0.041075181229278106,2.316405548977047,0.5436441484075215
2021-11-18 03:00:00+00:00,0.027089158477688325,-7.4183110250853925,1.507889627309126
2021-11-18 04:00:00+00:00,0.03245879354674217,2.252042905779941,2.6908970065440365
2021-11-18 05:00:00+00:00,0.01507610495438307,-1.1297884818905701,0.6759009101190173
2021-11-18 06:00:00+00:00,0.0011172988407402073,-1.7526288727503363,-0.1700015166765594
2021-11-18 07:00:00+00:00,-0.002877748610731248,-0.40982027675528837,2.072768088232167
2021-11-18 08:00:00+00:00,-0.014168365291615638,-1.5100327291849083,-1.8696043166115957
2021-11-18 09:00:00+00:00,0.006968986487131969,-6.039348054822424,1.4419124203252685
2021-11-18 10:00:00+00:00,-0.006770644926576286,6.335641433841698,-0.4087677022170985
2021-11-18 11:00:00+00:00,0.008553933804941256,-5.952906179784495,5.261075800277873
2021-11-18 12:00:00+00:00,-0.0016293311811059919,-0.5840859051306337,0.8850852922065269
2021-11-18 13:00:00+00:00,0.0030738101363535866,-3.705044079909318,-1.9954084484446954
2021-11-18 14:00:00+00:00,0.00525605749985342,-5.421659049799491,1.4270021499038665
2021-11-18 15:00:00+00:00,0.020678675519067262,-9.57860973471826,0.4659453494660796
2021-11-18 16:00:00+00:00,0.006420101048535506,-10.03842863990003,-0.60137602951938
2021-11-18 17:00:00+00:00,-0.01089017805205349,5.207775438913579,3.1428987291299286
2021-11-18 18:00:00+00:00,-0.007677983665011446,6.3978737817312785,-0.1930119606935955
2021-11-18 19:00:00+00:00,-0.004451480549886047,1.8367893486962945,-1.004838206965528
2021-11-18 20:00:00+00:00,-0.00717469934309003,0.5350804567694287,2.530471535219212
2021-11-18 21:00:00+00:00,-0.005104939065454779,-4.1165824007508185,3.18790314518959
2021-11-18 22:00:00+00:00,-0.01062467840736486,-6.4927844934964,0.2177291666707224
2021-11-18 23:00:00+00:00,0.0018774359759863787,2.654431938814866,-2.2498735499709612
2021-11-19 00:00:00+00:00,-0.01624449541236503,11.461123177993533,2.602036083614275
2021-11-19 01:00:00+00:00,0.021501317822486574,-9.896203161056858,-0.007371430382790069
2021-11-19 02:00:00+00:00,0.018080651957912322,-5.865077692456612,0.0235384064807908
2021-11-19 03:00:00+00:00,0.008405328982845078,0.20168791507792877,2.3960674995499014
2021-11-19 04:00:00+00:00,-0.01267691161998845,9.163962498765233,-0.696327381085287
2021-11-19 05:00:00+00:00,0.0009976447765467078,3.9944528693715964,-2.436853446475328
2021-11-19 06:00:00+00:00,0.0006346716696998666,-3.3108459037044073,-1.8268423582517628
2021-11-19 07:00:00+00:00,0.004471353979420828,-1.2099129758198783,1.355032172927092
2021-11-19 08:00:00+00:00,-0.019746065889463874,11.47611249405987,-1.6212243361765588
2021-11-19 09:00:00+00:00,0.014906960109602657,2.987411364428458,1.8461477125779802
2021-11-19 10:00:00+00:00,0.002265583868314976,-1.9514212508713884,0.7730716456981831
2021-11-19 11:00:00+00:00,0.003349374411301131,-0.4663324264413919,-0.15059662894426976
2021-11-19 12:00:00+00:00,-0.0018449170248702727,3.3128317733865824,-1.9307782168837488
2021-11-19 13:00:00+00:00,-0.01015728803906628,7.14750355861742,-0.27978374501001246
2021-11-19 14:00:00+00:00,-0.006347037112463486,5.50022886952246,-0.6649882193118086
2021-11-19 15:00:00+00:00,0.0047988788561578255,-1.0493802020958964,-0.1301628113826672
2021-11-19 16:00:00+00:00,-0.006162039789323705,1.491119323369493,0.9210984946737935
2021-11-19 17:00:00+00:00,0.0005979196754155048,-1.6578865245303587,-0.7086423350938197
2021-11-19 18:00:00+00:00,-0.001657065441055989,0.3343489101272859,0.8600198774522401
2021-11-19 19:00:00+00:00,-0.0030465892505819976,1.6301455244083027,0.1931013635743648
2021-11-19 20:00:00+00:00,0.003954068940013188,-2.7644935396372126,0.9979035559361678
2021-11-19 21:00:00+00:00,-0.0006567125911682214,0.270471554619046,0.5275557076297632
2021-11-19 22:00:00+00:00,0.0005057054455167732,-0.06915983646772304,0.8157131153337029
2021-11-19 23:00:00+00:00,-0.0006519774666948,1.6535865458725005,0.4494506000686767
2021-11-20 00:00:00+00:00,-0.0041037409956468105,1.1446321138122295,-1.133018580096217
2021-11-20 01:00:00+00:00,-0.005725753830550864,3.569453347652978,-2.654736167731654
2021-11-20 02:00:00+00:00,0.005257613677077374,-2.7729337371207246,0.2844871772500587
2021-11-20 03:00:00+00:00,0.004768286853629683,-2.9909012172363636,0.45429722229966285
2021-11-20 04:00:00+00:00,-0.0011932553612837387,1.372590560733575,0.15087399780826719
2021-11-20 05:00:00+00:00,0.0023382284693950948,-2.0147182195213644,-0.09495830711662918
2021-11-20 06:00:00+00:00,-0.004248110322585849,2.9283495836259523,1.0441328457600294
2021-11-20 07:00:00+00:00,0.0020466176372526523,-1.5259574155971105,0.4934403405596621
2021-11-20 08:00:00+00:00,-0.0036633287422607372,1.966134050064225,-0.2496116763220901
2021-11-20 09:00:00+00:00,-0.0013767944399757893,0.23793129741045,-0.8595585482390056
2021-11-20 10:00:00+00:00,0.0003588936479047813,0.5692162098858912,0.6971922403602986
2021-11-20 11:00:00+00:00,-0.0038914715828426705,1.5551447327074797,-1.0649108733016803
2021-11-20 12:00:00+00:00,-0.00323914590608391,-0.6227802233550277,0.046979563667489926
2021-11-20 13:00:00+00:00,0.00238643578006745,-2.2412928328063835,0.9777934164118016
2021-11-20 14:00:00+00:00,-0.0005403970028878405,-3.1558916927108083,0.7997308670539619
2021-11-20 15:00:00+00:00,0.020248352184293262,-10.980377190785829,-0.18780976202755195
2021-11-20 16:00:00+00:00,-0.005312687738950378,2.624830039939393,-0.20292808727413236
2021-11-20 17:00:00+00:00,-0.007416605668933919,-0.08127696778151328,-0.6480456152330106
2021-11-20 18:00:00+00:00,-0.026990450658647303,13.24943144246185,-1.0405484834646894
2021-11-20 19:00:00+00:00,-0.0022923245285221853,-1.5224098024194401,-0.10638195812377713
2021-11-20 20:00:00+00:00,-0.0008625282471743624,0.2553721488304688,-0.2843003531960795
2021-11-20 21:00:00+00:00,-0.003987226253883094,2.148999024294809,0.43133880908650063
2021-11-20 22:00:00+00:00,0.0017245315302688172,1.4664134423325497,-0.4917914844824886
2021-11-20 23:00:00+00:00,-0.0018424185933930237,0.9379432620926783,-0.2678742289352391
2021-11-21 00:00:00+00:00,0.003940746019651261,-4.435883760277353,1.6606922310185075
2021-11-21 01:00:00+00:00,0.001776538798600086,-1.4316232769092205,-0.6874456121962642
2021-11-21 02:00:00+00:00,0.006621915751549993,-3.531883004332632,-0.6003924982026536
2021-11-21 03:00:00+00:00,0.004451578275238672,-3.3891131883532997,-0.04233769175499723
2021-11-21 04:00:00+00:00,0.0015268442176385596,0.01816291362807794,-0.32830719949642584
2021-11-21 05:00:00+00:00,-0.006414898855399828,4.719597284627117,0.04312202154684283
2021-11-21 06:00:00+00:00,0.0014517883224392202,0.449528251541375,-1.0171834996247175
2021-11-21 07:00:00+00:00,0.0023768241167274437,-1.3282548997647512,0.049190541962459214
2021-11-21 08:00:00+00:00,0.0066764350303211316,-3.0659140301252448,-0.2043928361688294
2021-11-21 09:00:00+00:00,-0.00341818931128824,2.8680650173507267,-0.4534342958040614
2021-11-21 10:00:00+00:00,0.007289726611498724,-3.319729213674139,-0.5957173022940976
2021-11-21 11:00:00+00:00,0.0009310199660806666,-0.08786233035178512,0.3030985932718359
2021-11-21 12:00:00+00:00,-0.003251954376122163,1.7419735143055153,0.03211018967440161
2021-11-21 13:00:00+00:00,0.004800420349825203,-2.143687145168194,-1.4560770391940536
2021-11-21 14:00:00+00:00,-0.0023892756620588007,3.518142187138006,-0.027774134792614747
2021-11-21 15:00:00+00:00,-0.006244275201625537,5.292574967939267,0.18253505460822742
2021-11-21 16:00:00+00:00,-0.0109350530921935,4.997575984938086,-0.5895312494987839
2021-11-21 17:00:00+00:00,0.008392345122748486,-4.5128298622587115,-0.30524516592625345
2021-11-21 18:00:00+00:00,0.004721312613149374,0.6496774525702024,-0.10266786696354928
2021-11-21 19:00:00+00:00,0.007106376451863431,-3.1563893849962756,-0.21577259422283657
2021-11-21 20:00:00+00:00,-0.008969812465048747,5.228336880193703,-0.9270186085749487
2021-11-21 21:00:00+00:00,0.004368130054651139,0.592849755885172,1.2690961697920997
2021-11-21 22:00:00+00:00,0.010840121792625607,-4.83520455556086,-0.4407205297088369
2021-11-21 23:00:00+00:00,0.01305331433341539,-5.92573965237992,0.0938479794719374
2021-11-22 00:00:00+00:00,0.007085028823294452,-6.672949203599949,3.0972871977445493
2021-11-22 01:00:00+00:00,0.003735807689044915,0.45356892615206135,-0.7046828743671576
2021-11-22 02:00:00+00:00,0.0058856532133618475,-4.4635292181205575,-1.323342382488151
2021-11-22 03:00:00+00:00,0.005638791201497686,-3.0655751327843004,-0.38528155925617896
2021-11-22 04:00:00+00:00,0.0025161797759192376,-3.7168241072210413,-0.029109640901243607
2021-11-22 05:00:00+00:00,-0.007103223014240301,5.311011642352381,0.6951598790573748
2021-11-22 06:00:00+00:00,0.0011403239408111512,-0.03460264148230412,2.1867852318718235
2021-11-22 07:00:00+00:00,-0.0019881833858699806,0.5672152576657815,-0.40027278569066577
2021-11-22 08:00:00+00:00,-0.002170749757358305,1.6295277731034306,0.33324917075499844
2021-11-22 09:00:00+00:00,0.0015457063128351293,-0.6560019034443751,-1.3915886790961531
2021-11-22 10:00:00+00:00,-0.0032479019555273284,3.809424839419228,-0.0843190549531299
2021-11-22 11:00:00+00:00,0.0063716292840618515,-2.635482902247418,1.7154502235069564
2021-11-22 12:00:00+00:00,-0.0010463628492774003,0.02994387851202007,0.6486992107183884
2021-11-22 13:00:00+00:00,-0.021560828734014072,9.036378657541201,-1.7962881376296185
2021-11-22 14:00:00+00:00,0.00733471175996121,-4.766123395924789,0.6055011346017283
2021-11-22 15:00:00+00:00,0.0014180759766412984,0.7997481607962053,2.147985468266691
2021-11-22 16:00:00+00:00,0.0013707267682607504,0.3867439234569589,3.2236657672125903
2021-11-22 17:00:00+00:00,0.0045156271653042845,-3.277432426245356,-0.19484268766569846
2021-11-22 18:00:00+00:00,0.015321979186712995,-7.89863891049509,-1.90211569361816
2021-11-22 19:00:00+00:00,0.01467915232404835,-6.817078855518656,3.1459900055814884
2021-11-22 20:00:00+00:00,0.0017731007748876422,0.3082188644595007,1.0764111767148585
2021-11-22 21:00:00+00:00,-0.00364831619666433,3.6819362824704127,-0.5202939649480313
2021-11-22 22:00:00+00:00,-0.0072867909930913,5.259615382490426,0.2596073315750487
2021-11-22 23:00:00+00:00,0.005821462829865845,-3.5029399864559,3.7210282246251456
2021-11-23 00:00:00+00:00,-0.010555772631244154,3.5884177083056175,-0.30133944214252173
2021-11-23 01:00:00+00:00,-0.0015289488911024282,1.4895090211680992,-2.2810735787970637
2021-11-23 02:00:00+00:00,-0.004343572356333113,2.257862340116203,0.47557109854485236
2021-11-23 03:00:00+00:00,-0.004201863796491547,1.7137537620549543,-1.1878912876572
2021-11-23 04:00:00+00:00,0.0021648711985172223,-0.22048463936133433,1.3872150200035545
2021-11-23 05:00:00+00:00,0.002635604415816161,-2.610385124049568,1.3271001033299439
2021-11-23 06:00:00+00:00,0.0029469103956574947,-0.9596031570116572,1.1826412872225227
2021-11-23 07:00:00+00:00,0.006821564850973875,-3.7459222606914944,1.6241843876207365
2021-11-23 08:00:00+00:00,-0.005995192732194015,2.708412856597692,-1.7457136921490044
2021-11-23 09:00:00+00:00,-0.002439837708694919,0.09289705233457854,0.03454241803519366
2021-11-23 10:00:00+00:00,-0.002894436760533095,2.4131719542080043,0.9637788547990572
2021-11-23 11:00:00+00:00,0.00442053798170164,-2.169713076952874,0.5736020496616165
2021-11-23 12:00:00+00:00,-0.0002516440093861185,0.19671598515969418,-1.2457205043840802
2021-11-23 13:00:00+00:00,-0.00948934035763462,6.145349436850263,-0.5417054778824258
2021-11-23 14:00:00+00:00,-0.029066526293449167,8.792237024588001,-1.430853042853179
2021-11-23 15:00:00+00:00,0.009310267001819007,-2.4080873059899286,0.9225793507597249
2021-11-23 16:00:00+00:00,-0.01722263018233102,3.1840285397630805,-2.540225982534497
2021-11-23 17:00:00+00:00,0.006266985622007775,-1.0677921499600682,0.9432683781412541
2021-11-23 18:00:00+00:00,0.00029563208659208137,0.6068109214179656,0.9435961319898968
2021-11-23 19:00:00+00:00,-0.006930171731516581,3.813045858717089,-1.3591609770537587
2021-11-23 20:00:00+00:00,-0.0056443624683806875,-0.21258255064872073,-0.7981563261441945
2021-11-23 21:00:00+00:00,0.006578036047717623,-1.5649808722336584,0.044165307953778675
2021-11-23 22:00:00+00:00,0.003276372096336382,-0.855097575544584,0.30104642443767665
2021-11-23 23:00:00+00:00,-0.0006030764895211857,1.1309623885472502,0.21573763291094333
2021-11-24 00:00:00+00:00,-0.0024141575274652743,0.19317989100004743,0.27019338775157914
2021-11-24 01:00:00+00:00,0.010667551695677452,-6.007920080766806,3.8977787804271293
2021-11-24 02:00:00+00:00,0.010066528705478512,-6.670822788973257,4.8777514067886685
2021-11-24 03:00:00+00:00,0.0002674132450221744,0.8105610234481216,-3.0100310068945175
2021-11-24 04:00:00+00:00,-0.005110148166056693,1.7472684066653854,1.8688862648588145
2021-11-24 05:00:00+00:00,-0.0003382144038722409,0.6039016157794667,1.4406549359158503
2021-11-24 06:00:00+00:00,-0.0006050946062588309,-0.021874956818169942,0.21678385119318289
2021-11-24 07:00:00+00:00,0.0003395011974109297,-0.0363100630084732,1.5697272927560786
2021-11-24 08:00:00+00:00,-0.0064699640632375115,2.7644373099681303,-0.019611394814375002
2021-11-24 09:00:00+00:00,0.001941407880116161,-1.2604130110146632,3.8483055834813373
2021-11-24 10:00:00+00:00,0.007307603303659635,-2.2473619309963806,0.8817941680136064
2021-11-24 11:00:00+00:00,-0.007599780834231579,3.584184880028388,-0.8017942454930003
2021-11-24 12:00:00+00:00,0.004039400641159626,-1.21695859768063,1.2165488455723745
2021-11-24 13:00:00+00:00,0.011036096131396333,-9.56081777927153,-2.1313383477409586
2021-11-24 14:00:00+00:00,0.0036262704919173307,0.03798268997123225,3.7119228265673554
2021-11-24 15:00:00+00:00,-0.011060271429129225,6.680469713459963,-1.649484450936852
2021-11-24 16:00:00+00:00,0.00520952877000408,-3.4563725104543406,6.6651742817420585
2021-11-24 17:00:00+00:00,0.0026311216220518954,-3.401521157574632,7.163047343333728e-05
2021-11-24 18:00:00+00:00,-0.004192886982415003,4.049465204990467,1.6550565678148665
2021-11-24 19:00:00+00:00,0.004230870209055023,-3.118115357907201,-3.660076160059925
2021-11-24 20:00:00+00:00,-0.012691677713535651,6.272370886823373,-1.2007583239530701
2021-11-24 21:00:00+00:00,0.002948366377757187,1.3298347878080539,0.7621813975479456
2021-11-24 22:00:00+00:00,0.0021943650298791905,1.0862452417331891,3.5393580628959995
2021-11-24 23:00:00+00:00,-0.004621249016486431,2.3527698269653476,-1.9259650756210998
2021-11-25 00:00:00+00:00,-0.009351117041134244,5.654083191069301,-6.999120422555973
2021-11-25 01:00:00+00:00,-0.0003560890895417268,0.6456687579021565,3.6805373950641664
2021-11-25 02:00:00+00:00,0.0014773989137329283,1.7503704609663915,-2.0403200979238525
2021-11-25 03:00:00+00:00,-0.0005755355240185486,2.3149745272952864,0.11521962812551426
2021-11-25 04:00:00+00:00,0.00584286923828568,-3.2199102560562762,3.4178698355789066
2021-11-25 05:00:00+00:00,0.0034272434475960374,-2.885113352971,5.077190406719729
2021-11-25 06:00:00+00:00,8.507588468716952e-05,1.5184740600522153,1.5331261954314592
2021-11-25 07:00:00+00:00,-0.004037033586641788,2.848392926064534,-0.6513833737352179
2021-11-25 08:00:00+00:00,0.0023067816648571784,-1.879768329184003,1.744691656336648
2021-11-25 09:00:00+00:00,-0.0033523300546016636,2.0516801450328845,0.002426513708823062
2021-11-25 10:00:00+00:00,-0.014386510036830679,1.9410416404884714,-6.375873834803643
2021-11-25 11:00:00+00:00,-0.0032520587141725457,3.948241423607724,1.228232189112807
2021-11-25 12:00:00+00:00,-0.012340064001801772,5.007827477223668,-6.454349223267639
2021-11-25 13:00:00+00:00,-0.000386207943121501,0.06814555749367776,2.9295713775763934
2021-11-25 14:00:00+00:00,-0.004726325776975049,3.2350163276021804,-0.7868930150624118
2021-11-25 15:00:00+00:00,0.001095643022406058,-0.3154236017748319,1.1511656330869373
2021-11-25 16:00:00+00:00,-0.0009052662111893501,0.3740482462500586,-3.403074835877362
2021-11-25 17:00:00+00:00,-0.005851547328656954,1.077716674555297,-0.2491734111243326
2021-11-25 18:00:00+00:00,0.003154968842417447,-0.25812857857560845,0.6264291550023959
2021-11-25 19:00:00+00:00,-0.0025158853391957278,-2.335713314811022,0.7106168348623239
2021-11-25 20:00:00+00:00,0.00042888751513482675,-0.20359420519660146,1.3407153412728716
2021-11-25 21:00:00+00:00,0.0020419424337899763,-2.030637796913102,0.8429825676882152
2021-11-25 22:00:00+00:00,-0.0033993756760993263,1.9840266651310212,-0.9851878148577906
2021-11-25 23:00:00+00:00,-0.0002485285916344227,0.07680462345576451,0.7847365268133599
2021-11-26 00:00:00+00:00,0.0055073879257878195,-0.7725491425389431,4.785803337776799
2021-11-26 01:00:00+00:00,0.0005121918933630628,0.5498456769369876,-1.681293599024251
2021-11-26 02:00:00+00:00,0.004602853434031141,-2.7617315340908473,-1.7691621864111358
2021-11-26 03:00:00+00:00,0.00932973704962036,-4.111169787519122,0.5390492300951184
2021-11-26 04:00:00+00:00,0.00142303655390548,-1.372518112844146,0.5364280332601382
2021-11-26 05:00:00+00:00,-0.0014214418157137536,0.296957489075125,-0.6450445158368945
2021-11-26 06:00:00+00:00,0.0032430827259093816,0.1882640035736433,-0.6777368647038143
2021-11-26 07:00:00+00:00,0.01569366242721489,-11.700527061870618,-0.9353375020298454
2021-11-26 08:00:00+00:00,0.04861070569623402,-29.659060517997077,-0.20499580462900413
2021-11-26 09:00:00+00:00,0.005562285730724797,-0.7879428331529174,1.9961701965714667
2021-11-26 10:00:00+00:00,0.004680218955150251,-5.3786802449628865,-1.7522195391830608
2021-11-26 11:00:00+00:00,0.015034824949872091,-6.598220853604204,-1.6136444435564392
2021-11-26 12:00:00+00:00,-0.016920419322894318,11.595175303850997,2.6621549050631983
2021-11-26 13:00:00+00:00,-0.00793224496185736,5.497784883917137,0.4940116689992468
2021-11-26 14:00:00+00:00,-0.0029124546656881644,-0.22260121247509812,-0.6598422548267909
2021-11-26 15:00:00+00:00,0.007849457400247175,-4.323127152976239,-1.0776757872675828
2021-11-26 16:00:00+00:00,-0.0024155818003914987,1.5604753685405695,1.3561784288846306
2021-11-26 17:00:00+00:00,0.00037773822922740374,-0.0717166229227834,1.6949025329508542
2021-11-26 18:00:00+00:00,0.004639654236563699,-1.8748068102504936,-1.6290809980183134
2021-11-26 19:00:00+00:00,-0.006545885868402082,4.215937071913022,0.5994391213979682
2021-11-26 20:00:00+00:00,-0.006961485992089611,2.8875586262233304,-0.14394389829698875
2021-11-26 21:00:00+00:00,0.010866349185731317,-5.21470796733776,-1.1324993108698003
2021-11-26 22:00:00+00:00,-0.0007519058908415445,-1.144774701093562,-0.746647430397286
2021-11-26 23:00:00+00:00,0.005705128123110162,-3.5986376268172737,-0.2721582996330408
2021-11-27 00:00:00+00:00,-0.0056590216776129,6.509941022309347,1.3156830689518648
2021-11-27 01:00:00+00:00,-0.004429967169833262,3.760286740919222,-0.20425099721251527
2021-11-27 02:00:00+00:00,-0.006043501283320846,2.522686759292428,-1.4279629499190265
2021-11-27 03:00:00+00:00,0.0010177843139564813,-1.5260038077681903,-1.055532954081127
2021-11-27 04:00:00+00:00,-0.004512086696446134,3.3657518964034097,-0.3408412734011606
2021-11-27 05:00:00+00:00,0.009877847426806164,-5.823493548583441,-1.5587981584315014
2021-11-27 06:00:00+00:00,-0.0004988970555441763,-1.5571474646208994,-0.7414106444374584
2021-11-27 07:00:00+00:00,-0.0062916996563356226,1.6347128414398182,0.3468226702428927
2021-11-27 08:00:00+00:00,-0.011137262609952119,8.54092346237694,3.246590034310692
2021-11-27 09:00:00+00:00,0.008544979103648952,-4.909587551720409,-0.47974411904344266
2021-11-27 10:00:00+00:00,-0.0023438816737207536,3.4132545140725163,0.08787006573282236
2021-11-27 11:00:00+00:00,0.005401243120672546,-3.0543269790309977,-0.7124065610824212
2021-11-27 12:00:00+00:00,-0.004156244331881654,1.7466194367982735,-0.5340405843748789
2021-11-27 13:00:00+00:00,-0.004091374238762503,2.5382379464014497,0.9045521983512708
2021-11-27 14:00:00+00:00,0.005679999998740967,-2.7852079836130788,-0.2840365123622903
2021-11-27 15:00:00+00:00,-0.0034869429727026075,0.9555235157874016,1.4159271113346878
2021-11-27 16:00:00+00:00,-0.0023486640900942375,0.919894449016748,-1.3397490561686747
2021-11-27 17:00:00+00:00,-0.0010257757647328435,0.08910267121510082,-0.5250686024512652
2021-11-27 18:00:00+00:00,0.001505722321500607,-0.7881504480978292,0.4805995303617464
2021-11-27 19:00:00+00:00,0.005004705939943601,-1.8801910838594567,0.3792381958902334
2021-11-27 20:00:00+00:00,0.014117455936541715,-8.420835479884184,-1.2778124626218275
2021-11-27 21:00:00+00:00,-0.005900879940483349,3.5101966545617813,0.7480771095481117
2021-11-27 22:00:00+00:00,-0.008225321055708263,2.9343448286380034,0.3253362631424102
2021-11-27 23:00:00+00:00,0.005673205297608054,-1.6508654131374771,0.033723915121802575
2021-11-28 00:00:00+00:00,0.0030657903863303346,-1.3202008454716938,-1.5200309958708813
2021-11-28 01:00:00+00:00,0.012690617737849488,-10.240390196651237,-2.0815385564120312
2021-11-28 02:00:00+00:00,-0.002823404003538624,-2.1983817537043375,-0.2388732267536757
2021-11-28 03:00:00+00:00,0.006479432448261598,-4.650874761067941,-0.7564083632487428
2021-11-28 04:00:00+00:00,0.001538425658516168,-3.12808839679784,-0.8441732384264313
2021-11-28 05:00:00+00:00,-0.005827183260241506,,
2021-11-28 06:00:00+00:00,-0.0028928632420133437,,
2021-11-28 07:00:00+00:00,0.0003581139337669466,,
2021-11-28 08:00:00+00:00,0.0014493106280991717,,
2021-11-28 09:00:00+00:00,-0.0013891949996795632,,
2021-11-28 10:00:00+00:00,-0.007691708940870105,,
2021-11-28 11:00:00+00:00,0.0018542376153781776,,
2021-11-28 12:00:00+00:00,0.00048227683793463136,,
2021-11-28 13:00:00+00:00,0.0025651943506220447,,
2021-11-28 14:00:00+00:00,-0.0007437660950475487,,
2021-11-28 15:00:00+00:00,0.0006147611093711781,,
2021-11-28 16:00:00+00:00,0.0012933614427637968,,
2021-11-28 17:00:00+00:00,0.00587164214895276,,
2021-11-28 18:00:00+00:00,-0.0030569407949118414,,
2021-11-28 19:00:00+00:00,-0.008078984869474112,,
2021-11-28 20:00:00+00:00,-0.006096052151443858,,
2021-11-28 21:00:00+00:00,-0.01968231513854354,,
2021-11-28 22:00:00+00:00,0.003925245371583461,,
2021-11-28 23:00:00+00:00,-0.010983339823886508,,
2021-11-29 00:00:00+00:00,-0.008824585884971837,,
2021-11-29 01:00:00+00:00,0.0018008777334574781,-0.03762462567984841,0.034180399619624525
2021-11-29 02:00:00+00:00,0.00590319495546417,-3.570039416778501,1.7599949248027114
2021-11-29 03:00:00+00:00,-0.0006364796531518715,0.5464767446478884,-0.6503291973371439
2021-11-29 04:00:00+00:00,0.0016160290229706282,0.18553179499691788,0.33872567335729703
2021-11-29 05:00:00+00:00,-0.0015931148448785739,0.17613907969498172,-0.9186910759734233
2021-11-29 06:00:00+00:00,-0.001753210433231216,1.431063974679964,0.10590087888774077
2021-11-29 07:00:00+00:00,-0.0015417972315079707,1.8794002090242434,0.10287335561184897
2021-11-29 08:00:00+00:00,0.004622845502208644,-3.342443529219495,-1.0846869448926475
2021-11-29 09:00:00+00:00,0.006582425224814283,-5.9762176905294515,-0.9033194880776652
2021-11-29 10:00:00+00:00,-0.0055455592138459985,5.115726548361822,1.4493677691703009
2021-11-29 11:00:00+00:00,0.005205350021849871,-2.873393427138685,-0.27183755647038993
2021-11-29 12:00:00+00:00,-0.0004020595636162165,0.9461687494835297,-0.10040145736567051
2021-11-29 13:00:00+00:00,-0.006736270646644898,7.891954936009188,-2.4224829826734675
2021-11-29 14:00:00+00:00,0.004608130590945572,-4.646589831137788,0.37416497079309835
2021-11-29 15:00:00+00:00,-0.0017145610506818655,-0.1312784568730281,-0.6278780686494273
2021-11-29 16:00:00+00:00,-0.00685140977985748,4.750518030705099,0.30976237873181517
2021-11-29 17:00:00+00:00,-0.019008871627667248,6.420755254061092,-0.06124029228875986
2021-11-29 18:00:00+00:00,-0.00019928061143866153,0.0651056917001543,-0.41234818361931336
2021-11-29 19:00:00+00:00,0.012951545835128869,-6.010947556059916,-0.9649377658932694
2021-11-29 20:00:00+00:00,-0.002834225209602095,3.662028390127701,1.4282931038049649
2021-11-29 21:00:00+00:00,-0.004484402844980651,2.743884958699087,-0.2643110705018653
2021-11-29 22:00:00+00:00,0.0033739741767542623,-0.8655220346190913,-1.4559810990364337
2021-11-29 23:00:00+00:00,0.004349572837427503,-0.8390318332018095,-2.0548192208952436
2021-11-30 00:00:00+00:00,0.0005655004750281658,3.4656072278792456,0.4731028381813532
2021-11-30 01:00:00+00:00,0.00701532831347738,-2.213902910561961,-0.304700350195349
2021-11-30 02:00:00+00:00,-0.0012174259002828457,0.9380880348962078,-1.4036213713522379
2021-11-30 03:00:00+00:00,0.006278588764600859,-4.452862574910817,-1.722238041059542
2021-11-30 04:00:00+00:00,-0.001845502378687156,1.3299515342466393,-0.3516684751096034
2021-11-30 05:00:00+00:00,0.010808997607267055,-9.1044858438884,0.44337725652914756
2021-11-30 06:00:00+00:00,-0.005048766357664634,2.5345030314478145,0.19878528849399554
2021-11-30 07:00:00+00:00,0.000137940860209682,-1.8664146308771477,-0.17781367405402898
2021-11-30 08:00:00+00:00,-0.0019655739671233124,0.24908286709234093,-0.1789868507695988
2021-11-30 09:00:00+00:00,-0.0037846878566012107,0.940810718289078,0.10650855445266219
2021-11-30 10:00:00+00:00,-0.011286154992707765,2.924029952133414,-0.6421870829532941
2021-11-30 11:00:00+00:00,-0.022208622594292737,7.890227784714698,-0.26766200117862154
2021-11-30 12:00:00+00:00,0.0014318912956573055,3.2374881764561856,-0.027563734301136508
2021-11-30 13:00:00+00:00,-0.013249160463254661,5.312177115330818,-0.1146137455736139
2021-11-30 14:00:00+00:00,-0.00929451521528385,1.7084422158236916,-1.0034393620507922
2021-11-30 15:00:00+00:00,0.016870296169454915,-9.264337282909665,0.18791057826704813
2021-11-30 16:00:00+00:00,0.012075231595278036,-7.001391713379394,-0.14252457156857604
2021-11-30 17:00:00+00:00,-0.008391127203056735,5.295965947697259,0.3932928936921896
2021-11-30 18:00:00+00:00,-0.020901867132495835,6.240940563817648,0.12035189427690926
2021-11-30 19:00:00+00:00,0.00621190280704414,-4.95789866848463,-0.14778646946961385
2021-11-30 20:00:00+00:00,0.004078570892277566,-1.4397673887738267,0.28727598975839697
2021-11-30 21:00:00+00:00,0.003910323479685058,-1.9683729364569909,-0.11339488047511403
2021-11-30 22:00:00+00:00,-0.005280962769783488,1.7492341081601677,-0.13059350696087726
2021-11-30 23:00:00+00:00,0.00490141403417929,-2.9767046088505786,0.6831639588769279
2021-12-01 00:00:00+00:00,-0.02057680588320194,7.786584256665311,0.9402217977646495
2021-12-01 01:00:00+00:00,0.007114094008781572,-2.471673454691498,-0.8136938412895328
2021-12-01 02:00:00+00:00,-0.013007314335891558,2.9044701408294555,-1.212515911790809
2021-12-01 03:00:00+00:00,-0.0013436486993095448,1.5554087656385125,0.5063935120306283
2021-12-01 04:00:00+00:00,0.006727801474995785,-1.7275071014668466,1.0963046241920913
2021-12-01 05:00:00+00:00,0.005260557060941182,-1.6790331131205547,0.6439341393707323
2021-12-01 06:00:00+00:00,-0.005386015829902977,2.6164744600828915,-0.19574074402028707
2021-12-01 07:00:00+00:00,-0.008432556630629686,3.0156685597015946,0.11615207524153849
2021-12-01 08:00:00+00:00,0.013052185423771501,-4.12464577247469,-0.33829590758608463
2021-12-01 09:00:00+00:00,-0.007199613116062783,3.091987567159979,-0.6415311132850062
2021-12-01 10:00:00+00:00,0.003771714468806481,-3.7955734258629237,-1.2074495969286265
2021-12-01 11:00:00+00:00,0.010759853201293123,0.031374171329808145,0.36512831508527205
2021-12-01 12:00:00+00:00,0.0006189083086063502,-0.7705773075006501,-0.7734665655747852
2021-12-01 13:00:00+00:00,-0.0022943057452344505,3.9409849734941744,-0.16701951355352573
2021-12-01 14:00:00+00:00,-0.013823855049404605,5.114888043944634,-0.24088800611644048
2021-12-01 15:00:00+00:00,0.0034996114890669056,-1.394301796453668,-0.12709455801277517
2021-12-01 16:00:00+00:00,0.0064076926462942555,-2.0350821823632304,0.3338233627655579
2021-12-01 17:00:00+00:00,0.0048557571674270154,-2.782449314664288,3.3999716582979733
2021-12-01 18:00:00+00:00,0.0053421643940690785,-3.855157594431496,-0.8558491443556043
2021-12-01 19:00:00+00:00,-0.002765595793784163,-0.23410837898228976,-0.6671124605962039
2021-12-01 20:00:00+00:00,0.019920164602400935,-8.730123677418394,-0.4386463751278003
2021-12-01 21:00:00+00:00,0.0005921275876887954,-0.4806219117474642,-0.5986734349810483
2021-12-01 22:00:00+00:00,0.00021108168794085354,0.8374288876668943,0.22509086264359768
2021-12-01 23:00:00+00:00,-0.0043387135095075266,1.4572180987995493,0.5656876416175414
2021-12-02 00:00:00+00:00,0.001037491076298628,-3.3336980650219754,-2.113709783664894
2021-12-02 01:00:00+00:00,-0.008090966107443984,3.1110084387149795,0.002779459838617108
2021-12-02 02:00:00+00:00,0.008844741459245697,-2.5001561826410983,-0.31087200043165414
2021-12-02 03:00:00+00:00,0.018781883794429386,-7.038859526120551,-1.1806460000325634
2021-12-02 04:00:00+00:00,-0.004252803366568483,3.1803401165552607,0.3268430596535771
2021-12-02 05:00:00+00:00,-0.0030074788641266405,2.821587691474111,0.5255793789112454
2021-12-02 06:00:00+00:00,-0.002396671032097479,-0.5135431162241726,0.0066840850468948085
2021-12-02 07:00:00+00:00,-0.004999216830391997,1.0522508004502482,0.09408301918979023
2021-12-02 08:00:00+00:00,-0.006365029486624257,2.0067358828511943,-1.284504888383923
2021-12-02 09:00:00+00:00,0.001559464295775742,-0.634133261680204,-0.23996674363551643
2021-12-02 10:00:00+00:00,0.004667433225861906,-0.5242623313813795,-0.33628547718636453
2021-12-02 11:00:00+00:00,0.005622652413146656,-1.7651074804062425,0.48238806395077377
2021-12-02 12:00:00+00:00,-0.0010973295056224404,0.246129294290234,-0.11184321602420062
2021-12-02 13:00:00+00:00,0.001409343600194955,-1.3043129354204446,0.7289942973879708
2021-12-02 14:00:00+00:00,-0.011240769195909463,4.938604403128304,-0.1253437446804187
2021-12-02 15:00:00+00:00,-0.0031881931313894165,-3.274302356640923,0.1020894906694045
2021-12-02 16:00:00+00:00,0.013173967889404335,-2.0380254807266227,1.4395070512756487
2021-12-02 17:00:00+00:00,-0.002746047645214246,2.328812769184196,-1.1926312795252496
2021-12-02 18:00:00+00:00,0.00180590622817588,0.30451449978827716,-1.0500587517024411
2021-12-02 19:00:00+00:00,-0.0019467281242457274,-0.37159666491558674,-0.30414411938172276
2021-12-02 20:00:00+00:00,-0.0116022881204742,3.372534922293658,0.5350898324577795
2021-12-02 21:00:00+00:00,-0.0018600608655321175,0.5155846027276887,0.5414547760102052
2021-12-02 22:00:00+00:00,0.0009506208721318845,-0.9258961357471136,-0.17071292304781854
2021-12-02 23:00:00+00:00,0.007575276923057802,-3.654126139479781,1.0667536916623828
2021-12-03 00:00:00+00:00,-0.00017316672193409043,0.7327574154675683,-0.15126953040618352
2021-12-03 01:00:00+00:00,0.0001103421720382968,-0.6501077445767217,-0.9312906331949835
2021-12-03 02:00:00+00:00,0.006112179548009469,-5.497841686780935,-1.5467040878786695
2021-12-03 03:00:00+00:00,-0.001044226199013403,0.8584893016241705,0.05123274402483301
2021-12-03 04:00:00+00:00,-0.007767185228217791,3.426700323967608,0.1615303236675211
2021-12-03 05:00:00+00:00,-0.0084532400875676,2.003148465674685,0.055405239715300474
2021-12-03 06:00:00+00:00,-0.0029700560903569754,3.546153048878625,0.39366020143107916
2021-12-03 07:00:00+00:00,0.0026149805482725014,-1.1670804779122115,-0.08739221472510027
2021-12-03 08:00:00+00:00,0.001889550884935547,-1.31964826960347,-0.6869083681078972
2021-12-03 09:00:00+00:00,-0.0042977437746239,1.7842276911593271,0.24017839951436085
2021-12-03 10:00:00+00:00,0.0002336332632813213,0.8304499804235597,0.5217607845066906
2021-12-03 11:00:00+00:00,-0.008052298485193787,2.121656718571389,-1.360487495226431
2021-12-03 12:00:00+00:00,0.00407590674559771,-0.9100929568803249,-0.061655311820029216
2021-12-03 13:00:00+00:00,-0.000663298466730174,1.248863689516205,-0.7528314101996719
2021-12-03 14:00:00+00:00,0.016991607681093132,-8.344923741034316,-0.3984982647201929
2021-12-03 15:00:00+00:00,0.013009133043589399,-5.218130015157677,-0.4823348686134883
2021-12-03 16:00:00+00:00,0.027221551041622764,-13.315334218413598,-0.17279547470404708
2021-12-03 17:00:00+00:00,-0.002327435558372745,2.4535852538893668,0.37146015103868935
2021-12-03 18:00:00+00:00,0.006502795951484943,0.10908157040509689,-0.639835821724573
2021-12-03 19:00:00+00:00,0.022530403134842274,-11.529508699974075,-0.6077248740488469
2021-12-03 20:00:00+00:00,0.0037584414692890668,-0.7397317484096365,0.17199750135109917
2021-12-03 21:00:00+00:00,-0.0004675983442796018,2.1171009062294415,0.8437467963694488
2021-12-03 22:00:00+00:00,0.004545148085501715,-4.947862632277714,-0.6663075633909791
2021-12-03 23:00:00+00:00,-0.0045642431891661315,1.7970294522198078,0.5863446243378458
2021-12-04 00:00:00+00:00,0.013111701653143121,-13.358223930943625,-2.303115164945937
2021-12-04 01:00:00+00:00,-0.0010858682648764708,0.86281249303982,0.8304048948709073
2021-12-04 02:00:00+00:00,3.443318537992648e-05,1.202430072725652,1.411692419906877
2021-12-04 03:00:00+00:00,0.027581947318047785,-18.98081349613456,-0.6051299543900793
2021-12-04 04:00:00+00:00,0.009758806224569391,-24.38027129409172,-1.6867864250033469
2021-12-04 05:00:00+00:00,0.039985546774684584,-34.06606965869544,0.37122449426395143
2021-12-04 06:00:00+00:00,-0.014216994486104334,5.797416105198674,1.6488177137113504
2021-12-04 07:00:00+00:00,0.0019072262940303198,1.2812171698801789,-0.34259295427801334
2021-12-04 08:00:00+00:00,-0.009300772180262243,6.188463104054616,0.6643362327585749
2021-12-04 09:00:00+00:00,0.003462319886356537,0.3667560791589461,-0.5395005471101705
2021-12-04 10:00:00+00:00,0.00010826519914886655,-0.7453954398107643,-0.5101891567342095
2021-12-04 11:00:00+00:00,0.011607813636941043,-11.077865946374889,-0.9686916240146863
2021-12-04 12:00:00+00:00,-0.010431990844102686,7.137083364105262,1.694083910953179
2021-12-04 13:00:00+00:00,-0.011880348657180111,5.095229026169129,0.09538724469690464
2021-12-04 14:00:00+00:00,-0.012604808144159018,11.905823158620002,2.3343690486314674
2021-12-04 15:00:00+00:00,-0.0014660396452211046,3.7805444536896498,3.0145658393602464
2021-12-04 16:00:00+00:00,0.010440461305954727,-7.122117522820607,-0.034965794301255
2021-12-04 17:00:00+00:00,-0.006195699003122742,5.897059842152931,-0.46975054320971676
2021-12-04 18:00:00+00:00,-0.010643861994366042,4.216078907961084,-0.9178219326288859
2021-12-04 19:00:00+00:00,-0.009992877495794774,6.073469253936778,-0.5058500475446467
2021-12-04 20:00:00+00:00,0.003270289232929358,0.7993525958724194,4.570950074917595
2021-12-04 21:00:00+00:00,0.010319886366477335,-5.792470725085141,-0.8968270735958314
2021-12-04 22:00:00+00:00,-0.00759718579999685,5.655757214985138,2.0168593746089383
2021-12-04 23:00:00+00:00,-0.0056523714759988426,-0.24935834960021358,0.26015247354903726
2021-12-05 00:00:00+00:00,0.002615866004733001,-5.309113486333906,-1.4206803333209956
2021-12-05 01:00:00+00:00,0.002171436862217295,0.2687635047935019,0.42595327029922764
2021-12-05 02:00:00+00:00,-0.0010053207749080768,-2.1164447546803467,-1.6358129798400938
2021-12-05 03:00:00+00:00,-0.013196367279447145,5.372221769244313,0.1263140555734731
2021-12-05 04:00:00+00:00,0.0011694465122401884,-3.1824265035019152,1.82202076547728
2021-12-05 05:00:00+00:00,-0.010608605626894203,5.557801659870476,-0.9954825342079866
2021-12-05 06:00:00+00:00,-0.004220503292786542,0.40080956923530553,-0.5280053043801565
2021-12-05 07:00:00+00:00,0.00477882453349264,-2.7203670188968703,-0.02631132869898526
2021-12-05 08:00:00+00:00,-0.00327801081366174,1.6644319197482433,-0.767145710263764
2021-12-05 09:00:00+00:00,0.007133530663231251,-7.549140171975076,-0.5149854854637836
2021-12-05 10:00:00+00:00,-0.0014453044040745404,2.5210527345446687,0.1282965252515798
2021-12-05 11:00:00+00:00,0.00027306699117434006,-0.07301552268760844,1.0262732831510033
2021-12-05 12:00:00+00:00,-0.008792252988457823,2.7979255468927127,-0.12513320129515576
2021-12-05 13:00:00+00:00,0.00715900937435564,-3.9418671221542576,-0.6012157408374307
2021-12-05 14:00:00+00:00,0.014390666192199508,-11.607049019866288,-0.725054487347348
2021-12-05 15:00:00+00:00,0.018702724193459575,-11.525005102701655,-0.6782111354608611
2021-12-05 16:00:00+00:00,-0.009021961849682314,4.660300154868172,-0.3768671007443141
2021-12-05 17:00:00+00:00,-0.010811237703136745,6.145656005185245,-0.30686639693761303
2021-12-05 18:00:00+00:00,0.0026568893187251647,-3.6710866832075153,-0.3071895648736396
2021-12-05 19:00:00+00:00,0.0015415019870842711,-1.2104927470311193,-0.3133612633979805
2021-12-05 20:00:00+00:00,0.000740505419535393,-0.2135773930223253,-0.4374767872183397
2021-12-05 21:00:00+00:00,-0.0015989998813960478,1.0274827612773354,0.4558624892958544
2021-12-05 22:00:00+00:00,-0.0036261796272438517,1.329685883329482,-0.07550495480154984
2021-12-05 23:00:00+00:00,-0.008589132390831837,2.394749216688257,0.7648192243256711
2021-12-06 00:00:00+00:00,0.01736116740820842,-13.091924300698828,-0.9445055332808804
2021-12-06 01:00:00+00:00,-0.003354502423089232,5.2444530767836515,-0.30418624945186806
2021-12-06 02:00:00+00:00,-0.0017015791207884538,1.5178547946035263,-0.7245573604930738
2021-12-06 03:00:00+00:00,-0.005009323858428949,1.9839428476271834,0.4312637937722023
2021-12-06 04:00:00+00:00,0.004298566596957968,-1.1874343995868086,1.1392782949812603
2021-12-06 05:00:00+00:00,0.011232572053387258,-6.435403569844142,-0.0007950443802260398
2021-12-06 06:00:00+00:00,0.013226935775257586,-5.957893275338662,-0.40114302782212385
2021-12-06 07:00:00+00:00,-0.0014796815301234758,-0.30840928946105317,0.564359098693053
2021-12-06 08:00:00+00:00,0.0038819568824790406,0.37101868827521167,-0.7486938728209246
2021-12-06 09:00:00+00:00,0.021056292242619623,-10.937731236222284,-1.0834066496497987
2021-12-06 10:00:00+00:00,0.0054271690276514,-1.1578001445393902,-0.36516057490933773
2021-12-06 11:00:00+00:00,-0.025480519775974337,11.18151280448715,-0.5768267996907758
2021-12-06 12:00:00+00:00,0.00180410830918793,-0.6786898471591571,-0.407655469590168
2021-12-06 13:00:00+00:00,0.004702516749993354,-2.821847402906956,1.3348327683572765
2021-12-06 14:00:00+00:00,0.004001243196723553,0.9047582241769814,-1.4783269970534034
2021-12-06 15:00:00+00:00,-0.027762942559951244,14.76056680320128,1.7772463202071087
2021-12-06 16:00:00+00:00,-0.007914990504106292,4.475308917929604,1.5622724082619672
2021-12-06 17:00:00+00:00,-0.0016045881963226757,-2.863506396592177,-0.32419761870476654
2021-12-06 18:00:00+00:00,-0.0011160501930072948,1.3597001821182795,0.47507887525687253
2021-12-06 19:00:00+00:00,-0.0027330108200109347,1.601520081612681,1.1995100661785207
2021-12-06 20:00:00+00:00,0.0014742008018126917,-1.078230098370964,0.24547535564889383
2021-12-06 21:00:00+00:00,-0.03160126573819989,13.964007152450105,0.809074522839652
2021-12-06 22:00:00+00:00,-0.0025487177621142916,7.401662544266425,-0.32380103860598614
2021-12-06 23:00:00+00:00,-0.0020753476068700364,-1.1902879699239348,-0.07211644036995324
2021-12-07 00:00:00+00:00,-7.37408732563271e-05,1.374952616317145,-0.8249351868108439
2021-12-07 01:00:00+00:00,0.0021823954756039375,-1.6295579521810843,-0.8292343236544548
2021-12-07 02:00:00+00:00,0.006856466212491514,-2.827747747895741,-0.5623143803493014
2021-12-07 03:00:00+00:00,-0.00941660831260428,3.2555697119302986,0.3202677059786635
2021-12-07 04:00:00+00:00,-0.0005390005171154898,0.4998993882727927,1.0370851114440662
2021-12-07 05:00:00+00:00,0.0005659913349451994,1.1121625815189682,0.5038654282403299
2021-12-07 06:00:00+00:00,-0.004562364065310231,2.728695564350508,-0.299000686658747
2021-12-07 07:00:00+00:00,0.0029823896399863467,-1.1363181100574127,0.3681559158081335
2021-12-07 08:00:00+00:00,-0.011865470460390265,6.763680967265219,2.1302464352716752
2021-12-07 09:00:00+00:00,0.004295511625852878,-0.7527555299775562,-0.25031858255571926
2021-12-07 10:00:00+00:00,-0.005345856715385685,0.3548688198766923,-0.1751571853100844
2021-12-07 11:00:00+00:00,-0.0006226060375247929,1.1589224777573508,-0.8869363333490177
2021-12-07 12:00:00+00:00,0.010817982628141674,-7.48682467617831,-1.1250779172372494
2021-12-07 13:00:00+00:00,0.00018139848609994753,1.0692420329288757,-0.1590545244873531
2021-12-07 14:00:00+00:00,-0.014250288075527086,6.146693355650101,-0.1853990266421366
2021-12-07 15:00:00+00:00,0.004065760241573943,1.2901465578942035,0.06627532361088254
2021-12-07 16:00:00+00:00,0.007211721389012741,-4.030457609885802,0.03752405895215283
2021-12-07 17:00:00+00:00,0.006595904878361022,-1.2830026960587209,-1.2319221516919368
2021-12-07 18:00:00+00:00,0.001327483628960307,-0.8031478517428724,-0.25078885854374394
2021-12-07 19:00:00+00:00,-0.00041713116805838785,-0.1211883949994986,-0.03526125657362883
2021-12-07 20:00:00+00:00,0.0074169747548721455,-5.025481190833086,-0.11509347314346174
2021-12-07 21:00:00+00:00,-0.001250778654072694,1.1835086777492378,-0.09382380022333939
2021-12-07 22:00:00+00:00,0.006835208930017074,-4.9674858414865035,-0.26674950855750845
2021-12-07 23:00:00+00:00,-0.00882454180195593,4.890382739040987,-0.3996070967303666
2021-12-08 00:00:00+00:00,-0.006204119081893035,1.8699340389387384,-0.9913473419311265
2021-12-08 01:00:00+00:00,0.0026350125652904654,-2.437073748945715,-0.31688969053627425
2021-12-08 02:00:00+00:00,0.0027594474578713137,-1.1070536284087529,-0.5261349457839043
2021-12-08 03:00:00+00:00,-0.002028340692478028,-3.335266748178587,-0.0860634354672553
2021-12-08 04:00:00+00:00,-0.007112176733993468,3.9923485698082493,-0.216090522181835
2021-12-08 05:00:00+00:00,-0.0002643542261443607,0.1599764631611214,0.11119015814038724
2021-12-08 06:00:00+00:00,-0.012317673519470346,4.955742004001511,-0.16992365819304944
2021-12-08 07:00:00+00:00,0.00021609493181714524,0.33424277929327767,-0.6918862450537521
2021-12-08 08:00:00+00:00,-0.0016298600941986967,1.1921423286961608,-0.6865625316825704
2021-12-08 09:00:00+00:00,0.013726626075778353,-4.148997440229861,-0.9848836273373407
2021-12-08 10:00:00+00:00,0.009678879667254984,-10.265802098443412,-0.45278601829708187
2021-12-08 11:00:00+00:00,-0.0007412343178230255,2.144922311597205,0.07687358984656584
2021-12-08 12:00:00+00:00,-0.007784626366951175,4.4716654655609505,0.03784311773888141
2021-12-08 13:00:00+00:00,9.45332818319909e-05,-0.569150973413891,-0.8581237363767099
2021-12-08 14:00:00+00:00,-0.022441857508711537,13.074758021401868,-0.8554169405355022
2021-12-08 15:00:00+00:00,0.003344520583503669,-0.8877582708042137,-0.8442143705095091
2021-12-08 16:00:00+00:00,0.0021552381058586936,-2.9084112543146166,0.29695178309502823
2021-12-08 17:00:00+00:00,0.009754172941994202,0.2708237467474808,0.42947300014904854
2021-12-08 18:00:00+00:00,-0.005337714518505526,3.8836049835656703,0.3233979293842561
2021-12-08 19:00:00+00:00,0.0041472166099819525,-0.6877313813426368,1.0002501051632988
2021-12-08 20:00:00+00:00,-0.0063673460326938575,3.0254609031285926,0.8262427219368547
2021-12-08 21:00:00+00:00,-0.0015918026164756392,-0.34581568885173525,-0.6407428766312603
2021-12-08 22:00:00+00:00,0.006575268371507839,-2.743579940306385,0.7343978940553706
2021-12-08 23:00:00+00:00,-0.01152073629524455,6.733443365069634,-0.07304529355195433
2021-12-09 00:00:00+00:00,0.0009213673340068171,-1.685049706299205,1.3852789212718568
2021-12-09 01:00:00+00:00,0.0052427148754169515,-3.623482067299512,-0.5223538298987251
2021-12-09 02:00:00+00:00,0.0042576085327031285,-3.5370057026706743,-0.06109768621899189
2021-12-09 03:00:00+00:00,0.007594210174502952,-3.2013983487893816,0.1303590237832435
2021-12-09 04:00:00+00:00,-0.007279820718060677,3.432420559164654,-0.3847967886454391
2021-12-09 05:00:00+00:00,0.004061281866223188,-0.7845959593521711,-0.5091626973460168
2021-12-09 06:00:00+00:00,-0.001268572928034359,-1.097615254038382,-0.675096616353891
2021-12-09 07:00:00+00:00,-0.0004005048742475611,2.2495128701362805,0.3137732684873889
2021-12-09 08:00:00+00:00,0.008247066001058087,-2.3776344007046424,1.4635915731022142
2021-12-09 09:00:00+00:00,0.007312698781822432,-2.0956985105788926,-2.1854391496096732
2021-12-09 10:00:00+00:00,6.801570791439632e-05,1.381466306044554,0.947794592471439
2021-12-09 11:00:00+00:00,0.001915731878620549,-1.0026810842724323,-0.680262980595196
2021-12-09 12:00:00+00:00,-0.0007002450375483792,1.4126921773741692,0.8300181239498119
2021-12-09 13:00:00+00:00,0.0017208467022840463,-2.0658707158482645,-0.7914291545972325
2021-12-09 14:00:00+00:00,0.015617963231423995,-10.89738442222962,0.4336080937586505
2021-12-09 15:00:00+00:00,0.007914616981910453,1.2205886188755146,-0.5586451618991806
2021-12-09 16:00:00+00:00,-0.0009571718624167236,0.6716015566264077,-0.48699610569487234
2021-12-09 17:00:00+00:00,0.00982377345650618,-5.280548383355711,0.4738592418108968
2021-12-09 18:00:00+00:00,0.009532973700961638,-4.306844382743465,-0.8244079745145342
2021-12-09 19:00:00+00:00,0.0004073241879257199,-0.7973783137796819,-0.41694848883359226
2021-12-09 20:00:00+00:00,-0.00029052628093130935,-1.0585572789332167,-1.0287723103334594
2021-12-09 21:00:00+00:00,-0.010009138873789845,4.259761292987481,1.5157477789181055
2021-12-09 22:00:00+00:00,-0.0005243741536809379,-0.12684517206354953,0.23281075971038281
2021-12-09 23:00:00+00:00,0.015548046220083175,-5.625155241696436,0.3892859061970914
2021-12-10 00:00:00+00:00,-0.0038323758757488643,3.8422812848793146,0.05109437268935657
2021-12-10 01:00:00+00:00,-0.009204201314686957,2.586966229767956,2.526448007225037
2021-12-10 02:00:00+00:00,-0.0025315580388758172,0.602558897006117,-0.007912007671057153
2021-12-10 03:00:00+00:00,0.006417947229231366,-2.867222038663636,-0.8642964674824899
2021-12-10 04:00:00+00:00,0.0031422913213413717,-1.2694179577993956,-0.13276398360537575
2021-12-10 05:00:00+00:00,0.0015556786689350432,-0.0030458399233845926,-0.47346620636510717
2021-12-10 06:00:00+00:00,0.013453892736917163,-6.894137723728165,-0.2545563587004352
2021-12-10 07:00:00+00:00,0.009308021227264566,-3.340583627916395,-0.009753069321202734
2021-12-10 08:00:00+00:00,-0.011061127069803068,4.462047428739752,0.12652009245114265
2021-12-10 09:00:00+00:00,-0.006864675292381744,3.1568033084242404,-1.2145097328261547
2021-12-10 10:00:00+00:00,0.002738587015611594,-1.312759671265578,-0.10491182793144889
2021-12-10 11:00:00+00:00,-0.01674383453558527,5.221739833119426,0.21146833754037675
2021-12-10 12:00:00+00:00,-0.0029301073397138195,3.171169966939012,1.0515479099764713
2021-12-10 13:00:00+00:00,-0.0077398981153721305,3.8712330477998247,0.07466453715178534
2021-12-10 14:00:00+00:00,0.04137783003010255,-13.88594289395039,0.504506279697648
2021-12-10 15:00:00+00:00,0.0020916172183634797,-2.3082113979723378,-0.6925005522349794
2021-12-10 16:00:00+00:00,0.010940835154426313,-4.846031662555121,-0.5402018334225411
2021-12-10 17:00:00+00:00,0.0013467723437560134,1.1988462752709326,-0.3713294228608628
2021-12-10 18:00:00+00:00,-0.0028264229126635358,0.4111766188246666,0.597797279227636
2021-12-10 19:00:00+00:00,-0.00845104085044313,3.119792943542884,0.47984216242948563
2021-12-10 20:00:00+00:00,-0.008580922710449359,3.541393945585551,0.11045757193678296
2021-12-10 21:00:00+00:00,0.013936062370208072,-4.946914108528073,-0.40692461555253784
2021-12-10 22:00:00+00:00,0.00866825674280569,-3.9673944541467647,0.01617909292608194
2021-12-10 23:00:00+00:00,0.015505121981249106,-7.1914363385479,0.02697958080496432
2021-12-11 00:00:00+00:00,-0.010715602072013136,0.9311843718299989,-1.0683813339365742
2021-12-11 01:00:00+00:00,-0.007159181619203343,3.1275668438848236,-0.11792916710611909
2021-12-11 02:00:00+00:00,-0.005452051508439003,3.2541631591569633,-0.0963467297218159
2021-12-11 03:00:00+00:00,-0.003990383989218983,0.6942417304520332,0.5831938678992978
2021-12-11 04:00:00+00:00,-0.005410207052020443,2.5226773044122535,-0.13110792363725468
2021-12-11 05:00:00+00:00,0.00041613800366741965,-0.9138303880539234,-0.18724595351803555
2021-12-11 06:00:00+00:00,0.015993956817533708,-3.441142080905666,-0.5730329540952515
2021-12-11 07:00:00+00:00,-0.0036138428812460756,1.8037168532495147,-0.9703506047017626
2021-12-11 08:00:00+00:00,-0.009630713556246527,3.2785403071725434,0.5444938110597435
2021-12-11 09:00:00+00:00,0.0014053791068058302,2.763979484445119,-0.3194432186758933
2021-12-11 10:00:00+00:00,-0.0018066659260272723,1.4411831425073398,-0.1452700840654302
2021-12-11 11:00:00+00:00,0.0013428390004577362,-2.1092568319024907,0.21478937617203128
2021-12-11 12:00:00+00:00,-0.005678458439100384,1.6234347078081448,0.16960124771007054
2021-12-11 13:00:00+00:00,0.006221412074513996,-1.7309959370370518,-0.246940427826393
2021-12-11 14:00:00+00:00,-0.00407490381422087,2.1041700531654324,0.5925981633653603
2021-12-11 15:00:00+00:00,-0.0067015815489090535,3.3149909988414303,0.7502205956722207
2021-12-11 16:00:00+00:00,-0.004223346299399228,2.1696415338440658,1.7364641572443469
2021-12-11 17:00:00+00:00,0.006558838240939302,-2.0095580940066373,-0.39790812290299377
2021-12-11 18:00:00+00:00,0.001172522352751294,-0.7545908094753561,-0.4953688137815493
2021-12-11 19:00:00+00:00,0.008189702450984628,-3.620525400470607,-0.3212924679552825
2021-12-11 20:00:00+00:00,-0.0022331126396947076,2.1655123689675193,0.23696589157716544
2021-12-11 21:00:00+00:00,-0.003093138522217108,1.4915553769148486,-0.2743974221162293
2021-12-11 22:00:00+00:00,0.0010116849839762194,0.22737489207615114,0.25026314166451324
2021-12-11 23:00:00+00:00,-0.015416080948060667,4.594725678776382,1.0109430240165773
2021-12-12 00:00:00+00:00,0.006519647404363503,-0.5621919102089704,1.1466450146114298
2021-12-12 01:00:00+00:00,0.005453150726735786,-1.178529505467928,0.45214739582341673
2021-12-12 02:00:00+00:00,0.00044622572979175656,-1.2680705237590217,-0.5326009002081395
2021-12-12 03:00:00+00:00,-0.001795390747386449,2.0899273230430953,0.7305413270979714
2021-12-12 04:00:00+00:00,0.006521995188797197,-3.6717757211111555,-0.0041306429803273925
2021-12-12 05:00:00+00:00,-0.005309090951643449,0.386160858192486,-0.2712210256621928
2021-12-12 06:00:00+00:00,-0.00393450824259888,2.6637140027774424,-0.05500271669950668
2021-12-12 07:00:00+00:00,-0.00023870639638617455,0.6671418850537015,0.6104297694862245
2021-12-12 08:00:00+00:00,0.010623504467056167,-3.7409189868245023,0.20501188574941026
2021-12-12 09:00:00+00:00,0.001646030737295616,-2.6586891747847177,-0.6276051598196489
2021-12-12 10:00:00+00:00,-0.002083836338305219,1.5924524763559968,-0.1042150321118456
2021-12-12 11:00:00+00:00,-0.005636855971294663,2.3988362108784793,0.1964706486854026
2021-12-12 12:00:00+00:00,0.0006184280539035264,1.4944030472627898,0.21200306642825817
2021-12-12 13:00:00+00:00,-0.001956211403271413,2.112476776840957,-0.02600030458548286
2021-12-12 14:00:00+00:00,-0.0005863407959582571,0.6569487300300487,0.5363942797591845
2021-12-12 15:00:00+00:00,0.00532892890046557,-2.5058228937364175,-0.05604710932740822
2021-12-12 16:00:00+00:00,-0.0044107511776770225,1.9497285622670102,-0.6307792763970824
2021-12-12 17:00:00+00:00,-0.009074296290278857,4.6103264756895115,0.5327324497077366
2021-12-12 18:00:00+00:00,-0.014978909944412684,3.399113448481942,0.22928216562857054
2021-12-12 19:00:00+00:00,0.0024070857709286835,-1.246402009300578,0.04338584278888993
2021-12-12 20:00:00+00:00,-0.002187567829225777,1.5003068140213776,0.12609184222899422
2021-12-12 21:00:00+00:00,0.0059786609607004075,-2.0056215553001606,-0.23117595197654467
2021-12-12 22:00:00+00:00,-0.0075718245864755266,1.2773037919387913,0.5903772042026162
2021-12-12 23:00:00+00:00,0.005997953742516646,-1.7996406516720456,0.5072715021802732
2021-12-13 00:00:00+00:00,0.015340038752240583,-4.0700994308640945,-0.5657717869227422
2021-12-13 01:00:00+00:00,0.024554188140273388,-9.393627450339213,-0.427967585013038
2021-12-13 02:00:00+00:00,-0.0035143896488288202,0.9248563332190118,1.2407092062886123
2021-12-13 03:00:00+00:00,-0.0035281697691349574,1.6074823936715892,-0.1393878212124128
2021-12-13 04:00:00+00:00,-0.005684608823686675,0.7136883600594973,-0.5721703218432628
2021-12-13 05:00:00+00:00,-0.005428514798478008,2.722735936593238,-0.604599724834575
2021-12-13 06:00:00+00:00,0.012825555553877923,-6.379124155295782,-0.6393369799349979
2021-12-13 07:00:00+00:00,0.00028229021348626695,-2.1803840110769666,-0.6815937607065446
2021-12-13 08:00:00+00:00,-0.008113481332216654,4.400919283819208,-0.28666467850210026
2021-12-13 09:00:00+00:00,0.0050260322493608945,-1.8497208330394832,-0.15644786294443389
2021-12-13 10:00:00+00:00,0.0013497344524482945,-0.9746316570678343,-0.2656837686993414
2021-12-13 11:00:00+00:00,-0.0043900107578991624,1.1987275852010362,0.11495470637521725
2021-12-13 12:00:00+00:00,0.005228913208884599,-3.1334410537980166,0.3691894140132628
2021-12-13 13:00:00+00:00,0.004051786299496649,-1.3123770257145235,-0.6623581756615405
2021-12-13 14:00:00+00:00,0.01370184765912427,-7.284506314543037,0.6570695249346477
2021-12-13 15:00:00+00:00,0.02843732981512039,-8.543914175295905,-0.796494330657707
2021-12-13 16:00:00+00:00,2.6612800068905724e-05,0.1947767496910291,0.6241880418957408
2021-12-13 17:00:00+00:00,-0.0048232616761940275,1.2652049802474825,0.30815919436679545
2021-12-13 18:00:00+00:00,0.0012327614045443108,-2.715469975677864,0.3145128214792193
2021-12-13 19:00:00+00:00,0.014967471625220654,-8.144716229227411,-0.6093579502890192
2021-12-13 20:00:00+00:00,0.002423833125352601,-1.5333963877303511,0.36126767055075415
2021-12-13 21:00:00+00:00,-0.003554139220320706,2.648090710785515,-0.1233382313935009
2021-12-13 22:00:00+00:00,-0.006259986465503609,5.202062758928849,0.6824570262090434
2021-12-13 23:00:00+00:00,0.0031282411287689173,-4.680239567983348,-0.5838478705328892
2021-12-14 00:00:00+00:00,-0.008566191475171969,3.2769163860486534,-0.12136462556968869
2021-12-14 01:00:00+00:00,0.008314874648865258,-1.6568186569070376,-0.5352567718997827
2021-12-14 02:00:00+00:00,0.00022672104694671083,0.5942892786680203,-0.41012181724655705
2021-12-14 03:00:00+00:00,0.0015726868580811222,-0.5925006784339554,-0.3539837206049893
2021-12-14 04:00:00+00:00,0.00124846124215717,-0.9504555935505675,0.039069067045771316
2021-12-14 05:00:00+00:00,0.00922819825675438,-3.3425812514286792,-0.6861041215085014
2021-12-14 06:00:00+00:00,0.002085513634101745,1.712580750408676,-2.133762302913191
2021-12-14 07:00:00+00:00,-0.015365815615897487,6.578168429790141,-0.17489889692148794
2021-12-14 08:00:00+00:00,-0.008763212968176403,5.073486641589953,2.326984477573524
2021-12-14 09:00:00+00:00,0.012970824148416061,-7.8045457036423,-0.21309455228453617
2021-12-14 10:00:00+00:00,-0.013480614456775654,9.774690801514195,-1.5412178841594855
2021-12-14 11:00:00+00:00,-0.006132680007572934,4.345258072148907,-0.9956518335937846
2021-12-14 12:00:00+00:00,0.004261837418845068,-1.0502368124647976,0.5193683976031955
2021-12-14 13:00:00+00:00,0.007893716833061922,-4.600182128946424,0.7549435367543031
2021-12-14 14:00:00+00:00,-0.006114560702695145,2.271661358664323,0.65795059746808
2021-12-14 15:00:00+00:00,0.008786508751627944,-5.031571597777141,1.0241876240675754
2021-12-14 16:00:00+00:00,0.005339820072959683,-0.17294638520156697,-1.0756783903631804
2021-12-14 17:00:00+00:00,0.0018432507645756422,-2.21193775937389,-0.3405788158534532
2021-12-14 18:00:00+00:00,-0.002271412017428271,-2.223925154683179,-0.08815730359505343
2021-12-14 19:00:00+00:00,0.0049115477864012606,1.9767806371034424,0.16468739358008833
2021-12-14 20:00:00+00:00,0.014297968401257855,9.038901906500088,-0.6071473946994885
2021-12-14 21:00:00+00:00,0.003299424278202991,5.386447931481843,0.841672670495709
2021-12-14 22:00:00+00:00,-0.0028312935620949955,-2.4951004096542566,-1.0887122977832602
2021-12-14 23:00:00+00:00,0.004896801470498684,2.2931584732890262,0.2755648347634413
2021-12-15 00:00:00+00:00,-0.0025279566492709933,-1.8208519710036661,0.9343359743407545
2021-12-15 01:00:00+00:00,-0.003256530675035933,-1.352917851861902,-1.1549861317092371
2021-12-15 02:00:00+00:00,-0.002074280166381811,-0.5240255357743826,0.3697537414274458
2021-12-15 03:00:00+00:00,0.005132631133179165,2.787162504099399,0.19890389639932346
2021-12-15 04:00:00+00:00,0.0024224806104877375,0.18033752502407652,0.19479505602816186
2021-12-15 05:00:00+00:00,-0.0014689684130699788,-0.4149885098052179,-0.41376018434234435
2021-12-15 06:00:00+00:00,0.0003797818265745733,-0.3480238569592127,0.7129687507417375
2021-12-15 07:00:00+00:00,0.0028189151309324536,2.4976759260094576,-0.4231772802604395
2021-12-15 08:00:00+00:00,0.006548124374589795,2.674870085402505,0.724460152466778
2021-12-15 09:00:00+00:00,-0.0027597948483152716,-0.6822792923016731,-0.06792344951908152
2021-12-15 10:00:00+00:00,-0.004579050873448739,-2.826438107612744,-0.3041547142665119
2021-12-15 11:00:00+00:00,-0.0024079415114332445,-1.8622973169970043,-0.058657053497025866
2021-12-15 12:00:00+00:00,-0.010757318943060527,-8.252773253426017,-0.36587826847002675
2021-12-15 13:00:00+00:00,0.0024739293559510422,2.012479341560054,0.07472039663787172
2021-12-15 14:00:00+00:00,-0.010724562204001814,-4.908062194563722,-0.387413823331985
2021-12-15 15:00:00+00:00,-0.032376724877443634,-11.712172061268713,0.01676583911319321
2021-12-15 16:00:00+00:00,0.016155414646819053,5.261131672520861,-0.30411400292437735
2021-12-15 17:00:00+00:00,0.003614522215750455,2.7244258009657853,0.6125632926110001
2021-12-15 18:00:00+00:00,0.021419128288677227,9.373508640659042,0.29972833947470456
2021-12-15 19:00:00+00:00,0.04257816439242425,16.61892340915632,1.3580200442239052
2021-12-15 20:00:00+00:00,0.021425761654980353,10.493398106713562,1.309806190236992
2021-12-15 21:00:00+00:00,0.0018588439313749717,0.28782135589639896,-0.4336867682794698
2021-12-15 22:00:00+00:00,-0.015091257139224481,-6.399490269325323,-0.23046552746932014
2021-12-15 23:00:00+00:00,0.004556362147429001,3.1496849538794423,0.6316280463844626
2021-12-16 00:00:00+00:00,0.005628948822956739,3.931264817086626,1.220045303883444
2021-12-16 01:00:00+00:00,0.002008101385673863,0.10694071442148766,-0.025347186498504145
2021-12-16 02:00:00+00:00,-0.00454271103295006,-0.4233976717969889,0.04315764902191445
2021-12-16 03:00:00+00:00,-0.0030826623869260297,-1.8635917045585115,-0.010988653245011012
2021-12-16 04:00:00+00:00,-0.002194746260853476,-1.9163871279689089,-0.3293617552661399
2021-12-16 05:00:00+00:00,-0.0051883725331081775,-3.5720997031361947,0.24159525501962936
2021-12-16 06:00:00+00:00,0.008312486214539205,4.636237250402515,0.04937642662360288
2021-12-16 07:00:00+00:00,-0.0005760743702012882,-0.5420185434781716,-0.2717673598127263
2021-12-16 08:00:00+00:00,0.0014200778974842137,1.235956007146704,-0.37056242476422596
2021-12-16 09:00:00+00:00,0.003532969651690694,2.9464741051249006,0.15056981689856103
2021-12-16 10:00:00+00:00,0.0011194522660143166,3.178749474300973,-0.22896807876348252
2021-12-16 11:00:00+00:00,0.005062403220582943,2.4013621417229967,0.6301414067192537
2021-12-16 12:00:00+00:00,-0.009173712726153369,-5.982224905193529,0.3656302051059041
2021-12-16 13:00:00+00:00,0.010784915254080677,4.529158963763612,0.12345989180340644
2021-12-16 14:00:00+00:00,-0.0036005987078766223,-2.1886700005211197,-0.9484235640958245
2021-12-16 15:00:00+00:00,-0.004507367441455439,0.8610119691057586,-0.11911803246438261
2021-12-16 16:00:00+00:00,0.0017816426930101206,-2.332170724127567,1.173561613041259
2021-12-16 17:00:00+00:00,0.010696453892597605,-5.071473415887436,-0.5429626088132458
2021-12-16 18:00:00+00:00,0.0021851046211038994,-2.0766638500902435,0.3634917948729779
2021-12-16 19:00:00+00:00,0.007578362191395165,-5.215595209144115,0.13820476161329623
2021-12-16 20:00:00+00:00,-0.006096138570060921,3.181023112006993,0.09326962621128854
2021-12-16 21:00:00+00:00,-0.0032070174578121926,1.8658508626841015,-0.09931367970108552
2021-12-16 22:00:00+00:00,0.006304757662326062,-4.08047517344631,-0.41328513308436365
2021-12-16 23:00:00+00:00,0.012746156093168275,-6.09346948803821,-0.11661154050807947
2021-12-17 00:00:00+00:00,-0.0060393678724905845,5.010390160731332,-0.1395473335585286
2021-12-17 01:00:00+00:00,-0.001015501156094502,0.2711912661834888,0.1199329294389842
2021-12-17 02:00:00+00:00,0.002098569105632301,-0.5273271686630684,0.3096549560889288
2021-12-17 03:00:00+00:00,0.0021572138604917896,0.038898958056753544,0.09637801782335327
2021-12-17 04:00:00+00:00,-0.002957153599035673,1.5881523198254435,-0.20633133484040245
2021-12-17 05:00:00+00:00,0.004543517405685,-2.2479574912654883,-0.8518297140321348
2021-12-17 06:00:00+00:00,0.006274604430413756,-3.3814599579641897,0.30608698033186316
2021-12-17 07:00:00+00:00,0.01351131860750535,-5.236632695891214,0.21305878953269541
2021-12-17 08:00:00+00:00,-0.0020945238815886823,3.0361675577395286,-0.4684583897849893
2021-12-17 09:00:00+00:00,0.0022704361366364975,-0.3003387364593888,0.060518029506468535
2021-12-17 10:00:00+00:00,0.015544370999035948,-6.149982105132355,0.2977551352652219
2021-12-17 11:00:00+00:00,-0.0035461374210153745,-0.3832755110393273,-0.46555588283594507
2021-12-17 12:00:00+00:00,0.00299352368867325,-0.9084251754003911,-0.28865541361040253
2021-12-17 13:00:00+00:00,0.0021606000259997123,-2.252872006987241,-0.5111875466440974
2021-12-17 14:00:00+00:00,0.020831375643928222,-10.95527452087431,-0.20149321566560005
2021-12-17 15:00:00+00:00,-0.026700177910635458,12.861464094850845,-0.7453741338798401
2021-12-17 16:00:00+00:00,-0.02013340793381689,7.537642801868535,-0.9678579151855806
2021-12-17 17:00:00+00:00,0.0135611728162217,-7.89422028598263,0.5920084196653557
2021-12-17 18:00:00+00:00,-0.011694819357123036,3.877567822530433,0.7701506080807786
2021-12-17 19:00:00+00:00,0.005669297503209442,-2.927545287316436,-0.503543154955158
2021-12-17 20:00:00+00:00,0.009480849142231514,-5.187275621839175,-0.011143966852012153
2021-12-17 21:00:00+00:00,-0.01780051480830157,9.019048176796328,0.5099643348223549
2021-12-17 22:00:00+00:00,-0.0016355365211288358,0.7507264802268457,0.6772468153259682
2021-12-17 23:00:00+00:00,0.00550074933729925,-0.22370189494834902,0.39558812062725995
2021-12-18 00:00:00+00:00,-0.0011393314855473145,5.209493882836665,2.8357433590114955
2021-12-18 01:00:00+00:00,0.025802651585380493,-10.485693146845476,-1.4223312228813203
2021-12-18 02:00:00+00:00,-0.0020320256477958094,1.0939099464763098,-1.1137029807374257
2021-12-18 03:00:00+00:00,-0.02361724530541264,8.644240638896704,-0.3542064545931304
2021-12-18 04:00:00+00:00,-0.0009248498183251563,2.7109972336121064,-0.5986589240493776
2021-12-18 05:00:00+00:00,-0.0038702735947017865,2.4377277203043426,0.45456558842901845
2021-12-18 06:00:00+00:00,0.003820718791758007,-3.0499822397835965,0.30699349584390473
2021-12-18 07:00:00+00:00,0.001424396422673461,1.2468970754055546,0.29611686492120504
2021-12-18 08:00:00+00:00,-0.002406295118960261,1.81019356834824,1.8011666736623249
2021-12-18 09:00:00+00:00,-0.011333506969639971,6.83735831851567,2.3034171248291937
2021-12-18 10:00:00+00:00,-0.007136014549153522,3.0015503029220008,-0.6949187428028653
2021-12-18 11:00:00+00:00,0.0017683125424273634,-2.6854534488764967,-0.9909913689331151
2021-12-18 12:00:00+00:00,-0.00044818758094290723,0.35636226340976274,0.10094823228876823
2021-12-18 13:00:00+00:00,0.008484720949392111,-4.160191849444978,0.12013038390075559
2021-12-18 14:00:00+00:00,-0.010205933048216861,5.942776626314693,0.05012332467725711
2021-12-18 15:00:00+00:00,0.0023452787318285423,-2.1059298217099927,-0.018863717176978483
2021-12-18 16:00:00+00:00,0.0011566742322878555,-0.7238221290080439,1.3983862840868473
2021-12-18 17:00:00+00:00,0.0033958603236463997,-1.345737673117178,0.8105942877137232
2021-12-18 18:00:00+00:00,-0.002558691011580647,1.3629895893829673,-0.9160354014280693
2021-12-18 19:00:00+00:00,-0.0037385305204434656,-0.8577502441904108,-0.7734135616647221
2021-12-18 20:00:00+00:00,-0.0013500511832655383,0.7051744871702885,-0.33014915127286537
2021-12-18 21:00:00+00:00,-0.004395797063304968,0.8756986880938099,0.2598469725618027
2021-12-18 22:00:00+00:00,0.00314737071193384,-1.6141354394534495,0.4472893191833847
2021-12-18 23:00:00+00:00,0.0024942446739800515,0.37231902167491543,1.2469819949872623
2021-12-19 00:00:00+00:00,0.004246808904330781,-0.2058189240209037,2.6181155807645395
2021-12-19 01:00:00+00:00,0.006600083493127517,-2.4046209492214246,-1.1615019888666134
2021-12-19 02:00:00+00:00,-0.006327448404299417,4.47263903059454,-0.9373888760880604
2021-12-19 03:00:00+00:00,-0.011434299201138379,5.852619496197706,-0.2676556440834144
2021-12-19 04:00:00+00:00,-0.0063232739788360555,1.31279847195179,-0.16967460257507666
2021-12-19 05:00:00+00:00,0.00680210869079975,-3.3790746306146127,0.07480463511643154
2021-12-19 06:00:00+00:00,0.0034344921106540896,-0.44435386821814477,0.14768751940779973
2021-12-19 07:00:00+00:00,-0.0005351529875876232,0.3502246540189204,0.6614948461910362
2021-12-19 08:00:00+00:00,0.00232155191482096,-1.4917196070487495,-0.3276398244570448
2021-12-19 09:00:00+00:00,0.008482198169953818,-3.638660485577236,-0.49067327009722167
2021-12-19 10:00:00+00:00,0.006050633391606974,-1.7110756101286246,0.22381698804775962
2021-12-19 11:00:00+00:00,-0.0008864103638284862,0.3176148500203852,0.1365037763216184
2021-12-19 12:00:00+00:00,-0.003747195866837711,1.3224824336322403,-0.46403609181187233
2021-12-19 13:00:00+00:00,-0.005250909252875666,2.538526592352342,-0.4330769160828124
2021-12-19 14:00:00+00:00,0.00554070170664182,-1.9941326883499464,0.06366333537871803
2021-12-19 15:00:00+00:00,0.003927443850137412,-0.9573829335596733,-0.15940728555325984
2021-12-19 16:00:00+00:00,0.0006933255635667559,-0.19734884257181107,0.9979578593693222
2021-12-19 17:00:00+00:00,0.0019031921907728263,-1.82734206944639,-0.6328582268862551
2021-12-19 18:00:00+00:00,7.181135671242586e-06,-0.36771107846367784,-0.23056942575638878
2021-12-19 19:00:00+00:00,0.005700842174551638,-5.63502574648443,0.8195877075717788
2021-12-19 20:00:00+00:00,-0.0019201701621440934,1.911063991673878,-0.3067136665749298
2021-12-19 21:00:00+00:00,0.00276907383993583,-1.1848368043365178,-0.313207331603922
2021-12-19 22:00:00+00:00,-0.014547614576886,6.3030611290785545,-0.5531480890681609
2021-12-19 23:00:00+00:00,0.014276582796459197,-6.704119572386984,-0.01691179725739944
2021-12-20 00:00:00+00:00,-0.008377448947228283,2.987250306836345,-0.42512841108456145
2021-12-20 01:00:00+00:00,0.004703675674332406,-0.9015333156989873,-0.2703478698618606
2021-12-20 02:00:00+00:00,0.0003147614436364154,-1.0953036379537318,-1.0575354204398792
2021-12-20 03:00:00+00:00,0.0045081102906705745,-1.030181355768105,-0.22402991794614804
2021-12-20 04:00:00+00:00,-0.0031024943475130547,1.936474228957098,-0.146013239340533
2021-12-20 05:00:00+00:00,0.0207531441334217,,
2021-12-20 06:00:00+00:00,-0.001745654317183664,,
2021-12-20 07:00:00+00:00,0.007725557355967841,,
2021-12-20 08:00:00+00:00,0.0021864262129189273,,
2021-12-20 09:00:00+00:00,0.011888071904371356,,
2021-12-20 10:00:00+00:00,-0.0077274011639027656,,
2021-12-20 11:00:00+00:00,-0.004074817354737973,,
2021-12-20 12:00:00+00:00,0.008114695511011766,,
2021-12-20 13:00:00+00:00,0.0015472291006717591,,
2021-12-20 14:00:00+00:00,-0.01688501491106806,,
2021-12-20 15:00:00+00:00,0.010294602282891863,,
2021-12-20 16:00:00+00:00,-0.013203755899068824,,
2021-12-20 17:00:00+00:00,0.006633436827866561,,
2021-12-20 18:00:00+00:00,-0.0066813622836325755,,
2021-12-20 19:00:00+00:00,-0.005757921916917169,,
2021-12-20 20:00:00+00:00,-0.015014140124530988,,
2021-12-20 21:00:00+00:00,0.004421360101577285,,
2021-12-20 22:00:00+00:00,0.005013378701013709,,
2021-12-20 23:00:00+00:00,-0.013661595173499328,,
2021-12-21 00:00:00+00:00,0.0019572079462920155,,
2021-12-21 01:00:00+00:00,0.0022108343396174557,-0.6075566440291348,0.07172382598873125
2021-12-21 02:00:00+00:00,0.0027523973908478304,-0.5139992252185699,-0.17234655207110872
2021-12-21 03:00:00+00:00,-0.022638133036798028,10.587412819402644,-0.07732803891386347
2021-12-21 04:00:00+00:00,-0.005555515605022398,4.358730737885694,-0.39112364784621667
2021-12-21 05:00:00+00:00,0.005041694847266407,1.083685323444739,0.33911962970416604
2021-12-21 06:00:00+00:00,-0.0007027742435713677,0.8154895554016406,1.7045831229828161
2021-12-21 07:00:00+00:00,0.0028065619937528473,-1.7689565752499856,0.9425570076917402
2021-12-21 08:00:00+00:00,-0.003862378875506321,2.232681538286158,0.017422149485821513
2021-12-21 09:00:00+00:00,0.00015478016886208022,0.5438322056090066,0.4625992619245792
2021-12-21 10:00:00+00:00,9.414809664156963e-06,-0.32082969312603665,-0.28127691232264473
2021-12-21 11:00:00+00:00,-0.0019063506096753551,1.241097067858127,0.7561064504104729
2021-12-21 12:00:00+00:00,0.0024886876121180527,0.5878826285933357,0.41247371965923463
2021-12-21 13:00:00+00:00,0.0014714408473919436,1.407051640734102,-0.48446794722210573
2021-12-21 14:00:00+00:00,0.003080098468046413,-2.6288504553245167,-0.2179528555421947
2021-12-21 15:00:00+00:00,0.004653886850066499,-1.6171415820918351,0.23239236905494776
2021-12-21 16:00:00+00:00,-0.004857371690919793,2.7542832956289067,1.1266180573318219
2021-12-21 17:00:00+00:00,0.001592517865478217,-0.767587695196992,-0.6785267756776797
2021-12-21 18:00:00+00:00,0.001135069632614271,0.45063503894849927,-0.4299938353290279
2021-12-21 19:00:00+00:00,-0.0051478755321843215,3.5674247863543505,0.25974943016094965
2021-12-21 20:00:00+00:00,-0.00044746106693355675,0.40737081838733136,-0.590705512213802
2021-12-21 21:00:00+00:00,-0.004194765415944819,4.6114989704983005,-0.10698406474454887
2021-12-21 22:00:00+00:00,-0.00041763290631274293,2.932309481677431,1.2919718678369652
2021-12-21 23:00:00+00:00,0.003489720807352997,-1.1228243316235424,0.3289846640781402
2021-12-22 00:00:00+00:00,0.004519153752290656,-2.7241715979850327,-1.121516583529991
2021-12-22 01:00:00+00:00,-0.01137267213585567,5.0830740677345965,-0.5747248046285426
2021-12-22 02:00:00+00:00,-0.0034589735591243525,5.293432446888205,-1.526158057188611
2021-12-22 03:00:00+00:00,0.0017462675909331092,0.7627815691682326,1.342200995251178
2021-12-22 04:00:00+00:00,-0.0010456936525134002,0.3697514443334809,-0.07386224262401352
2021-12-22 05:00:00+00:00,0.0048730583216893926,-2.5133796878662076,0.11855672780560302
2021-12-22 06:00:00+00:00,-0.0013897705047776455,0.4864488119353261,-0.6703317894462049
2021-12-22 07:00:00+00:00,-0.00213313624367552,3.6173342610438475,-0.803209619627332
2021-12-22 08:00:00+00:00,0.0036547130760923034,0.22458597514506703,1.0903554170591458
2021-12-22 09:00:00+00:00,0.004958437500839566,-3.9716241027931964,-0.783876296392417
2021-12-22 10:00:00+00:00,-0.0025388988835636853,5.027394936348277,0.16354006030393228
2021-12-22 11:00:00+00:00,0.0002181978868809467,1.6775170457657729,0.24538379205734243
2021-12-22 12:00:00+00:00,0.01717382312761401,-9.672661694751197,-0.1194329693259084
2021-12-22 13:00:00+00:00,-0.002007492547362488,3.438803635510737,0.3199768437397882
2021-12-22 14:00:00+00:00,-0.009598010732187917,6.7854238726270735,0.5459871241511602
2021-12-22 15:00:00+00:00,0.0018775831771767738,2.558318581296589,-0.2560498890338334
2021-12-22 16:00:00+00:00,0.0004286119834655368,1.083370073166037,0.7363790519077307
2021-12-22 17:00:00+00:00,-0.006826074298867341,-6.062939193723209,0.8835735094537076
2021-12-22 18:00:00+00:00,4.6878938237033714e-05,0.6064882481637411,0.19955531223769124
2021-12-22 19:00:00+00:00,0.004087224640674346,4.730300454901543,0.010206669240942344
2021-12-22 20:00:00+00:00,0.0017241858759566534,0.5217723848906092,0.6467701790617586
2021-12-22 21:00:00+00:00,0.002403377881750669,0.8216894674365063,0.057143745616091146
2021-12-22 22:00:00+00:00,-0.0033192796121318214,-0.46685701168253935,0.19988370303049494
2021-12-22 23:00:00+00:00,-0.005501498240630372,-6.688782236357625,1.1927814211681775
2021-12-23 00:00:00+00:00,-0.010174520056383972,0.21053030639605422,-0.37726387617307944
2021-12-23 01:00:00+00:00,0.0036947634438325837,6.287912660866613,-0.07457710065578982
2021-12-23 02:00:00+00:00,0.0028800508183581494,-0.6234563438233282,0.7169722825634883
2021-12-23 03:00:00+00:00,-0.0011407441667355155,3.1126610665855825,0.7526072264982573
2021-12-23 04:00:00+00:00,-0.003308732758374962,-2.4181921019280526,0.8233288141895644
2021-12-23 05:00:00+00:00,-0.0007040367304538749,-1.5074939726471632,-0.026871210872790582
2021-12-23 06:00:00+00:00,0.003969221771412828,3.9964867798928476,-0.23702695345878064
2021-12-23 07:00:00+00:00,-0.01272162755770208,-7.559115639652926,0.13963950851062507
2021-12-23 08:00:00+00:00,0.005024200990434069,6.2107589272412005,-0.044106084447641504
2021-12-23 09:00:00+00:00,-7.1371174305875e-05,0.26612681542598793,0.11461459090550141
2021-12-23 10:00:00+00:00,0.0031531158195986404,1.9061195527421049,-0.13011847832703904
2021-12-23 11:00:00+00:00,-0.0022205086950106904,-0.6198100584981275,0.5659472496293275
2021-12-23 12:00:00+00:00,0.0030574392662517155,3.769978144425908,-0.6199970500531922
2021-12-23 13:00:00+00:00,0.000600649068174132,1.3952861977004785,0.12868447886023923
2021-12-23 14:00:00+00:00,-0.0013819917622,0.7469404426504607,0.1733885549215027
2021-12-23 15:00:00+00:00,0.002638365058330026,4.155241266488565,0.09656898590647492
2021-12-23 16:00:00+00:00,0.009195039088557714,6.644984314980797,-0.5062857232253638
2021-12-23 17:00:00+00:00,0.014293188263677788,8.921403711181272,-0.18314233365370877
2021-12-23 18:00:00+00:00,0.011637609580190453,4.779842373935884,0.45308788510559944
2021-12-23 19:00:00+00:00,0.008777769751960287,3.79907266819386,-1.1235296304083058
2021-12-23 20:00:00+00:00,-0.0029045259613232717,-3.1694754557722016,-0.7543909761408372
2021-12-23 21:00:00+00:00,-0.0021947754130144364,0.2776796343953363,-0.5781080492394504
2021-12-23 22:00:00+00:00,-0.0031160214550579454,0.32619967152268836,-2.078646992685856
2021-12-23 23:00:00+00:00,0.0029044982923572024,3.05973417266439,0.5993713250433573
2021-12-24 00:00:00+00:00,-0.0016773877634052908,-0.3105371604877113,-0.6946485609358326
2021-12-24 01:00:00+00:00,0.003863619591270723,1.9110424278627498,0.2239523375304158
2021-12-24 02:00:00+00:00,-0.00511185252555771,-2.810316652019894,0.11750252474257833
2021-12-24 03:00:00+00:00,-0.0011892895248716091,-0.821234705975837,-0.970842201718526
2021-12-24 04:00:00+00:00,-0.0005080981089340491,-1.1025385659529718,0.5675335754530023
2021-12-24 05:00:00+00:00,-0.0001743221255476259,-0.7995818314517912,1.2675933159937633
2021-12-24 06:00:00+00:00,-0.0012209195769721046,0.2772313011888333,2.4957724476671874
2021-12-24 07:00:00+00:00,0.0003101945126600812,2.9233119006043817,-0.782012878782554
2021-12-24 08:00:00+00:00,0.0019898600603652007,1.3779453737716594,-1.3163418659955837
2021-12-24 09:00:00+00:00,0.002572967467427467,2.2803114119010974,0.5477432355160478
2021-12-24 10:00:00+00:00,-0.0032517815941152874,-0.05894810929057703,0.778461006997785
2021-12-24 11:00:00+00:00,-0.0035197609885575746,-3.887833929761489,-0.8240233946319696
2021-12-24 12:00:00+00:00,0.0018501682743445372,1.9992417137552168,0.14373153898338276
2021-12-24 13:00:00+00:00,-9.986482556901521e-05,-0.8780408890357252,0.47350558021565503
2021-12-24 14:00:00+00:00,-0.004409426174333585,-2.6732521882374476,1.0835516485347578
2021-12-24 15:00:00+00:00,0.0015884600886631399,2.707775828496853,3.35363489201477
2021-12-24 16:00:00+00:00,-0.002337739245538421,0.5849199715961518,1.0652355706794485
2021-12-24 17:00:00+00:00,0.0025649512635764313,1.0806653704524631,-1.130695223375332
2021-12-24 18:00:00+00:00,0.004538907346810255,3.335054205866226,-0.8808083273094249
2021-12-24 19:00:00+00:00,-0.00940193115615443,-9.72771542463943,1.7440531519104518
2021-12-24 20:00:00+00:00,-0.002390022027972672,3.030934851747683,-0.44860789653148936
2021-12-24 21:00:00+00:00,-0.0010386536155119193,-3.0724938739389422,1.1356207369111766
2021-12-24 22:00:00+00:00,-0.0018287978688870741,-6.9840020288657465,-0.14538879618390313
2021-12-24 23:00:00+00:00,-0.0020017266880623464,-0.3206140877297593,1.064495192755382
2021-12-25 00:00:00+00:00,0.003092821579238501,7.086610310206802,0.616357156965929
2021-12-25 01:00:00+00:00,-0.001922543437133787,-1.8168465685474573,-0.43855612855484005
2021-12-25 02:00:00+00:00,-0.004707323500463985,-2.2616413221356595,-0.5949498267245471
2021-12-25 03:00:00+00:00,0.0033415080050401428,0.4161647154864543,-1.289662351834992
2021-12-25 04:00:00+00:00,-0.00019334158215050706,2.1219910266349045,-1.4540725681068676
2021-12-25 05:00:00+00:00,0.0016882680676430662,2.1919424861392276,-0.9796439275036967
2021-12-25 06:00:00+00:00,0.0029874241256006347,2.0946746312900273,-1.6312276916643593
2021-12-25 07:00:00+00:00,-0.0008370735190299925,-0.39560777080276455,-0.6705817116700874
2021-12-25 08:00:00+00:00,0.0008815743374047012,1.8223735514267432,-2.0273030960630836
2021-12-25 09:00:00+00:00,-0.0033081207800831043,-1.463803819422399,1.0885074968130513
2021-12-25 10:00:00+00:00,-0.0030293702633968815,-4.648768308013866,-0.19184136436604068
2021-12-25 11:00:00+00:00,0.004200403436539498,2.172625776187344,0.0824258583331341
2021-12-25 12:00:00+00:00,0.007921269457877857,3.690340277153774,-0.020883334589405386
2021-12-25 13:00:00+00:00,-0.001686221847006817,1.3110063575419328,-1.1803851192903472
2021-12-25 14:00:00+00:00,-0.001722257016465168,-1.1742798568082349,-0.38382154722307477
2021-12-25 15:00:00+00:00,0.002877364850936907,1.3172093396927613,-0.6379268830755755
2021-12-25 16:00:00+00:00,-0.0005621031989449096,-1.026216224966918,0.10597859077668773
2021-12-25 17:00:00+00:00,-0.0018059290939925951,-0.48585168067739565,-0.15602352416016246
2021-12-25 18:00:00+00:00,0.003236820230233508,2.1299406313951965,0.4407395027106733
2021-12-25 19:00:00+00:00,-0.000563085429082229,-0.6517509039441525,-0.8267218306902474
2021-12-25 20:00:00+00:00,0.005963822765935896,1.0964471359128118,1.073582365081388
2021-12-25 21:00:00+00:00,0.0032323045017842024,2.574660538203884,0.9044189473072101
2021-12-25 22:00:00+00:00,-0.00755556039007907,-2.478728500283584,0.7309692254043789
2021-12-25 23:00:00+00:00,0.001817811356219106,0.25323807119084674,0.6625579508967472
2021-12-26 00:00:00+00:00,-0.0028926342010222,-1.6278048052115257,0.372595964396287
2021-12-26 01:00:00+00:00,0.002546855717914597,3.414185130999993,-0.2869610709363271
2021-12-26 02:00:00+00:00,-0.0052041301613365,-6.495422252262378,-1.5798859212433896
2021-12-26 03:00:00+00:00,-0.011207701860297776,-10.507497048197287,0.10604077121639817
2021-12-26 04:00:00+00:00,0.0020054370265857255,4.772550089124279,-0.8438932161268724
2021-12-26 05:00:00+00:00,0.0014083872277014702,-1.7656185170779308,0.5170663069970333
2021-12-26 06:00:00+00:00,-0.00035201965378737745,1.3953140154073767,0.09603655938478552
2021-12-26 07:00:00+00:00,0.0018649490803262162,2.3432906975581154,0.20444411450594005
2021-12-26 08:00:00+00:00,-0.0010655972672471885,0.6732981082379103,0.7081266663847547
2021-12-26 09:00:00+00:00,0.0017796569751414148,3.431619289781536,0.0038700222416512275
2021-12-26 10:00:00+00:00,0.001519580599081612,2.242629513546304,0.4057624843622285
2021-12-26 11:00:00+00:00,-0.0036932219066821395,-4.045801121397056,1.2014660089131313
2021-12-26 12:00:00+00:00,0.0022622460523436185,3.303983193068696,0.0578625213399912
2021-12-26 13:00:00+00:00,-0.0012764367816227823,0.04378531263115008,1.0011871482696793
2021-12-26 14:00:00+00:00,0.0014825278698413725,1.089568466133734,0.8338614773440771
2021-12-26 15:00:00+00:00,0.00029954915511089546,2.2597322484486595,0.7158481206371445
2021-12-26 16:00:00+00:00,0.002273615391698851,4.543111530276771,0.1192847299298815
2021-12-26 17:00:00+00:00,0.0009508854485400775,1.8092419038685568,0.057054883424972926
2021-12-26 18:00:00+00:00,0.0014221545647314729,0.876616882270403,-1.0065698639270642
2021-12-26 19:00:00+00:00,0.000488234670082835,0.516986224224162,-0.30646680056432773
2021-12-26 20:00:00+00:00,-0.0012908643231103571,-1.68565718450806,0.08845234803835371
2021-12-26 21:00:00+00:00,0.0024984373458746064,2.298508403840775,-0.37497351535811196
2021-12-26 22:00:00+00:00,-6.708097743779063e-05,1.4883360164567834,-0.4791576102992844
2021-12-26 23:00:00+00:00,-0.0036947073111122716,-2.683013885366668,-0.12124579660273875
2021-12-27 00:00:00+00:00,-0.0003208048002503765,-0.49794459733509144,-0.40819911738562453
2021-12-27 01:00:00+00:00,0.00242232151297949,2.0054437530631817,-0.41086881424045907
2021-12-27 02:00:00+00:00,-0.0009971317704559367,0.5888891284224577,0.5903755351089925
2021-12-27 03:00:00+00:00,0.0016200122657290769,2.914112281816617,-0.3393995035439351
2021-12-27 04:00:00+00:00,-0.004226857658877482,-0.37605033016526734,1.1541594869582135
2021-12-27 05:00:00+00:00,-0.002012471576956533,-0.28642484067361995,2.313203457516317
2021-12-27 06:00:00+00:00,0.0014480538384261138,2.073208230030027,0.16883436698177726
2021-12-27 07:00:00+00:00,-0.00405768304643522,-1.3635435119685062,1.4235587575936752
2021-12-27 08:00:00+00:00,-0.003728092266730334,-4.580747359243051,0.3716633771345932
2021-12-27 09:00:00+00:00,0.003423980870401383,4.165863541775577,0.21620403830204546
2021-12-27 10:00:00+00:00,0.0021162395443558957,2.3404058394499216,0.32249820324716794
2021-12-27 11:00:00+00:00,-0.00014143656564406354,2.1786551500166516,-0.329574816709156
2021-12-27 12:00:00+00:00,0.005086787023162575,1.6421679922440997,-0.4486571229749733
2021-12-27 13:00:00+00:00,0.0022484213503560333,3.5407700912618405,-0.21793391866994155
2021-12-27 14:00:00+00:00,-0.00017170842788549244,3.477707595771165,1.6802208510912713
2021-12-27 15:00:00+00:00,-0.0005778613238187773,-0.102252548844525,0.7324357652970801
2021-12-27 16:00:00+00:00,-0.00047288558254196316,1.725937891405213,0.4603047995495103
2021-12-27 17:00:00+00:00,0.006364501969317886,2.5985709093313973,-0.21973755260610586
2021-12-27 18:00:00+00:00,-0.004522990618633327,-2.1316580711833533,-1.7690324031341087
2021-12-27 19:00:00+00:00,-0.004930150206309675,-4.454043579041137,0.685210710395196
2021-12-27 20:00:00+00:00,0.002885831667149418,1.97127455466497,0.7508562856628205
2021-12-27 21:00:00+00:00,-0.008017941578637215,-5.490201033552951,-0.9342684421126397
2021-12-27 22:00:00+00:00,0.0009029974375981248,-3.4256611963883166,-0.43218856721778187
2021-12-27 23:00:00+00:00,-0.006392638542777209,-5.689607239930921,-0.3272700408493981
2021-12-28 00:00:00+00:00,-0.002483279176421781,-4.5924738400647485,3.8370192104809266
2021-12-28 01:00:00+00:00,-0.011659221303255215,-10.365840006480967,0.19560800258484415
2021-12-28 02:00:00+00:00,-0.0036653676921942716,-3.9580132476522807,0.36753202612454566
2021-12-28 03:00:00+00:00,-0.0016786327772582283,-3.1181938749928664,0.7948957833178403
2021-12-28 04:00:00+00:00,-0.012264258829302698,-9.522107605052026,-2.2882718430709796
2021-12-28 05:00:00+00:00,0.0030996020047231888,6.683410227450377,0.5870564692754788
2021-12-28 06:00:00+00:00,0.000522073034324706,-0.08822306987366577,-1.018114614717057
2021-12-28 07:00:00+00:00,-0.001468758383838535,-0.38720797531759005,0.3416755830732283
2021-12-28 08:00:00+00:00,6.503280184124195e-05,3.8700642223221746,1.253512955147586
2021-12-28 09:00:00+00:00,-0.008127842170440701,-6.687201877588813,-1.9934763718779775
2021-12-28 10:00:00+00:00,0.004433296690463048,2.8797565201086157,0.062291594718358295
2021-12-28 11:00:00+00:00,0.004545942811900639,6.9557633217466694,-0.2772153463200216
2021-12-28 12:00:00+00:00,-0.0031013175001451676,-2.5084241788447725,0.8030920326906612
2021-12-28 13:00:00+00:00,0.0002950097573042209,-1.3486136279602734,0.21301185302595915
2021-12-28 14:00:00+00:00,0.00046949116922894953,-2.748687241019018,0.4316966044205984
2021-12-28 15:00:00+00:00,-0.0032625930850048446,-2.970086979397287,-0.28458236826902256
2021-12-28 16:00:00+00:00,-0.008696284357555938,-3.626179809289295,1.664023024833843
2021-12-28 17:00:00+00:00,-0.009688791937718187,-11.584062660703074,0.5537579076614811
2021-12-28 18:00:00+00:00,-0.0069752935081603094,-3.947098414344712,0.8062370093766389
2021-12-28 19:00:00+00:00,0.0019399927563080075,-0.6824138964014593,-0.7555830750068487
2021-12-28 20:00:00+00:00,0.004975577698234481,4.9372212775241,-0.5005186047288928
2021-12-28 21:00:00+00:00,-0.004672543607829992,-6.786108122627949,-0.7639742938516482
2021-12-28 22:00:00+00:00,0.0006243507862364092,2.4141421057236347,0.29037152200093036
2021-12-28 23:00:00+00:00,-0.004504283579727229,-5.355403835137209,-0.6816754561018992
2021-12-29 00:00:00+00:00,0.0061719857463849,6.910020591437696,1.0965909752485883
2021-12-29 01:00:00+00:00,-0.004143645804013062,-1.2279317293696341,0.19139799528073392
2021-12-29 02:00:00+00:00,0.004254184078281114,5.689936136787541,-0.22804751952029195
2021-12-29 03:00:00+00:00,-0.000497818432415369,1.4669449164971684,0.20060491880853948
2021-12-29 04:00:00+00:00,-0.003270811527608032,-4.933694102994041,-0.6440709757682168
2021-12-29 05:00:00+00:00,-6.921396472755572e-05,-2.815411805878662,-0.9091141748338465
2021-12-29 06:00:00+00:00,7.293777370581503e-05,1.4815937071737793,0.8156283337675436
2021-12-29 07:00:00+00:00,-0.001603018119966437,-3.5619766156962096,1.6106972611459711
2021-12-29 08:00:00+00:00,-0.00020378403614394476,3.764605815340449,-1.1761692804303039
2021-12-29 09:00:00+00:00,0.004907699044916302,0.8852700821196924,-0.694796005106493
2021-12-29 10:00:00+00:00,-0.005398665986210634,-3.5985854885150976,0.5986635162669715
2021-12-29 11:00:00+00:00,-0.0004331302593925449,-0.4004841549994985,-0.9685134014487232
2021-12-29 12:00:00+00:00,-0.016524886448854397,-15.594749096198457,1.910498632784212
2021-12-29 13:00:00+00:00,0.00743384273380273,3.7340575328676553,-1.2064510155728052
2021-12-29 14:00:00+00:00,0.0064919321775706315,9.550318664451346,1.7830407330029217
2021-12-29 15:00:00+00:00,0.0034177820424708114,2.1126015163242604,0.33772889237467985
2021-12-29 16:00:00+00:00,-0.002681098204648795,-4.8171310173842175,-0.9980184801770189
2021-12-29 17:00:00+00:00,-0.007563148739619076,-4.444504489509141,-0.33456712721808135
2021-12-29 18:00:00+00:00,-0.0004846512403555089,2.2062999411335387,-1.2340104751665635
2021-12-29 19:00:00+00:00,-0.006827285806928146,-6.1294019048224655,-2.1874176448125886
2021-12-29 20:00:00+00:00,0.005156044147540355,2.3827964712951917,0.32030502283006956
2021-12-29 21:00:00+00:00,-0.0048456430149912836,-1.9769197761418174,1.3134478106572116
2021-12-29 22:00:00+00:00,-0.0011355442578242787,0.33623269904522535,0.2647629421822999
2021-12-29 23:00:00+00:00,-0.024853682946126613,-11.531610537559072,0.6294285486910415
2021-12-30 00:00:00+00:00,0.007978338437062318,0.5807859797863442,-1.7726593939164705
2021-12-30 01:00:00+00:00,-0.0023021233704256148,-2.9518083435976816,-1.5376482176601065
2021-12-30 02:00:00+00:00,0.0003516536309381311,-0.5789711137153486,-0.7975007164859134
2021-12-30 03:00:00+00:00,-0.00030400683179068847,-3.7861325809782986,-0.6717321521239739
2021-12-30 04:00:00+00:00,0.003459930645943016,4.6665459364980055,0.3079677565234952
2021-12-30 05:00:00+00:00,0.0010891854517012952,,
2021-12-30 06:00:00+00:00,0.0038428536878395256,,
2021-12-30 07:00:00+00:00,0.0018838492811601864,,
2021-12-30 08:00:00+00:00,-0.004014364881038898,,
2021-12-30 09:00:00+00:00,-0.0006491224557901739,,
2021-12-30 10:00:00+00:00,0.0038610319741803913,,
2021-12-30 11:00:00+00:00,0.012062521261241629,,
2021-12-30 12:00:00+00:00,-4.3984161440971314e-05,,
2021-12-30 13:00:00+00:00,-0.004243914506759072,,
2021-12-30 14:00:00+00:00,0.0005065243902656502,,
2021-12-30 15:00:00+00:00,-0.00423649687415614,-4.515243137607749,-2.4699071507189094
2021-12-30 16:00:00+00:00,0.009791344628690331,8.177675204246688,2.1499280180014577
2021-12-30 17:00:00+00:00,0.0010766041330073904,-0.7317695322380783,-0.36021196918088383
2021-12-30 18:00:00+00:00,-0.00038109784490264335,2.3753577402993145,2.2166780489104347
2021-12-30 19:00:00+00:00,0.0011025989030126744,-3.1508723839496846,0.2763851508692484
2021-12-30 20:00:00+00:00,-0.002965754310337632,-4.988613271576989,-0.377452282548675
2021-12-30 21:00:00+00:00,-0.012825330722542062,2.353783276192769,0.9844742573973785
2021-12-30 22:00:00+00:00,-0.003095567569254552,-4.796703450551543,-0.167578587070795
2021-12-30 23:00:00+00:00,-0.014573769143617375,2.509777564118003,0.2734573994087891
2021-12-31 00:00:00+00:00,0.0043685865027823885,-2.0646950494058087,-1.0909438540422889
2021-12-31 01:00:00+00:00,-0.00011790629257679986,1.105823577914606,-0.8681367572622684
2021-12-31 02:00:00+00:00,-0.009602701805192902,-1.9226002280559022,2.1536306293918286
2021-12-31 03:00:00+00:00,0.0041001425017506915,3.6694234964474957,0.6095139202125891
2021-12-31 04:00:00+00:00,-0.00046291060540153004,1.5459514394367786,-1.7576339518458428
2021-12-31 05:00:00+00:00,0.007428214606296739,-2.492393013659802,-1.3498067637101587
2021-12-31 06:00:00+00:00,-0.005173208612692909,2.709019159515733,1.212855504649401
2021-12-31 07:00:00+00:00,-0.011722847305444045,-2.3093173111914997,0.7585663634434482
2021-12-31 08:00:00+00:00,-0.015329529609509769,17.914687102480922,-0.09005881540356953
2021-12-31 09:00:00+00:00,0.005649000702158294,-2.2618318226461214,0.2158431573877359
2021-12-31 10:00:00+00:00,-0.00015898483040937514,-2.7644383646665807,0.048569179729745324
2021-12-31 11:00:00+00:00,-0.010433248856358693,0.12153581946233802,0.48655498704823813
2021-12-31 12:00:00+00:00,-0.01641630621010186,1.4460340075910723,0.8397234408011441
2021-12-31 13:00:00+00:00,0.011112284539594437,-0.6024277132326319,0.14082106953167278
2021-12-31 14:00:00+00:00,0.004941699690821498,1.249256435064989,1.882090270214503
2021-12-31 15:00:00+00:00,-0.030784765250803498,0.7061658912852401,0.15002168112425804
2021-12-31 16:00:00+00:00,0.0061374921104826756,-8.899624931451035,-0.23901641435333038
2021-12-31 17:00:00+00:00,-0.0023876847990420926,-4.068725127517555,1.051138366974353
2021-12-31 18:00:00+00:00,-0.012422762952152229,-4.226108205130648,0.19342462988815015
2021-12-31 19:00:00+00:00,0.027263797809193375,-17.699413759245264,0.19644232677746004
2021-12-31 20:00:00+00:00,0.014739844062731548,2.1037750964627038,-1.8193308049187653
2021-12-31 21:00:00+00:00,-0.033193444514233894,12.565218732089114,1.30546214777463
2021-12-31 22:00:00+00:00,-0.01675950350274919,0.7032243392464956,1.5094448176705915
2021-12-31 23:00:00+00:00,0.0025563985505444847,-1.3946150156473385,-1.4860354926331434
2022-01-01 00:00:00+00:00,-0.01073533644813844,10.620997179059174,0.8713312361502841
2022-01-01 01:00:00+00:00,-0.007139042154641721,-0.5708777103817401,-0.0019125091219950457
2022-01-01 02:00:00+00:00,0.001310545460754463,-0.34028613764852234,-0.18898450706566533
2022-01-01 03:00:00+00:00,0.002220201574861378,-0.8854459822613973,-1.8732513145013063e-05
2022-01-01 04:00:00+00:00,-0.004647101488461732,-3.9563379213887138,-0.2030613815589274
2022-01-01 05:00:00+00:00,-0.002211964618113741,6.094983491574276,0.2342940389784733
2022-01-01 06:00:00+00:00,0.013843866040639283,-2.9085100706293168,0.4709608595532465
2022-01-01 07:00:00+00:00,0.004574951561605693,2.395857858781548,0.41381425082469503
2022-01-01 08:00:00+00:00,0.01023103656459084,-0.7208450572574239,-0.06280306905338424
2022-01-01 09:00:00+00:00,-0.004150511470649287,-0.887248028131672,0.23748328510168254
2022-01-01 10:00:00+00:00,-0.010033238274267805,-3.2333879005167803,-1.1676306675068422
2022-01-01 11:00:00+00:00,-0.007741314463820212,-0.9344916230055758,-0.35621329117037137
2022-01-01 12:00:00+00:00,0.00876888374331266,5.188684407886675,0.20671496350891258
2022-01-01 13:00:00+00:00,-0.008311853777129915,-0.180573941493465,0.024184331164566586
2022-01-01 14:00:00+00:00,-0.014147250555493356,-0.7634036969785953,-0.19576551028904848
2022-01-01 15:00:00+00:00,-0.0020436021696660154,4.163002139808837,-0.16212319403878686
2022-01-01 16:00:00+00:00,-0.009710634889346793,1.9446989532511634,0.885951549065057
2022-01-01 17:00:00+00:00,-0.009168113114416095,6.339471493756447,0.11202990896904533
2022-01-01 18:00:00+00:00,-0.03312702390513568,-0.6445932217328585,1.4981588829488623
2022-01-01 19:00:00+00:00,-0.028541324495441604,-0.6469886227959158,0.3059837002371358
2022-01-01 20:00:00+00:00,0.0036318745647818816,1.5387441091556389,-0.350010342900545
2022-01-01 21:00:00+00:00,-0.00867141604702437,-1.1522245251904748,-0.37685896088780463
2022-01-01 22:00:00+00:00,0.020459637760491537,0.9202001518198077,0.6663433847782246
2022-01-01 23:00:00+00:00,0.007616558343309052,4.822754345339382,-0.5940571425296209
2022-01-02 00:00:00+00:00,0.007231908048501268,-1.6311744481961734,1.0990581858202757
2022-01-02 01:00:00+00:00,0.0012195003658538655,-2.5174796389494185,-0.14800176090980663
2022-01-02 02:00:00+00:00,-0.0027896498220332496,0.5667030694363289,0.10239891869845254
2022-01-02 03:00:00+00:00,-0.0018785936396030585,0.5590314241935602,0.35421135821378863
2022-01-02 04:00:00+00:00,0.007235849690502052,-6.5305506067090215,-0.4110654975906277
2022-01-02 05:00:00+00:00,-0.0052372069658866505,3.455034167409197,0.1977715698930174
2022-01-02 06:00:00+00:00,0.007891823902791832,-0.9310013027938737,0.27097722559419246
2022-01-02 07:00:00+00:00,-0.004479165854635354,0.681990848916584,0.31381474195864034
2022-01-02 08:00:00+00:00,0.0033068203850950247,2.8507094242793394,0.16000515635261922
2022-01-02 09:00:00+00:00,0.00010895808828459731,1.6489699993187585,-0.3511364643763082
2022-01-02 10:00:00+00:00,0.0007290383377273264,-1.3086731235653828,0.5385126173012068
2022-01-02 11:00:00+00:00,-0.014529414071470875,1.3508494175045729,-0.9819012165452834
2022-01-02 12:00:00+00:00,-0.01924187983688761,2.2414259743543856,-0.4308659722677746
2022-01-02 13:00:00+00:00,-0.017538067470168447,-1.7511677387757998,-0.792721728467499
2022-01-02 14:00:00+00:00,0.0027415000759427447,2.006674196703551,0.4406205984359285
2022-01-02 15:00:00+00:00,0.008305549085026539,3.3950468201466375,0.3897840397917927
2022-01-02 16:00:00+00:00,-0.004188770922325652,7.619452516910205,-0.4856047745510431
2022-01-02 17:00:00+00:00,0.010025692385393605,-2.0705407567058747,-0.03527943744804425
2022-01-02 18:00:00+00:00,-0.015663520765417563,-4.8983236292398065,0.6607474850326751
2022-01-02 19:00:00+00:00,0.007334872485452382,-0.7518312369976576,0.13424497897432183
2022-01-02 20:00:00+00:00,-0.02021605095077235,1.4359562426099555,1.3301355961807368
2022-01-02 21:00:00+00:00,-0.017189859884291028,-0.27830248625650433,-0.11590846023059627
2022-01-02 22:00:00+00:00,0.008259821734602778,3.092581317673349,0.23046115085076263
2022-01-02 23:00:00+00:00,-0.0009344409637420261,-0.08221197291388013,-0.897592966895355
2022-01-03 00:00:00+00:00,-0.02586030614654296,-2.5531874149057665,1.4775941813246107
2022-01-03 01:00:00+00:00,-0.005732195234593637,0.31731204284857445,0.6821394449948293
2022-01-03 02:00:00+00:00,-0.011285359345379015,-1.9617153657882123,0.9568193967774956
2022-01-03 03:00:00+00:00,0.0006499148052423279,-4.645734594635311,-0.22990208841678447
2022-01-03 04:00:00+00:00,-0.007154185125041316,0.9434974895156061,1.1878319885070256
2022-01-03 05:00:00+00:00,0.008348239419918451,4.968100754865139,0.20288930195090865
2022-01-03 06:00:00+00:00,-0.0029892340714863298,-3.9212758013694504,0.3912661185144348
2022-01-03 07:00:00+00:00,0.00750881212622053,2.094680485204133,0.35122067617762814
2022-01-03 08:00:00+00:00,0.009986890497192228,-0.23446383728722603,-0.7402211681513235
2022-01-03 09:00:00+00:00,0.007082993736307647,1.5880574092203035,-1.3011124111736199
2022-01-03 10:00:00+00:00,0.0022988083519773312,4.203874153306968,-1.7741674722245895
2022-01-03 11:00:00+00:00,-0.01064772882605977,3.488063263103816,0.7238450716763087
2022-01-03 12:00:00+00:00,0.008250308252050921,-3.0782796032836814,-1.0320674272383945
2022-01-03 13:00:00+00:00,-0.011501331835919629,4.083782327529452,1.0947480200784334
2022-01-03 14:00:00+00:00,-0.008863996100270789,-2.6975725214621837,1.0468544187504116
2022-01-03 15:00:00+00:00,-0.009451915084594762,-3.0136908464016594,-0.18086157250617552
2022-01-03 16:00:00+00:00,0.024568391044567758,-8.375544635886328,1.205518514561225
2022-01-03 17:00:00+00:00,0.029802601076454837,2.2711593639622594,-0.7256129302194454
2022-01-03 18:00:00+00:00,0.014358873302776555,-1.2188359172812733,0.2898981676919272
2022-01-03 19:00:00+00:00,-0.009117564622258796,-2.1892648258006036,0.537547922286505
2022-01-03 20:00:00+00:00,0.006207353229304405,-7.438910304420787,0.12779289552689896
2022-01-03 21:00:00+00:00,-0.00010392300821879606,2.9876068585127418,-0.4121183183245372
2022-01-03 22:00:00+00:00,-0.021587493605522624,5.581824124030465,-0.3807830743185493
2022-01-03 23:00:00+00:00,0.013758051506168236,1.2354229699169494,0.19276094981166436
2022-01-04 00:00:00+00:00,0.01817971741961802,-6.450091234254026,0.267140071679963
2022-01-04 01:00:00+00:00,0.0028271549661252515,-3.943271696166401,0.15286400021528845
2022-01-04 02:00:00+00:00,-0.005228903565618157,-1.1570242299849556,0.4539785548161387
2022-01-04 03:00:00+00:00,-0.004632466336963635,3.259686819519981,0.9033417347744986
2022-01-04 04:00:00+00:00,-0.0007931109909155151,-3.302442262902869,0.6353822413436079
2022-01-04 05:00:00+00:00,-0.010128377676249137,3.9903665727347635,-0.7430864416383905
2022-01-04 06:00:00+00:00,-0.0036181715063746843,2.7000603191949257,-0.5926745940730663
2022-01-04 07:00:00+00:00,-0.0013967630864103774,3.350510402578001,-0.6462139089771605
2022-01-04 08:00:00+00:00,-0.00103216870764872,-0.2970824450217776,-1.1224785775395476
2022-01-04 09:00:00+00:00,0.0007665886759910529,-2.46449508237736,-0.3402175991182569
2022-01-04 10:00:00+00:00,0.0073164697099710125,5.800203066111519,0.8739321714189653
2022-01-04 11:00:00+00:00,-0.01255738553481879,4.481078407585588,0.4478412214040464
2022-01-04 12:00:00+00:00,0.011053796593499539,-1.6539078831024479,0.4271578937823218
2022-01-04 13:00:00+00:00,-0.023837747791028242,4.305051359398396,-1.5191880207343191
2022-01-04 14:00:00+00:00,0.01161893572844124,4.688543246771707,1.874182180178395
2022-01-04 15:00:00+00:00,0.010856636453784478,-5.192342493230111,-0.3466571445034932
2022-01-04 16:00:00+00:00,-0.002699099993983694,1.341734366779392,-1.4371689921187771
2022-01-04 17:00:00+00:00,0.02281206159208833,-4.532892340728364,-0.01200821383531367
2022-01-04 18:00:00+00:00,0.03372337587931446,-14.607204849872488,1.111255851578546
2022-01-04 19:00:00+00:00,-0.00901379036952324,4.425968196414903,-0.5036279928360663
2022-01-04 20:00:00+00:00,0.001627590407322305,4.320042922013087,-0.22659128667945314
2022-01-04 21:00:00+00:00,-0.0021078261593303446,0.630278488299114,-0.4604219137598873
2022-01-04 22:00:00+00:00,0.0028130977015622446,-3.151789229247844,0.7250052634865263
2022-01-04 23:00:00+00:00,0.008512870905248132,-6.912094330346956,-0.2275629782253288
2022-01-05 00:00:00+00:00,-0.006916930148468124,8.590632063227794,-1.387013691951208
2022-01-05 01:00:00+00:00,0.0008290519706950981,-2.3849778628085088,-0.24693227627202105
2022-01-05 02:00:00+00:00,-0.002695251601730871,5.2024101989850156,-0.4707043422201938
2022-01-05 03:00:00+00:00,-0.0019764701137430702,2.8990252856290546,-0.8219356768181802
2022-01-05 04:00:00+00:00,-0.0008749575912079834,-0.39484324820176947,0.6736151693983972
2022-01-05 05:00:00+00:00,0.0031116317138949394,-0.2346493689683939,-0.9341154079208736
2022-01-05 06:00:00+00:00,-0.004792740189650017,3.479795438517955,-0.09469305714951595
2022-01-05 07:00:00+00:00,0.0014666291570755296,-0.9248245858065006,-0.12060348574091198
2022-01-05 08:00:00+00:00,-0.0016368384582202493,2.3266929378013206,-0.6018940044308998
2022-01-05 09:00:00+00:00,-0.0055048280496694186,2.438551430938685,0.0423170489853803
2022-01-05 10:00:00+00:00,0.0025532377903817326,-1.7817267885454806,-0.7619468212135605
2022-01-05 11:00:00+00:00,0.0075883484492446016,-7.214356492696456,-0.4515064360968986
2022-01-05 12:00:00+00:00,0.0005998851505908288,0.41782137031160105,-0.9953326050073349
2022-01-05 13:00:00+00:00,-0.007808864628270878,3.648896877214622,-0.07123727503191428
2022-01-05 14:00:00+00:00,-0.0018962429907324828,0.7996167119122986,-0.48946736456096057
2022-01-05 15:00:00+00:00,0.0009496407260830374,-0.22366715656692907,-0.8935690825104257
2022-01-05 16:00:00+00:00,0.012400690075787183,-6.005066129082876,0.7158681725046844
2022-01-05 17:00:00+00:00,0.0062087707661406,-12.454422147608078,-0.6624768083990308
2022-01-05 18:00:00+00:00,0.007741288609683794,1.2193353255391732,-0.2314546884422938
2022-01-05 19:00:00+00:00,0.028001420686375983,-28.054383117084967,1.5320125777441775
2022-01-05 20:00:00+00:00,0.01806126084239813,-11.42665467461635,-0.9574940738918822
2022-01-05 21:00:00+00:00,0.014074083053973483,-8.034935759197468,-0.6880885904938657
2022-01-05 22:00:00+00:00,0.004837334174953246,-5.478570009745464,0.27137633157062024
2022-01-05 23:00:00+00:00,0.001600744919671122,2.608164399664767,-1.0387580528225109
2022-01-06 00:00:00+00:00,-4.789918143494527e-05,2.3286761866567227,-3.894604446765489
2022-01-06 01:00:00+00:00,0.0032240304634395737,-8.950772610843513,2.40816770372512
2022-01-06 02:00:00+00:00,0.005514133372658008,-5.643057792697171,1.9146018202121207
2022-01-06 03:00:00+00:00,0.015436104158938412,-10.02669958019544,1.0137460537640741
2022-01-06 04:00:00+00:00,-0.004178560347466264,7.915120738765299,-0.09731483351972824
2022-01-06 05:00:00+00:00,0.0001076554336308235,2.2157450840456487,-0.9575289477866901
2022-01-06 06:00:00+00:00,0.0026635212912283143,0.2127573560341384,-0.519275222983269
2022-01-06 07:00:00+00:00,-0.0027916085984249434,3.9490100724446813,-0.4252035488011265
2022-01-06 08:00:00+00:00,0.011227731845639504,-6.017026224959482,0.1811919728389711
2022-01-06 09:00:00+00:00,0.01977296656420252,-13.294672856761315,-1.2883562963152908
2022-01-06 10:00:00+00:00,-0.014186871154913488,10.102253692007737,-0.08572318796575817
2022-01-06 11:00:00+00:00,0.000889168291536802,-1.9079975215704137,0.766006387016423
2022-01-06 12:00:00+00:00,-0.0050653657822048136,4.523223027950883,-0.5891111765157269
2022-01-06 13:00:00+00:00,-0.010655016127603957,10.866323860388926,-3.401732778687985
2022-01-06 14:00:00+00:00,0.0035620053190173824,-1.9323109182265998,-1.920376134307416
2022-01-06 15:00:00+00:00,-0.001348647868781989,2.0367235182156516,-1.8327543521178058
2022-01-06 16:00:00+00:00,3.857407158038443e-05,0.3985485299744117,-0.4246776197805419
2022-01-06 17:00:00+00:00,-0.006234547452847187,3.9758790393035888,-0.8089638623596116
2022-01-06 18:00:00+00:00,-0.009125265113981224,8.668039778052911,1.1428033873826435
2022-01-06 19:00:00+00:00,0.0028646827525093607,0.1928695784233872,-0.48887852945146726
2022-01-06 20:00:00+00:00,0.0048842808747230635,-4.303104000804858,0.9339472810991312
2022-01-06 21:00:00+00:00,-0.00030745442394673674,1.2890795156283472,-1.1631569840028795
2022-01-06 22:00:00+00:00,-0.0018475159829633983,2.3347654499441437,-0.36447156144348986
2022-01-06 23:00:00+00:00,0.004784024857118104,-2.9203989241745836,1.266790849027716
2022-01-07 00:00:00+00:00,0.008848346202822488,-9.257219520512246,-0.8909609175070826
2022-01-07 01:00:00+00:00,-0.006394137287840194,2.5038684394913266,1.0965600507058557
2022-01-07 02:00:00+00:00,0.008873478325620077,-7.536336056221172,-1.3631264642337966
2022-01-07 03:00:00+00:00,0.024267867242810142,-22.215066095209757,1.399997384988034
2022-01-07 04:00:00+00:00,0.002685611831737738,0.22779426493432606,0.37388406556193776
2022-01-07 05:00:00+00:00,-0.007994243136005545,2.8753793251656616,-0.9827487033950265
2022-01-07 06:00:00+00:00,0.013667154018164044,-9.077063549731827,0.005310182416539411
2022-01-07 07:00:00+00:00,-0.006348417981615706,6.844954753480636,0.11471441613140747
2022-01-07 08:00:00+00:00,-0.008391797430636477,8.075735468475056,-1.1714095017449175
2022-01-07 09:00:00+00:00,-0.004881476064906471,5.206157181398248,-0.23254182467080026
2022-01-07 10:00:00+00:00,0.005692396473080191,-6.270009090207397,-0.6504949094529054
2022-01-07 11:00:00+00:00,0.0002310827562844905,0.7396672807019039,-0.8003151090193146
2022-01-07 12:00:00+00:00,-0.003811547057318208,2.8054775223947424,0.49187026243123505
2022-01-07 13:00:00+00:00,0.01955226385849855,-12.768403785224093,0.5416043692462593
2022-01-07 14:00:00+00:00,-0.011523589870360104,8.07263095358561,-0.987901329118117
2022-01-07 15:00:00+00:00,0.018048638303534027,-9.86390320951602,0.8720873008171016
2022-01-07 16:00:00+00:00,-0.017677173080042432,15.26959959784161,-0.03913266899851214
2022-01-07 17:00:00+00:00,0.005403670982181218,-2.94698232557892,0.7806639275964941
2022-01-07 18:00:00+00:00,0.008135127388371154,-5.852970420714006,-0.5235078198058691
2022-01-07 19:00:00+00:00,-0.005075065599928324,2.1783852772995975,-0.026026760375415497
2022-01-07 20:00:00+00:00,-0.0036328690969537297,0.8101798587964656,0.24297644156378112
2022-01-07 21:00:00+00:00,0.0005639417532153107,-0.2682486998885852,0.06398973128394374
2022-01-07 22:00:00+00:00,0.011486067263815403,-7.771357592444691,-1.0212532537721883
2022-01-07 23:00:00+00:00,-0.005623486368706803,1.5410444917011958,0.6214860564017901
2022-01-08 00:00:00+00:00,-0.010260784514264085,9.949955185384608,-0.8877837447276961
2022-01-08 01:00:00+00:00,0.0023046277374211463,-1.716167883357989,0.3668027884429981
2022-01-08 02:00:00+00:00,0.0018686976242809647,-0.6963999355755781,0.06073468067769543
2022-01-08 03:00:00+00:00,0.000913324482706616,-0.7610970307423347,0.44742018028628705
2022-01-08 04:00:00+00:00,-0.003552518121072932,3.3528080816914687,-0.06253365162436283
2022-01-08 05:00:00+00:00,0.000791183464408224,0.4295766256404482,-0.00283125199457728
2022-01-08 06:00:00+00:00,-0.0009161117699535448,0.8901875641410448,0.48351445061878773
2022-01-08 07:00:00+00:00,0.0007587411657371529,0.15315067667732954,-0.3084709310415892
2022-01-08 08:00:00+00:00,-0.0008389390415434358,0.41968436877818294,-0.09281887686636195
2022-01-08 09:00:00+00:00,-0.007063782677820602,2.0119358271777124,-0.5513685706149223
2022-01-08 10:00:00+00:00,0.008388152973152898,-4.970816309311903,-0.2767187985007029
2022-01-08 11:00:00+00:00,-0.00061692106301128,0.36314787460686015,-0.0968396767724477
2022-01-08 12:00:00+00:00,0.004411780689974917,-2.589005013794075,-1.8132307046987133
2022-01-08 13:00:00+00:00,-0.0006392012225902172,0.0805740042016611,0.22502397065847335
2022-01-08 14:00:00+00:00,0.009386891892228385,-6.594152160340757,-0.21435152123291323
2022-01-08 15:00:00+00:00,0.004089355333123811,-5.543795132954363,-0.14388671643826537
2022-01-08 16:00:00+00:00,0.00930081225206267,-8.651810812039036,-0.14884157286607025
2022-01-08 17:00:00+00:00,0.03372209012227148,-18.578757747751197,0.3918860181324403
2022-01-08 18:00:00+00:00,0.007408983559066921,-7.98399618267785,0.04841387825561941
2022-01-08 19:00:00+00:00,-0.0034969600541178997,4.788826556599063,-0.22866299158360187
2022-01-08 20:00:00+00:00,0.0011337280794353132,0.9827425376500796,-0.3944974898334252
2022-01-08 21:00:00+00:00,-0.01751750886427947,15.506478667082506,-1.632850793414749
2022-01-08 22:00:00+00:00,-0.009725334759828166,5.265131618699195,-0.4647151660095116
2022-01-08 23:00:00+00:00,0.009753276440766368,-7.0863238177502925,0.8485286419534772
2022-01-09 00:00:00+00:00,-0.011010517815478285,6.248212992794194,-0.17687367101227477
2022-01-09 01:00:00+00:00,0.0007657463836880553,-2.1553928387689614,0.1324923136164762
2022-01-09 02:00:00+00:00,-0.005782884852516943,6.619633670368476,-0.6235850170676913
2022-01-09 03:00:00+00:00,0.004230096822182132,-4.286188256299318,0.5562423104309835
2022-01-09 04:00:00+00:00,-0.0058359018221605784,6.9652085303681375,-0.49801502636155054
2022-01-09 05:00:00+00:00,0.004366818772138065,-5.4655956176067075,1.1835254680940188
2022-01-09 06:00:00+00:00,-0.0038237947323131764,2.784740367047553,-0.565629068588039
2022-01-09 07:00:00+00:00,0.0023396001690481074,-3.2787278222591367,-0.008712326196201884
2022-01-09 08:00:00+00:00,0.005522897496136059,-3.044323803997917,-0.03630359918259867
2022-01-09 09:00:00+00:00,0.003107900407528073,-1.3921812231733444,3.4470631766742565
2022-01-09 10:00:00+00:00,-0.0028663372804217636,2.5836570444594136,-1.8301514936259577
2022-01-09 11:00:00+00:00,-0.005353831612200592,5.054841750110874,0.014413485078823021
2022-01-09 12:00:00+00:00,0.005415351614283093,-3.3968556596527377,-0.05550070708137934
2022-01-09 13:00:00+00:00,0.006551856237015895,-6.643408156447464,-1.1268802621000222
2022-01-09 14:00:00+00:00,-0.0038968994262099706,3.608099781366733,0.5561174116365897
2022-01-09 15:00:00+00:00,-0.00021483359543064882,0.19854945175832392,-0.3529192195789905
2022-01-09 16:00:00+00:00,-0.016478256206771073,13.518720761926806,-0.025207575442189642
2022-01-09 17:00:00+00:00,-0.0005937423976173368,1.0767391814309428,0.258315195217592
2022-01-09 18:00:00+00:00,-0.00029930828731405696,-2.382814563423197,0.7206380517947635
2022-01-09 19:00:00+00:00,-0.0079927930196569,8.617609176681448,-0.7776219138282922
2022-01-09 20:00:00+00:00,0.001361356156194895,-3.2542406260554126,-0.17809733192155816
2022-01-09 21:00:00+00:00,0.0014030650621442021,-2.385089547802709,-0.3323916359938378
2022-01-09 22:00:00+00:00,0.0026294210143366714,-2.821035128609865,-0.6967112816896709
2022-01-09 23:00:00+00:00,0.006967842174832705,-3.9480045628803846,0.03877416804685104
2022-01-10 00:00:00+00:00,0.0034222013330703306,-2.45598187269747,-0.5525322515915405
2022-01-10 01:00:00+00:00,-0.004426787758592577,1.6615739415290376,-0.4618042860068297
2022-01-10 02:00:00+00:00,-0.0006624228039352736,0.7982668470497347,-0.08820572921298894
2022-01-10 03:00:00+00:00,-0.0001230956690994006,0.7980041609034348,0.07651854528781722
2022-01-10 04:00:00+00:00,-0.00669667324232079,5.457170470116548,0.10930772345973797
2022-01-10 05:00:00+00:00,0.00042959827468539493,-1.0531302270333867,-0.13534560884453564
2022-01-10 06:00:00+00:00,-0.00555343722414149,-2.5929403090481666,0.01776712992018662
2022-01-10 07:00:00+00:00,0.005154240166816003,2.128792683985256,-0.30218329388043885
2022-01-10 08:00:00+00:00,-0.009107387791285766,-4.133814853530742,0.16150695677925092
2022-01-10 09:00:00+00:00,0.0016512798759910133,-1.341165146863867,0.030132791029481035
2022-01-10 10:00:00+00:00,-0.01080575710993689,-2.270202301615295,-0.6534233011181829
2022-01-10 11:00:00+00:00,-0.004469940963878029,-6.010202185433874,-0.18193414665485474
2022-01-10 12:00:00+00:00,-0.018734359055526745,-12.297353215419808,-0.021117451347456323
2022-01-10 13:00:00+00:00,-0.0010258514901421941,-4.243040472737346,-0.802326485540526
2022-01-10 14:00:00+00:00,0.022466187929767165,-4.820953389258906,0.15631785641311097
2022-01-10 15:00:00+00:00,-0.00013469514677869773,-2.1998561732909954,-0.2505461298465874
2022-01-10 16:00:00+00:00,-0.0028754674703616533,15.884066809866601,-1.9948761260779158
2022-01-10 17:00:00+00:00,-0.0012188162205735305,-14.578906008144498,1.1152255504826847
2022-01-10 18:00:00+00:00,-0.004180323001083604,4.213912809344164,0.17952902490715
2022-01-10 19:00:00+00:00,0.0005670414489775608,-4.294636783771846,-0.24657727197715903
2022-01-10 20:00:00+00:00,0.003603844222428936,9.221341017639661,-0.5712133635384571
2022-01-10 21:00:00+00:00,-0.0016263637247980658,-1.1102734326465946,0.2633590612578867
2022-01-10 22:00:00+00:00,-0.0003456140971530271,-1.560432613204897,0.6094779374068778
2022-01-10 23:00:00+00:00,0.0003356120077154106,3.1599088398634994,0.31858541790311184
2022-01-11 00:00:00+00:00,-0.0005945634674531766,-4.088562668765283,-0.6128579512900791
2022-01-11 01:00:00+00:00,-0.001628178567885187,6.211535718224134,0.1877860531339141
2022-01-11 02:00:00+00:00,0.00055790046898807,5.513478037936665,0.00999450159118992
2022-01-11 03:00:00+00:00,-0.0007809240424378187,3.246561507478545,-0.04598604946946375
2022-01-11 04:00:00+00:00,-0.002369704002822076,-2.0459468000242738,-0.7390379803855334
2022-01-11 05:00:00+00:00,-0.0019094539207969905,-2.4400375996537607,0.4127325090305678
2022-01-11 06:00:00+00:00,0.0025123226608726873,0.9347368698982277,-0.4274625115907506
2022-01-11 07:00:00+00:00,0.002212352012942283,2.2432127169536993,-0.22287338120987263
2022-01-11 08:00:00+00:00,0.0031880833547167442,-2.480778004012036,0.4150063140112542
2022-01-11 09:00:00+00:00,-0.003146894431623596,-0.0923902321047699,-0.23928031432481364
2022-01-11 10:00:00+00:00,0.0009720167186529316,-5.9034477353669095,-0.019346594536073708
2022-01-11 11:00:00+00:00,-0.0006438156028155829,7.878758065234566,-1.220424882695143
2022-01-11 12:00:00+00:00,0.00260799787195488,1.6800530013205606,1.330305027536007
2022-01-11 13:00:00+00:00,0.009344105172397095,0.07788198591881368,1.084108623856873
2022-01-11 14:00:00+00:00,-0.005948669048429921,-3.5253352339813793,-0.38113579285899135
2022-01-11 15:00:00+00:00,0.0009503144289591827,4.510687559134105,-1.3219227606939274
2022-01-11 16:00:00+00:00,-0.0037210014747664525,14.062393002505383,-0.4181315041680182
2022-01-11 17:00:00+00:00,-0.003370529205642214,0.40436088194740666,0.5027236808120105
2022-01-11 18:00:00+00:00,-0.0011213704647731614,0.4655412662078865,-0.060487934858987014
2022-01-11 19:00:00+00:00,-0.0009508254808980234,0.3387343672616527,0.12769869045583063
2022-01-11 20:00:00+00:00,0.005176719346134642,0.2393428454607254,0.7374787584141264
2022-01-11 21:00:00+00:00,0.0030099235587776356,-1.3219544664401128,-0.5982221272326638
2022-01-11 22:00:00+00:00,-0.0010216009537443859,-0.04791046046556809,-0.6537502996800908
2022-01-11 23:00:00+00:00,-0.0004778162355827979,2.5361318639286194,0.8969592943655622
2022-01-12 00:00:00+00:00,0.0011313061966132486,1.7971607260014097,1.0299250379113019
2022-01-12 01:00:00+00:00,0.0010932003500632316,0.4029133113216203,0.45157999402919097
2022-01-12 02:00:00+00:00,0.0016326864503714979,0.07791041804503843,0.18489065881035208
2022-01-12 03:00:00+00:00,-0.0010976471092214173,1.5386697564066423,0.9566199779531774
2022-01-12 04:00:00+00:00,-0.0002966261557636535,0.4816488192895567,-0.11869625201904963
2022-01-12 05:00:00+00:00,-0.0017554311349003927,0.9547779864272402,-0.743359129779743
2022-01-12 06:00:00+00:00,0.0006860716785022753,1.4202451932259779,0.5110416151043733
2022-01-12 07:00:00+00:00,0.002355754746495528,-3.200371278724885,-0.7323831164557983
2022-01-12 08:00:00+00:00,-0.0008955104417718063,1.6295443506037546,-0.49175189139845643
2022-01-12 09:00:00+00:00,-0.004122128021369935,4.463479497957024,-0.184839737560836
2022-01-12 10:00:00+00:00,0.0008840177651912388,-1.9447864245338886,1.579717209140064
2022-01-12 11:00:00+00:00,-0.003962548722839353,4.57717016071328,0.2364471442612619
2022-01-12 12:00:00+00:00,-0.007721747862126771,6.603648943994698,1.7590531167892196
2022-01-12 13:00:00+00:00,-0.013869605302409388,8.62152316074987,0.5471103520769962
2022-01-12 14:00:00+00:00,0.001430824301703639,1.6482712167975677,-0.6300250023799319
2022-01-12 15:00:00+00:00,0.006198695166853656,-3.797431771966372,-1.4693663814697193
2022-01-12 16:00:00+00:00,-0.0009694226036664885,2.0670546352968295,0.26911472078724114
2022-01-12 17:00:00+00:00,-0.004990573993597306,1.2731925395698742,-0.46325416428202737
2022-01-12 18:00:00+00:00,0.005491605592051582,-1.8066891781097059,0.11737721842074315
2022-01-12 19:00:00+00:00,-0.003272655974337259,2.076395115925377,-0.2636445274498601
2022-01-12 20:00:00+00:00,-0.0016381145364419347,0.13877372580109051,0.3102805818940027
2022-01-12 21:00:00+00:00,0.001512786651681918,-0.12436608765357574,0.1492450273594194
2022-01-12 22:00:00+00:00,-0.001416532758658618,-0.04127378340150907,-0.511553305833212
2022-01-12 23:00:00+00:00,-0.0012206882465935504,1.8680791812559234,-0.05703386319242519
2022-01-13 00:00:00+00:00,0.0037393711886180908,-4.356911506872989,-0.8662811426727217
2022-01-13 01:00:00+00:00,0.0038783251582451945,-2.164536228799116,-1.39436106562419
2022-01-13 02:00:00+00:00,-0.0010375529473622823,1.404965524560312,0.6090230492004516
2022-01-13 03:00:00+00:00,0.0014446602402902321,-1.1601066094313892,0.19601424551901342
2022-01-13 04:00:00+00:00,-0.0021712928817501933,2.4884315943714865,-0.015580489950461539
2022-01-13 05:00:00+00:00,-0.0008975279066792036,1.5066473564300846,-1.048815790391902
2022-01-13 06:00:00+00:00,-0.0009091568242761001,2.4916134008024917,-0.43617575090315275
2022-01-13 07:00:00+00:00,0.00019835264825998752,-0.09516423670123214,0.7689703879544761
2022-01-13 08:00:00+00:00,-0.003994025500122007,4.022031857543318,-1.4735203723832648
2022-01-13 09:00:00+00:00,0.00021205470188491812,-1.4803541867130356,1.3925533798735719
2022-01-13 10:00:00+00:00,0.0022493558505040983,-1.1578376679879712,0.13576930491533576
2022-01-13 11:00:00+00:00,0.003699236595056961,-5.767680838592908,0.34820792085014374
2022-01-13 12:00:00+00:00,-0.00498842843085587,6.321751768787488,1.8535160667378552
2022-01-13 13:00:00+00:00,-0.002691948095340666,0.45243163328377184,-2.0648399380611964
2022-01-13 14:00:00+00:00,-0.005186386720121354,3.918038717577161,-0.9402674315609095
2022-01-13 15:00:00+00:00,0.0215472874696252,-15.704487602276522,0.20402012101420613
2022-01-13 16:00:00+00:00,5.7536807446828406e-05,0.5250205806814416,-0.14440723652544094
2022-01-13 17:00:00+00:00,0.00580270770956852,-5.294943812707033,0.39518583057270895
2022-01-13 18:00:00+00:00,0.0024308024003578564,-1.4913124127282473,-0.4525524638063168
2022-01-13 19:00:00+00:00,-0.0003925623032050701,-1.9572022013590915,-0.4856254735327158
2022-01-13 20:00:00+00:00,-0.0004395285605951216,1.1694494976896495,-0.47357425901464706
2022-01-13 21:00:00+00:00,0.0008920634728816595,1.4710212657566741,-0.16383207238521183
2022-01-13 22:00:00+00:00,0.006453933130010193,-4.389996838316031,-0.08091174870919499
2022-01-13 23:00:00+00:00,0.0016465226111050987,-1.3717946144312665,-0.15920040812280337
2022-01-14 00:00:00+00:00,-0.007533138781257853,4.763146923304643,-1.4127641749034325
2022-01-14 01:00:00+00:00,0.0028715414064321683,-0.9149440349224895,-0.5196788100721724
2022-01-14 02:00:00+00:00,-0.0038469705112428435,1.607397308001478,-0.07433276406103138
2022-01-14 03:00:00+00:00,0.0015232693442071127,-0.4723264844269662,0.19425452342814367
2022-01-14 04:00:00+00:00,-0.0010957810618788485,2.6698045167090476,-1.085440451347691
2022-01-14 05:00:00+00:00,-0.009127381956221151,5.962615603075044,-0.4945174604060574
2022-01-14 06:00:00+00:00,0.003703682005155875,-0.400223825270492,-0.9274935498542463
2022-01-14 07:00:00+00:00,0.00662358572825036,-4.060196466979718,-0.023042982993337735
2022-01-14 08:00:00+00:00,0.002786952180748373,-3.9350543706471135,0.20259418789022984
2022-01-14 09:00:00+00:00,-0.0018208291090947976,0.40660228255226133,-0.9771637252527782
2022-01-14 10:00:00+00:00,0.01012757288344947,-9.174042884352739,0.2754700041861926
2022-01-14 11:00:00+00:00,0.006526460496556996,-0.870536040020406,-0.044558457069846624
2022-01-14 12:00:00+00:00,-0.0028913969754216537,2.7741553502391905,0.4910546552367252
2022-01-14 13:00:00+00:00,0.0007280734230995197,1.36835961632406,-1.3997660708501019
2022-01-14 14:00:00+00:00,-0.018801799378365527,10.345896052675137,-0.6900686515499619
2022-01-14 15:00:00+00:00,-0.0001595993853250787,1.002672156019347,0.47972490245396476
2022-01-14 16:00:00+00:00,-0.00447958428397275,1.0996517765576093,-0.5024262257566747
2022-01-14 17:00:00+00:00,0.0042415123759456195,-4.301204468080781,0.6698040974699652
2022-01-14 18:00:00+00:00,-0.003280711471844207,1.9117407881746233,-0.23518701014680415
2022-01-14 19:00:00+00:00,-0.004499246921131407,1.741069254314573,0.7770578737650207
2022-01-14 20:00:00+00:00,0.0013421441121590203,0.7810025190926666,-0.3130092207542032
2022-01-14 21:00:00+00:00,-0.007693506104080973,2.315854550816302,-0.19419826209779556
2022-01-14 22:00:00+00:00,0.004636107761485659,0.4700598343973294,-0.5128958619501696
2022-01-14 23:00:00+00:00,0.001546968638162851,-1.2550846954963344,0.4966526737736958
2022-01-15 00:00:00+00:00,-0.002324080573191533,1.755578683900615,-0.5411282905399228
2022-01-15 01:00:00+00:00,0.003026019302100811,-1.8251059951460133,-0.584103759008867
2022-01-15 02:00:00+00:00,-0.0030445165925072465,2.3708641675597946,-0.27672987224323353
2022-01-15 03:00:00+00:00,0.0022952890253024744,-1.2322624763144898,-0.7510759428997502
2022-01-15 04:00:00+00:00,0.0004769298252651545,-0.7877412662111597,-0.24594546149973007
2022-01-15 05:00:00+00:00,-0.0013391485959403078,0.4303511738677819,-0.8352220743764411
2022-01-15 06:00:00+00:00,-0.0022530876481306906,2.6693456898510823,0.055393240994228786
2022-01-15 07:00:00+00:00,0.0007634837468064158,-0.014552194490243135,0.30955861234264564
2022-01-15 08:00:00+00:00,0.0010534858484971899,-0.9903803272456712,0.8176301325830971
2022-01-15 09:00:00+00:00,-0.00525732437751864,2.0880425785894716,-0.3359965658345555
2022-01-15 10:00:00+00:00,0.0017637087497548443,1.2889072633809957,0.42540695133408085
2022-01-15 11:00:00+00:00,0.0015867330151312833,0.09320029359527067,1.352706688091219
2022-01-15 12:00:00+00:00,0.011137948354430815,-4.323868834495992,0.7534087087915148
2022-01-15 13:00:00+00:00,-0.006056068401163647,3.0372077915854696,-0.17542716614681736
2022-01-15 14:00:00+00:00,-0.011300012860356212,3.6893293317998013,-0.08652940420045353
2022-01-15 15:00:00+00:00,-0.007021800447630918,3.412160912124463,-0.7530882522776733
2022-01-15 16:00:00+00:00,0.0012811888512278366,0.14835206588341548,0.7701567310335359
2022-01-15 17:00:00+00:00,0.0024649863489969656,-0.014802088891289436,0.0352312802303265
2022-01-15 18:00:00+00:00,0.001974282065591988,-0.7887624817752855,-0.4115900244888034
2022-01-15 19:00:00+00:00,-0.002075561623268952,1.8914193559799681,-0.23298278436440997
2022-01-15 20:00:00+00:00,9.63454169333182e-05,-1.669307045678662,0.12386515307164174
2022-01-15 21:00:00+00:00,0.005166438911106865,-2.217249131708192,-0.043344994530777184
2022-01-15 22:00:00+00:00,-0.0011991691660856755,0.019597349297626087,-0.10198395745510079
2022-01-15 23:00:00+00:00,0.0033804469484177133,-2.2436082861822793,-0.3229660726457861
2022-01-16 00:00:00+00:00,-0.0017449924059348893,0.7255426536600345,-0.18822752190082576
2022-01-16 01:00:00+00:00,0.003457492139292122,-1.3590125534199808,0.038352133643762984
2022-01-16 02:00:00+00:00,0.005287519916617862,-3.7683804054627497,0.022016980995781865
2022-01-16 03:00:00+00:00,-0.0031519728362559337,1.4564512086382317,-0.21216762612816362
2022-01-16 04:00:00+00:00,-0.001580167807877209,0.8497727871245986,0.6344656057714737
2022-01-16 05:00:00+00:00,0.0031823338588407887,-1.7076047237867364,-0.04518570080031575
2022-01-16 06:00:00+00:00,-0.008384788064047697,4.557411009898366,-0.14608348126481063
2022-01-16 07:00:00+00:00,0.001148585799920813,0.986907966816969,0.2328062999015883
2022-01-16 08:00:00+00:00,0.005975795362813227,-1.327700632165236,0.42510217723030647
2022-01-16 09:00:00+00:00,-0.0024660037836509753,1.7605733819374412,-0.08551130387504226
2022-01-16 10:00:00+00:00,0.004800297644764439,-3.0399648676005686,-0.3552717101987472
2022-01-16 11:00:00+00:00,-0.002563512057040793,1.3742764253133697,-0.29779512549687276
2022-01-16 12:00:00+00:00,-0.005881950210376844,2.701818483260167,0.20395640858855518
2022-01-16 13:00:00+00:00,-0.002722707672623583,-0.03395153320480951,-0.058513168422328204
2022-01-16 14:00:00+00:00,-0.0033858007027811935,2.279846779630193,0.32301646257688327
2022-01-16 15:00:00+00:00,-0.0001475268534450081,-0.7780156177148343,0.32620242788690523
2022-01-16 16:00:00+00:00,-0.0054305610671435646,4.628935470839653,-1.7771431035832337
2022-01-16 17:00:00+00:00,0.007584834534923033,-3.8750955766946436,0.4044259459629463
2022-01-16 18:00:00+00:00,-0.00038871669151712703,0.41898647056431876,-0.5048527436432895
2022-01-16 19:00:00+00:00,0.007964822871268262,-3.395185249023601,0.13890219888297803
2022-01-16 20:00:00+00:00,-0.0038012665826979513,1.6516537838721972,1.0307590432598532
2022-01-16 21:00:00+00:00,0.000991130483082657,0.10395373438457683,1.7553005979447225
2022-01-16 22:00:00+00:00,-0.005644505478555407,2.027435457338047,-0.4082753828664803
2022-01-16 23:00:00+00:00,0.0005797318924062711,-0.41521770197807323,-1.4666455412329473
2022-01-17 00:00:00+00:00,0.006447777165638617,-4.481850464199043,0.1869297887969207
2022-01-17 01:00:00+00:00,0.0016474993870446966,1.1953106640178577,-1.3884970970736001
2022-01-17 02:00:00+00:00,-0.0018957834140255142,-1.6800803328003866,0.6543672545654179
2022-01-17 03:00:00+00:00,0.02003685120773441,-11.212293207469738,1.5036666416190358
2022-01-17 04:00:00+00:00,0.0010845339935401828,-2.08171339368097,-0.45849244929655464
2022-01-17 05:00:00+00:00,-0.0039036363435915704,1.0807060053469608,0.4060207366625152
2022-01-17 06:00:00+00:00,-0.0022344806511052254,1.2298255156625229,0.5204935656214021
2022-01-17 07:00:00+00:00,0.0007659334717497943,0.23241072334324936,-0.27913396564235166
2022-01-17 08:00:00+00:00,4.036295060817359e-06,0.9886437863834082,0.39017359991503703
2022-01-17 09:00:00+00:00,-0.0006865565852917438,1.0751198234523578,-0.8509774330496648
2022-01-17 10:00:00+00:00,0.0001261287671994024,-1.536303389034711,-0.5404356086403826
2022-01-17 11:00:00+00:00,0.005666258327387836,-3.565008576308687,0.49984172000952176
2022-01-17 12:00:00+00:00,-0.001505289395320195,-2.7139854095810603,0.7289741977654268
2022-01-17 13:00:00+00:00,-0.00209703630983759,1.8409552302395729,-0.9528046788838922
2022-01-17 14:00:00+00:00,0.0035327420295669827,-0.8223909539010698,0.31619067295596903
2022-01-17 15:00:00+00:00,0.006017577768129761,-6.870743858859752,0.637598074436925
2022-01-17 16:00:00+00:00,0.0028520845505223993,-2.4084992924636714,0.028128345942848514
2022-01-17 17:00:00+00:00,0.0062128561486214755,-2.166831690527286,1.2589490407045658
2022-01-17 18:00:00+00:00,-0.002753989988013713,2.528409955787281,0.3734648944550636
2022-01-17 19:00:00+00:00,-0.0007999873231871909,1.1745471600756558,-0.2858684915449863
2022-01-17 20:00:00+00:00,0.003420536246700961,-2.2733030252713644,0.23211948361908125
2022-01-17 21:00:00+00:00,0.013500893593051016,-7.5272314547845856,-0.18287389490247127
2022-01-17 22:00:00+00:00,-0.008527947948082131,5.170994193965848,-0.4535985337188345
2022-01-17 23:00:00+00:00,-0.00535053501895845,2.453743073287294,0.8518703333746525
2022-01-18 00:00:00+00:00,-0.005951058186664336,5.235069821040858,0.0843005388185781
2022-01-18 01:00:00+00:00,0.001698300467694392,-0.37057439995187097,0.2576887642575858
2022-01-18 02:00:00+00:00,0.0018540005492773122,-0.5462675869631042,-0.36129830266927143
2022-01-18 03:00:00+00:00,0.010699020475606742,-6.911605660058908,0.706157373929436
2022-01-18 04:00:00+00:00,0.0031113529910452263,-3.7209492513942686,0.4192051627192986
2022-01-18 05:00:00+00:00,0.0006960950129583186,-0.25006170570350683,-0.11772073261593693
2022-01-18 06:00:00+00:00,-0.00971738196518857,8.0988184884452,-0.6613123450425737
2022-01-18 07:00:00+00:00,0.00620471161653374,-3.8282866309766677,-0.1415079349885121
2022-01-18 08:00:00+00:00,0.010128845112240022,-10.907628804919053,0.09780789312603069
2022-01-18 09:00:00+00:00,-0.0022434078691081476,0.027753226355116872,-0.8005063020368128
2022-01-18 10:00:00+00:00,-0.0027980107384996005,0.4208747764661073,0.8343999605061915
2022-01-18 11:00:00+00:00,0.0005893531765152456,0.3868891129926526,-1.4084301879318257
2022-01-18 12:00:00+00:00,0.002643395469738731,-1.4544044766071889,-0.14531289184592566
2022-01-18 13:00:00+00:00,0.006818599479445588,-3.874846259202899,1.061785742897188
2022-01-18 14:00:00+00:00,0.005799529778303484,-6.208811507568412,-0.04200294295478392
2022-01-18 15:00:00+00:00,0.0007115541122963941,3.776789664937721,-0.7117044900128706
2022-01-18 16:00:00+00:00,-0.004485456081072364,2.783203776527235,-1.0185028841845107
2022-01-18 17:00:00+00:00,0.008224390259559216,-4.4600818904365545,-0.27253905723486205
2022-01-18 18:00:00+00:00,0.0003343210376008707,0.45941627955035247,2.984162504586201
2022-01-18 19:00:00+00:00,-0.006754050468463396,3.967849241642967,-1.2718200674100173
2022-01-18 20:00:00+00:00,0.001228172646115504,-0.8628282144087493,0.2425862196121308
2022-01-18 21:00:00+00:00,-0.012213624959614292,10.812067093974738,0.11034965455830789
2022-01-18 22:00:00+00:00,-0.004131862984852474,2.0898630712888076,-0.5199361959500335
2022-01-18 23:00:00+00:00,0.0061453725608018196,-4.403009756267904,-0.6003895601005234
2022-01-19 00:00:00+00:00,0.002223583388237096,-2.560648330998432,0.8005971614771064
2022-01-19 01:00:00+00:00,-0.006747703355704106,3.957038192755467,-0.9187461212138152
2022-01-19 02:00:00+00:00,0.003948859450814128,-1.5395015816461868,1.029628495979229
2022-01-19 03:00:00+00:00,0.019793514610750507,-12.07912789653942,0.9559007096233358
2022-01-19 04:00:00+00:00,-0.005831900854757138,1.9803426819356118,-0.5970631988949158
2022-01-19 05:00:00+00:00,0.013312885185993991,-0.4839806951020183,0.7076824452560571
2022-01-19 06:00:00+00:00,0.013058910664412539,-3.9056588742543035,0.7997871684177723
2022-01-19 07:00:00+00:00,0.020192297138767485,-13.395784867813092,0.4658866537101873
2022-01-19 08:00:00+00:00,-0.00858408320954844,0.5562499628814105,0.7217149862857599
2022-01-19 09:00:00+00:00,-0.0011832443000678755,5.961637412604231,-0.3598317298967351
2022-01-19 10:00:00+00:00,0.0027190276183706604,-1.7953882753556674,0.2293637468008377
2022-01-19 11:00:00+00:00,-0.007024752483655255,9.868173078449631,1.9419625750307539
2022-01-19 12:00:00+00:00,0.0009798450910855935,-1.3326492233489806,-1.061539611044944
2022-01-19 13:00:00+00:00,-0.00367275920651125,2.8432778216116437,-0.45314049996671185
2022-01-19 14:00:00+00:00,-0.00873518780140688,7.917284078009344,-1.2212189600946803
2022-01-19 15:00:00+00:00,0.012983691048827307,-8.294876973744852,1.2318943031252276
2022-01-19 16:00:00+00:00,0.010012779439902293,-2.4724258557841132,0.5747084385839757
2022-01-19 17:00:00+00:00,-0.019193238212737704,6.208594688744549,-0.5358865061942527
2022-01-19 18:00:00+00:00,-0.01208298663639202,-2.023759584353236,0.002701513321842708
2022-01-19 19:00:00+00:00,0.004769608567325993,-1.8241462377874669,-0.14023224127635792
2022-01-19 20:00:00+00:00,0.00838502440978877,-5.064229910262233,0.3807660916396425
2022-01-19 21:00:00+00:00,-0.003807539319981618,0.9308856430569811,0.12292757781234662
2022-01-19 22:00:00+00:00,-0.006435884012275987,3.095384975770897,-0.3270738267443921
2022-01-19 23:00:00+00:00,0.010003748534533972,-8.176416831195317,0.32311085414422863
2022-01-20 00:00:00+00:00,-0.0025892622697360145,3.6574270622217826,0.28033604449636573
2022-01-20 01:00:00+00:00,-0.0059121981481618634,-1.4947710114514823,0.012680303518630722
2022-01-20 02:00:00+00:00,-0.005468768496275354,3.524200019671222,-0.34386076464815046
2022-01-20 03:00:00+00:00,0.0008870859124081433,1.3098579118364502,-0.04962305791351605
2022-01-20 04:00:00+00:00,-0.0019084016976359543,0.8390830224558771,-0.016219813722475194
2022-01-20 05:00:00+00:00,-0.004256702845719902,0.20717305415075118,-0.44941295892785343
2022-01-20 06:00:00+00:00,-0.01162866321921605,3.3484005172405125,-1.0123522653397266
2022-01-20 07:00:00+00:00,-0.0025476159710491144,1.2198986655152761,-0.3733228881207341
2022-01-20 08:00:00+00:00,0.0015874949504562214,-0.9558354256399089,-0.001329267504575543
2022-01-20 09:00:00+00:00,-0.005525155296155341,0.8972969640944982,-0.1413244115503694
2022-01-20 10:00:00+00:00,-0.014816624876238148,0.7944305558071492,-0.19136930623769358
2022-01-20 11:00:00+00:00,0.0052250515995283875,0.7875758090572464,0.12245162831235791
2022-01-20 12:00:00+00:00,0.004451054723856266,-2.0801254382534116,0.5116857102515702
2022-01-20 13:00:00+00:00,-0.012104561333054919,8.32824843663213,-0.59335816836762
2022-01-20 14:00:00+00:00,-0.0015615749111210738,10.62529118593632,-0.5515556986628225
2022-01-20 15:00:00+00:00,0.0020578390302177967,3.191816511653469,1.213855063993032
2022-01-20 16:00:00+00:00,0.006048371345254863,-1.5400446564959946,0.06098524613062341
2022-01-20 17:00:00+00:00,0.004503250533869836,-5.079731859068564,-0.299555993086762
2022-01-20 18:00:00+00:00,0.007652062647219892,-3.1671706884121376,0.0011686832597365034
2022-01-20 19:00:00+00:00,-0.0014733538214243998,0.3714259369377665,0.02198349094830734
2022-01-20 20:00:00+00:00,0.0011947287539815278,-5.611785474197642,-0.1866390543541445
2022-01-20 21:00:00+00:00,0.04346054562162657,-30.198701252019365,1.3381080714237126
2022-01-20 22:00:00+00:00,0.0016675571930041442,-1.314054663381615,3.8222510933606793
2022-01-20 23:00:00+00:00,0.011518326423737695,-13.403810775474673,-1.833026290992914
2022-01-21 00:00:00+00:00,0.004427831563694338,4.848910082434549,0.916536030631166
2022-01-21 01:00:00+00:00,0.03771599122796065,-27.560504768393336,-1.1543027662176093
2022-01-21 02:00:00+00:00,-0.005177945042256501,6.274905913368381,-0.09066117041354424
2022-01-21 03:00:00+00:00,0.03574498414572448,-16.332360498892662,0.4452994019313894
2022-01-21 04:00:00+00:00,-0.004535373131386545,5.879692761788093,-0.26884558473212894
2022-01-21 05:00:00+00:00,-0.0020015115465827414,1.8615272705035664,-0.42935896479067404
2022-01-21 06:00:00+00:00,0.006646459119922921,-4.374004481262063,-0.28218167348625983
2022-01-21 07:00:00+00:00,-0.0012519903556931155,7.601504354037827,0.4532906565324738
2022-01-21 08:00:00+00:00,-0.007251483982416321,1.433961443817483,-0.09211891734800505
2022-01-21 09:00:00+00:00,0.008861669273445776,-4.049143144121346,-0.13066987403920166
2022-01-21 10:00:00+00:00,0.0014269168645369712,0.3963326061958602,0.5132907557681912
2022-01-21 11:00:00+00:00,0.0065516287317318,-3.6069479866648164,0.00927295728405031
2022-01-21 12:00:00+00:00,0.020168210018234236,-16.91212615694456,-1.5109088866477083
2022-01-21 13:00:00+00:00,-0.00875123094906895,3.3358483096524907,0.8633205153859778
2022-01-21 14:00:00+00:00,0.003589321962481801,-1.8169445062260599,1.4862131775838014
2022-01-21 15:00:00+00:00,-0.018451621808957572,10.716867002128788,-2.2229415545692883
2022-01-21 16:00:00+00:00,0.00031175544449377424,-1.7545402918065878,-0.6466905473952516
2022-01-21 17:00:00+00:00,0.006244851161484972,-5.864403225794348,-2.0723604354040366
2022-01-21 18:00:00+00:00,0.0037951744340507403,-2.174079372629592,3.6888055267550692
2022-01-21 19:00:00+00:00,0.00868647724934787,-6.980935538042394,-0.4080117808758068
2022-01-21 20:00:00+00:00,0.007464384294671801,-0.14813214181296946,-1.6051135452609293
2022-01-21 21:00:00+00:00,0.06087926014831718,-37.42452460105455,-1.6137604441193194
2022-01-21 22:00:00+00:00,0.022102252442104547,-7.070346294442997,-2.450380349472306
2022-01-21 23:00:00+00:00,-0.0008810078169283404,2.6177019542587456,-2.928110207811527
2022-01-22 00:00:00+00:00,-0.006995977273592076,4.325588212126263,-0.25514542209807817
2022-01-22 01:00:00+00:00,-0.00468606078384061,4.446038778686651,0.37969145495346207
2022-01-22 02:00:00+00:00,0.004265214886090074,-4.004027163462534,1.078618655624395
2022-01-22 03:00:00+00:00,0.007776803231209011,-5.888476936990819,-1.8923358868934816
2022-01-22 04:00:00+00:00,0.003466398950815412,-4.529043830914313,0.8701543996764407
2022-01-22 05:00:00+00:00,0.01683117515725868,-25.111442151471767,0.8843061839981665
2022-01-22 06:00:00+00:00,-0.0046447344327433535,-7.406018364472827,0.7142219506734381
2022-01-22 07:00:00+00:00,0.013025445174493342,-17.179129178598497,-0.383807486120889
2022-01-22 08:00:00+00:00,-0.0043153715911081105,3.3911558484773714,1.8213128552015359
2022-01-22 09:00:00+00:00,0.022473835139822266,-24.38301567928946,-0.039917991061431894
2022-01-22 10:00:00+00:00,-0.01901044904954519,21.809448348270106,-3.1158064525965132
2022-01-22 11:00:00+00:00,0.0025583538662580195,-0.2564160164867319,-0.9209328641616327
2022-01-22 12:00:00+00:00,-0.010763833566203185,17.473664661680253,2.673694918736664
2022-01-22 13:00:00+00:00,0.005049423883719944,-4.887823706321054,0.9082972603664913
2022-01-22 14:00:00+00:00,0.015690123650708983,-14.05766903380222,-1.3108402204645064
2022-01-22 15:00:00+00:00,0.005758848911288046,-8.471939406279233,-2.3346412316371095
2022-01-22 16:00:00+00:00,-0.008242654663640782,10.884848646279615,-1.4552194208741158
2022-01-22 17:00:00+00:00,0.014730987036856706,-9.23831100564368,0.2698711179219914
2022-01-22 18:00:00+00:00,0.0067599627188823985,-7.65257661058593,-0.8684928722023939
2022-01-22 19:00:00+00:00,-0.003644269822787327,3.3953031774611064,1.1499010211317304
2022-01-22 20:00:00+00:00,-0.023502205925483896,19.12824884489718,-0.3410905752265268
2022-01-22 21:00:00+00:00,-0.0026060878118225566,2.800043267813267,0.6504295601862361
2022-01-22 22:00:00+00:00,0.015187984584250202,-11.90700969544246,2.84168052631852
2022-01-22 23:00:00+00:00,-0.006135450085475448,6.742602641831052,0.18985611486273546
2022-01-23 00:00:00+00:00,-0.009679006149597217,14.404201682447491,1.7672932476919136
2022-01-23 01:00:00+00:00,0.0022709253413640373,-2.5637504840933705,-0.15118459053011646
2022-01-23 02:00:00+00:00,0.01867044670175829,-12.928874850529233,-1.3715769507979645
2022-01-23 03:00:00+00:00,-0.008813555199947401,5.917499041725988,-0.8154258621257666
2022-01-23 04:00:00+00:00,-0.006812865993011815,3.6325579612978522,-1.465660036882555
2022-01-23 05:00:00+00:00,-0.012949476692366619,7.038733808015586,-1.7034332578689764
2022-01-23 06:00:00+00:00,0.0021414690083141003,-2.4266381313716066,1.182588965936974
2022-01-23 07:00:00+00:00,-0.00846158251899716,7.733888428874727,0.7393475664398178
2022-01-23 08:00:00+00:00,-0.012265100485934918,4.491105571671944,-0.6618396973446941
2022-01-23 09:00:00+00:00,-0.005709251235568664,4.245706321183826,2.000207015692809
2022-01-23 10:00:00+00:00,-0.00013916012562794014,-0.889303191031562,-1.284886540811229
2022-01-23 11:00:00+00:00,0.014609657745846591,-6.437861617912406,0.8116724861171198
2022-01-23 12:00:00+00:00,0.0008300498408429977,0.39942843130412375,-0.0810160044826078
2022-01-23 13:00:00+00:00,-0.0039187844575797,4.2505282385417535,0.7168858417550195
2022-01-23 14:00:00+00:00,0.028590911734496526,-14.376508597596846,-0.8620894599524985
2022-01-23 15:00:00+00:00,0.0003706833859082724,-0.3423972556611823,-1.1307989077159732
2022-01-23 16:00:00+00:00,0.002253226187168692,-1.3654106136473563,1.0001896519762705
2022-01-23 17:00:00+00:00,-0.004483649208071441,2.6130948538215955,0.42523918658951204
2022-01-23 18:00:00+00:00,0.009789394202516977,-7.554921932550676,-0.9902429951072982
2022-01-23 19:00:00+00:00,0.012681966966525952,-3.5950251165787765,0.20140876829216947
2022-01-23 20:00:00+00:00,-0.01633811321005421,5.656582345063326,0.24956891431299832
2022-01-23 21:00:00+00:00,0.000404447990440142,-1.2329901514674737,0.12966533978302192
2022-01-23 22:00:00+00:00,-0.009977756630475884,3.2035868540189454,-0.15375702369892036
2022-01-23 23:00:00+00:00,-0.0387780578935339,17.65405076980869,-1.2478826125175129
2022-01-24 00:00:00+00:00,0.019160801938976003,-8.700731956523642,-0.19869807119052282
2022-01-24 01:00:00+00:00,0.013376523068211224,-5.841118586251212,0.5604582999203567
2022-01-24 02:00:00+00:00,0.008995415624167282,-6.3607046081521315,-0.2791952709483831
2022-01-24 03:00:00+00:00,-0.009310440520669856,3.1879682946009122,-2.763963620248785
2022-01-24 04:00:00+00:00,0.008663911943131597,-5.386555482275616,-1.4248514980072633
2022-01-24 05:00:00+00:00,-0.0006100363764941233,-0.6789756307195111,-1.1251711361006298
2022-01-24 06:00:00+00:00,0.0018702022684092682,0.34919973279062677,-0.008136719988159357
2022-01-24 07:00:00+00:00,0.020653700514368368,-8.807656624141933,0.9860118039189236
2022-01-24 08:00:00+00:00,0.0007308675663405845,-1.1012834646336396,-0.6885689493404579
2022-01-24 09:00:00+00:00,0.01995696942263261,-9.437423971015706,-2.8247032014621647
2022-01-24 10:00:00+00:00,0.05105921573672542,-18.452346588089963,-2.278855548787335
2022-01-24 11:00:00+00:00,-0.00990072161404143,4.5525926125720035,0.9070794321790936
2022-01-24 12:00:00+00:00,0.021248772213910187,-8.36328826324346,0.3468435034217545
2022-01-24 13:00:00+00:00,0.0028399458595838667,0.7190254842803853,-0.3176391740754213
2022-01-24 14:00:00+00:00,-0.009693812912847283,7.26184806010686,-1.0033329542495046
2022-01-24 15:00:00+00:00,-0.031389767580880995,12.68752152221726,-0.6317406168446277
2022-01-24 16:00:00+00:00,0.006482613499088897,-3.1338746821796652,3.462340256600891
2022-01-24 17:00:00+00:00,-0.038992768408276,13.244412965816577,0.04000119495248908
2022-01-24 18:00:00+00:00,-0.016326275070317857,8.651276188655576,3.647401161694443
2022-01-24 19:00:00+00:00,0.0034443050402711423,-0.881002746147467,-0.08686460877112977
2022-01-24 20:00:00+00:00,-0.035750747024567105,16.433524992319207,0.1251739902861179
2022-01-24 21:00:00+00:00,0.008769088428586974,-4.551823876681857,0.027132834779535396
2022-01-24 22:00:00+00:00,0.012063864293541634,-3.8624089584432273,0.3992762866798035
2022-01-24 23:00:00+00:00,-0.010833210499802829,3.340283272761372,-0.6751095115055643
2022-01-25 00:00:00+00:00,0.02072817107949039,-8.687153021927347,-0.7032922945157382
2022-01-25 01:00:00+00:00,-0.0012777230533028807,0.759085890298227,-0.5257031840311142
2022-01-25 02:00:00+00:00,-0.0089765262535841,4.630838172342811,-1.1278382247943854
2022-01-25 03:00:00+00:00,-0.0012212656290776069,0.223474612204042,-0.9898812366823089
2022-01-25 04:00:00+00:00,0.014651813492642099,-6.6528927459758185,1.4498584483300239
2022-01-25 05:00:00+00:00,-0.006057553184740972,2.8218247860104193,-0.8923349044816933
2022-01-25 06:00:00+00:00,0.012034155605381118,-2.977304298846196,0.9624275351517362
2022-01-25 07:00:00+00:00,-0.007978146307510503,4.478099775601949,-0.3192661115293981
2022-01-25 08:00:00+00:00,-0.0007486652443077303,0.5631588439679305,-0.253889348166729
2022-01-25 09:00:00+00:00,-0.016977362889873945,5.8346017382016475,0.7500272703790827
2022-01-25 10:00:00+00:00,-0.0011271771040027,1.600792493501844,0.603000171897722
2022-01-25 11:00:00+00:00,0.0022607963706689645,-1.5304857621367618,0.5121905557100157
2022-01-25 12:00:00+00:00,-0.006363025568651273,1.560051236403294,0.2160736523861429
2022-01-25 13:00:00+00:00,0.00475943003082666,-1.328395654925005,-1.0126056843296605
2022-01-25 14:00:00+00:00,0.013380406848892192,-4.185104800119654,-1.4510730488341521
2022-01-25 15:00:00+00:00,-0.01104716929162998,3.2377720889082946,-0.4775274318007649
2022-01-25 16:00:00+00:00,-0.005689122172754053,4.17239884509697,0.5625441819124902
2022-01-25 17:00:00+00:00,-0.019855043938898267,6.535536237580529,-0.36667436163815803
2022-01-25 18:00:00+00:00,-0.006636530972468606,4.663023050066143,0.8042040729810217
2022-01-25 19:00:00+00:00,0.011771297704383357,-3.9516460283981227,-1.431809078408815
2022-01-25 20:00:00+00:00,0.010859257822240643,-3.640015127631866,1.3456783030369082
2022-01-25 21:00:00+00:00,0.01096254115032457,-4.330122457134864,0.1628093230864537
2022-01-25 22:00:00+00:00,-0.00950543188164594,3.8619050730804005,-1.117646332185857
2022-01-25 23:00:00+00:00,-0.008777334148174979,1.666694678975769,0.8783658803716057
2022-01-26 00:00:00+00:00,0.013825151448322876,-3.437863311709745,-0.24885330668812153
2022-01-26 01:00:00+00:00,-0.008842259528888521,2.893378813084474,-0.7763162716798137
2022-01-26 02:00:00+00:00,0.0005147050578303486,-1.1720657640276808,1.6528096563301609
2022-01-26 03:00:00+00:00,-0.01294393170402312,6.175273301312711,-0.17203478758216334
2022-01-26 04:00:00+00:00,-0.008929073720923393,5.48191524417664,-0.735069625442121
2022-01-26 05:00:00+00:00,0.009073008517442456,-2.2811703046211047,-0.25399257445030987
2022-01-26 06:00:00+00:00,0.009906430428021806,-3.639363987691585,0.8741370825084748
2022-01-26 07:00:00+00:00,-0.004234257398071907,1.8382537856008447,-0.7198178928177927
2022-01-26 08:00:00+00:00,-0.010392745263701776,4.476775104288026,0.5401921953299705
2022-01-26 09:00:00+00:00,-0.0007886856444514829,-0.3681900358047406,-0.027656738905259402
2022-01-26 10:00:00+00:00,-0.014649024437636753,3.5883336172699987,0.005863977817691761
2022-01-26 11:00:00+00:00,-0.007808767282513378,1.7126448885201306,0.4391072400959805
2022-01-26 12:00:00+00:00,0.005568335224611757,-2.7489057267753347,-0.11087392398930154
2022-01-26 13:00:00+00:00,-0.03475742778116846,8.867029730303543,-0.9931526700569239
2022-01-26 14:00:00+00:00,-0.009355845451163547,1.2628259688234338,-0.45974704285153445
2022-01-26 15:00:00+00:00,0.015227834747115806,-3.553572365435373,2.133142941190038
2022-01-26 16:00:00+00:00,-0.003842413706541934,1.1098977438119695,0.6144882754864966
2022-01-26 17:00:00+00:00,0.008083633169715387,-4.296320234490821,0.9031643563874351
2022-01-26 18:00:00+00:00,-0.003647716346336857,-0.6807849388202623,-2.0471261683451254
2022-01-26 19:00:00+00:00,0.011122550309755385,1.1717726493412521,2.3052937922988868
2022-01-26 20:00:00+00:00,0.02104780836910166,-10.59380316351738,-1.687706612993876
2022-01-26 21:00:00+00:00,0.03970649235069903,-13.400530056320022,0.19212135375833753
2022-01-26 22:00:00+00:00,-0.008090440938996602,5.759137263991107,-0.8563637726559239
2022-01-26 23:00:00+00:00,-0.010135455682709125,2.7921388994148773,-0.16768764144842344
2022-01-27 00:00:00+00:00,-0.008451695014588622,2.402782347324291,0.1608961658200081
2022-01-27 01:00:00+00:00,0.03822419828351173,-14.667916519596814,-0.31942378995167126
2022-01-27 02:00:00+00:00,0.0008516946912995213,-0.27491083528865234,-0.5961965200177783
2022-01-27 03:00:00+00:00,0.009808779661451791,-2.9996685906825533,-1.6286735906063643
2022-01-27 04:00:00+00:00,-0.012551172553354575,3.1829230471702474,-0.7304461960863254
2022-01-27 05:00:00+00:00,0.0021468620733380364,-0.40913468258006935,-0.306289775838685
2022-01-27 06:00:00+00:00,-0.004680931759391782,2.309121618616067,-0.733464732812523
2022-01-27 07:00:00+00:00,-0.0010545761253309067,1.110289426628024,-0.16835982396930946
2022-01-27 08:00:00+00:00,-0.01577323214678796,4.65098461834563,-1.3857466478665699
2022-01-27 09:00:00+00:00,-0.0008825816709831874,1.9491157444145004,0.9677130280624222
2022-01-27 10:00:00+00:00,0.007449430732536562,-2.9629205384437465,-0.5178740739369228
2022-01-27 11:00:00+00:00,-0.013507782729994996,5.205473128795426,-1.2469365069530527
2022-01-27 12:00:00+00:00,-0.0001678481482841497,2.409158531344841,0.20722593267066128
2022-01-27 13:00:00+00:00,-0.011716459411817717,3.1815682417201883,0.7010417528189878
2022-01-27 14:00:00+00:00,-0.0027822779503898208,1.1596204890652402,-0.4622247502709469
2022-01-27 15:00:00+00:00,0.005596765674953779,-3.469855358424645,0.21914731833005993
2022-01-27 16:00:00+00:00,0.0010825956884435994,-0.15478880226581443,-0.33329485659429114
2022-01-27 17:00:00+00:00,0.009889738926306676,-3.0181348618693704,0.8176302543755087
2022-01-27 18:00:00+00:00,0.005374297217876991,-0.9020892199017461,-0.4642385182833019
2022-01-27 19:00:00+00:00,0.013572098089854226,-4.994326546639114,0.27366650947279986
2022-01-27 20:00:00+00:00,0.01785861718970169,-8.940674492033034,0.33236135239039116
2022-01-27 21:00:00+00:00,-0.006146938693262041,4.1477669243238795,1.1565887607574705
2022-01-27 22:00:00+00:00,-0.007587869241500377,4.067811052908055,-0.019679555146625213
2022-01-27 23:00:00+00:00,-0.015084674332255828,5.211631620761932,-1.0024943810136333
2022-01-28 00:00:00+00:00,-0.0023153004300046427,1.9558958901969392,0.719818587154742
2022-01-28 01:00:00+00:00,0.012211085445424978,-4.9377756745081625,-0.5601787778405162
2022-01-28 02:00:00+00:00,-0.0033760581340702422,2.848517139814208,-0.16574134252281786
2022-01-28 03:00:00+00:00,-0.01857163484902902,4.782086677008764,-0.12362527564766848
2022-01-28 04:00:00+00:00,0.0033053792872555408,-2.029612272467338,1.2008055473422619
2022-01-28 05:00:00+00:00,-0.003379414040849526,0.9218341177134683,-0.22302768697116
2022-01-28 06:00:00+00:00,0.011055803821383407,-2.6035540849609564,-0.1721924677410381
2022-01-28 07:00:00+00:00,0.012889779998459774,-2.71928250522196,0.3507528629568509
2022-01-28 08:00:00+00:00,-0.00569340632202828,0.5111998670839775,-0.9423561047266864
2022-01-28 09:00:00+00:00,0.006375436491457396,-1.8872124640144123,-0.010222937859276244
2022-01-28 10:00:00+00:00,-0.005510585013374573,0.36892347915244694,-0.07001224071370032
2022-01-28 11:00:00+00:00,0.002255191755201347,-2.4572069037473194,0.039381101203924955
2022-01-28 12:00:00+00:00,-0.00428250820984181,-3.5211998907169173,0.5273690407514392
2022-01-28 13:00:00+00:00,0.017330503919037107,7.447410556632473,0.2547301852360502
2022-01-28 14:00:00+00:00,-0.0013248750766332788,-3.500636757978149,-0.21590684442192581
2022-01-28 15:00:00+00:00,-0.001909075195593718,5.568894772013383,-0.683717063907415
2022-01-28 16:00:00+00:00,0.0009606942297020378,1.1791231959674546,0.7270640485359408
2022-01-28 17:00:00+00:00,-0.007031813850308841,-3.296304022507501,0.30387306094833466
2022-01-28 18:00:00+00:00,0.011016972195949501,3.2702164330679184,0.3364507591528388
2022-01-28 19:00:00+00:00,-0.0016054585477823405,-0.07559306228426316,3.097899923757039
2022-01-28 20:00:00+00:00,0.013307602442318744,5.038088462509363,0.5121011746762323
2022-01-28 21:00:00+00:00,0.002122598306026312,0.6920204635855491,1.685273289255575
2022-01-28 22:00:00+00:00,-0.005437524593287489,-2.3430772895539658,0.8453941877974263
2022-01-28 23:00:00+00:00,0.001621043724724729,2.659621951921763,-0.8590318535756725
2022-01-29 00:00:00+00:00,0.017564401765635996,3.3899020215053675,0.24856093766750373
2022-01-29 01:00:00+00:00,-0.0070161994172243634,-2.4191939252491728,-0.1792155561675894
2022-01-29 02:00:00+00:00,0.011340307145024955,0.34899982834773724,0.08287547036725207
2022-01-29 03:00:00+00:00,0.004613354264394554,1.9817567009925154,-1.1283969682368464
2022-01-29 04:00:00+00:00,0.0008860579704038238,1.2087547803757424,0.3593035716028882
2022-01-29 05:00:00+00:00,0.0016318686377494343,-0.34291748007650974,0.025786955335431867
2022-01-29 06:00:00+00:00,-0.003016301061570957,2.0951955164206115,0.021299176558560423
2022-01-29 07:00:00+00:00,-0.00934465222841937,2.9991650587629306,0.9666213226147293
2022-01-29 08:00:00+00:00,0.0044648923052380655,-0.9900662874747984,0.6600549151043088
2022-01-29 09:00:00+00:00,0.002485655408415358,-0.4504839024282024,-0.07957186548946865
2022-01-29 10:00:00+00:00,-0.0007553340210417266,-0.36334435155755884,0.5531979127408547
2022-01-29 11:00:00+00:00,-0.0002731143386463158,0.2886283294179587,-0.3184638106395972
2022-01-29 12:00:00+00:00,-0.007747376994286322,1.9441046469259329,-0.33209466194115167
2022-01-29 13:00:00+00:00,-0.012642200344607727,3.769729792820395,0.07258934121660063
2022-01-29 14:00:00+00:00,0.02418974893680728,-8.472663851093271,0.3259104265060237
2022-01-29 15:00:00+00:00,-0.0005276337719115297,-0.7946827856433122,-1.4488376384375465
2022-01-29 16:00:00+00:00,-0.006140645486930791,0.9949775415617634,-0.7841898628613064
2022-01-29 17:00:00+00:00,-0.002168001882311558,0.10474593621664942,0.8636012095018697
2022-01-29 18:00:00+00:00,-0.010795700592945828,2.5351642873536653,-0.6118155663277146
2022-01-29 19:00:00+00:00,0.0007103973264563968,-0.0248788265533222,-0.28089525577944646
2022-01-29 20:00:00+00:00,-0.005336137289283845,2.5927767030352045,1.8642278045754084
2022-01-29 21:00:00+00:00,-0.003579145192095474,0.6771712748774378,-0.1895777399749279
2022-01-29 22:00:00+00:00,0.005922590091076231,-0.7520937444433877,0.1918807167705268
2022-01-29 23:00:00+00:00,-0.0006958694664140577,0.0785407615453893,-0.22592154603189346
2022-01-30 00:00:00+00:00,0.012620225306462732,-2.7417923574052954,0.6140130512379173
2022-01-30 01:00:00+00:00,-0.004561709876050037,2.334072359540321,-0.5236377855926181
2022-01-30 02:00:00+00:00,-0.00011411284546443005,1.0590305442020216,-0.6884067270055323
2022-01-30 03:00:00+00:00,0.003852208164938827,-0.8923003124026769,1.5735377770239596
2022-01-30 04:00:00+00:00,-0.00783635320138505,2.556280740377771,0.0873947179395326
2022-01-30 05:00:00+00:00,-0.005874396709333652,1.5445043254357258,-0.14347367255876328
2022-01-30 06:00:00+00:00,-0.004527253383095897,1.1948596333457242,0.32303283822083334
2022-01-30 07:00:00+00:00,-0.0010705116629037646,1.341471913990359,1.776136472764791
2022-01-30 08:00:00+00:00,0.004992687198543903,-2.2920432167094082,-2.185754390670599
2022-01-30 09:00:00+00:00,-0.001148335383721122,-0.7788990103999444,-0.07664703819011495
2022-01-30 10:00:00+00:00,-0.006496614607800732,2.769666409491222,-0.564945707543264
2022-01-30 11:00:00+00:00,0.0003995075490406776,0.005656069184551091,-0.10800980150720416
2022-01-30 12:00:00+00:00,0.0035907578053566216,-2.835065687806631,0.37747973305831845
2022-01-30 13:00:00+00:00,0.00222706617242093,-0.3900874645540966,-0.927634300578361
2022-01-30 14:00:00+00:00,0.0032300558243476664,-2.685014144389973,4.359122766128338
2022-01-30 15:00:00+00:00,-0.006105439855904323,1.6942202049776287,-0.5798933831744771
2022-01-30 16:00:00+00:00,0.007654809404443238,-2.9009560331092894,0.2925584527999263
2022-01-30 17:00:00+00:00,-0.007931732716892044,2.204019626531299,0.16452996086088262
2022-01-30 18:00:00+00:00,0.00804578240188619,-1.7759089584259706,-0.15174158855367284
2022-01-30 19:00:00+00:00,0.014405420019930124,-6.924395478259702,0.5954315053089432
2022-01-30 20:00:00+00:00,-0.006105570756636807,1.6125050314352394,-0.11735824620927605
2022-01-30 21:00:00+00:00,0.006033452776519002,-1.3250037479297034,0.15408190178127124
2022-01-30 22:00:00+00:00,-0.006221369261027903,1.7990240025961968,-0.21793473445282507
2022-01-30 23:00:00+00:00,-0.010122666512067845,1.8464861143399058,0.32969223178871987
2022-01-31 00:00:00+00:00,0.02405076312664184,-11.313922577161936,0.43117256875027177
2022-01-31 01:00:00+00:00,0.005580656202093911,-0.5297767093935423,-0.1603667276226363
2022-01-31 02:00:00+00:00,0.0054223272065950755,1.1001202763826436,0.010227350403215579
2022-01-31 03:00:00+00:00,-4.994884114619805e-06,0.3317755767917831,0.1469807686228988
2022-01-31 04:00:00+00:00,0.005187684279552214,-2.3836625454409126,-0.21320230106001445
2022-01-31 05:00:00+00:00,-0.003965836115010381,1.308835882993797,-0.18946725798563405
2022-01-31 06:00:00+00:00,0.001243623663495761,-1.0238787385500845,0.026509087827411657
2022-01-31 07:00:00+00:00,-0.009618029019133207,3.348516939035147,0.30245472638295956
2022-01-31 08:00:00+00:00,-0.0005914032477787948,0.7330064907786688,0.6717991930881231
2022-01-31 09:00:00+00:00,-0.004159249225191866,1.3674384437382807,0.20110102779036407
2022-01-31 10:00:00+00:00,-0.0035854673906503764,1.1639513166364182,-0.4018412743105613
2022-01-31 11:00:00+00:00,-0.003055293639554705,-0.4522196989100953,-0.3016053031083678
2022-01-31 12:00:00+00:00,0.0072356656423834004,-1.2022356598759818,-0.7847808640573384
2022-01-31 13:00:00+00:00,-0.007182865934037696,2.808337576601516,-0.09345277181722084
2022-01-31 14:00:00+00:00,-0.01140803073641919,4.072074348514566,0.4000290090791115
2022-01-31 15:00:00+00:00,-0.012996081609732224,4.130298196774811,-0.36823036283360194
2022-01-31 16:00:00+00:00,-0.02476085132706138,5.737931646155715,1.3836305890957445
2022-01-31 17:00:00+00:00,-0.0004497009477580951,0.9186899771128431,-0.16134728093623332
2022-01-31 18:00:00+00:00,0.0028352946865675657,-0.7811053317612378,0.002490849624075735
2022-01-31 19:00:00+00:00,0.0021090253136518194,-0.4951142109247884,-0.43087048445286724
2022-01-31 20:00:00+00:00,-0.003926187208310124,1.4366345299841146,-0.7561794027273998
2022-01-31 21:00:00+00:00,0.001549953369932705,-0.6063070813248358,-1.4900786584794032
2022-01-31 22:00:00+00:00,3.690257972531836e-06,0.13863384749484386,-0.25231798350227724
2022-01-31 23:00:00+00:00,-0.002249286898182713,0.8323933884968194,-0.2063658585733358
2022-02-01 00:00:00+00:00,-0.0007999371551711516,-0.5623290634460947,0.1173633379991249
2022-02-01 01:00:00+00:00,0.0008488157878312827,-0.08157185653966735,0.051889672412273616
2022-02-01 02:00:00+00:00,-0.009250072576503126,1.8841121274657862,-0.2846496470707221
2022-02-01 03:00:00+00:00,-0.011026744755652596,3.7813608742152063,-0.08275168391054932
2022-02-01 04:00:00+00:00,0.002548364363928035,-1.8907658165042591,0.31254715820201245
2022-02-01 05:00:00+00:00,0.003704898499641119,-2.061792970451709,0.2048273500807015
2022-02-01 06:00:00+00:00,-0.0006574111813485333,-0.21897327458980392,-0.22218574940153482
2022-02-01 07:00:00+00:00,-0.0010495869086931753,2.1364056301876273,-0.05038337015645112
2022-02-01 08:00:00+00:00,-0.008503292477922652,2.5202917324992185,-0.25177683084382907
2022-02-01 09:00:00+00:00,0.009273031383243138,-5.721379398852173,-0.09978436775748624
2022-02-01 10:00:00+00:00,-0.00038426286657446487,0.9531396003737849,0.15687518342264967
2022-02-01 11:00:00+00:00,-0.00704181112327826,2.371876415249451,-0.3873758181849624
2022-02-01 12:00:00+00:00,-0.006303983714131907,1.5653046687168652,0.11045338422975362
2022-02-01 13:00:00+00:00,-0.0031602523954817564,0.8819060553543117,-0.0009065481600105179
2022-02-01 14:00:00+00:00,0.004899072373579258,-2.9895242936481745,0.7518773458110047
2022-02-01 15:00:00+00:00,0.0013922577783230842,0.7295615294655474,-0.7321545242977214
2022-02-01 16:00:00+00:00,-0.010634789694185676,5.663007475971994,0.5852792177724957
2022-02-01 17:00:00+00:00,0.006344670185813785,-2.0043640129264912,0.47621863377909
2022-02-01 18:00:00+00:00,0.0047787787996149845,-2.684513138723333,-0.08950704193974722
2022-02-01 19:00:00+00:00,0.005841270531004908,-2.588937341641748,-0.19735167174016993
2022-02-01 20:00:00+00:00,-0.005907123867500431,2.3658044292143106,0.7394489731850351
2022-02-01 21:00:00+00:00,-0.008924969303693811,4.266349837006465,-0.3774463601956256
2022-02-01 22:00:00+00:00,0.0035920874970810815,-2.024117877066494,0.31606493786455425
2022-02-01 23:00:00+00:00,-0.000518997197144263,-0.28572104259841075,-0.33044132352981825
2022-02-02 00:00:00+00:00,0.0044865500553296685,-1.4651068648468377,-0.20570632679041304
2022-02-02 01:00:00+00:00,0.004946087275983492,-1.0117056453159798,-0.1405535280464829
2022-02-02 02:00:00+00:00,-0.005788239419513489,2.6686485638617703,-0.4246483009217924
2022-02-02 03:00:00+00:00,-0.001513536505852642,-0.5102911113365216,-0.1012211238109571
2022-02-02 04:00:00+00:00,0.005886131923994653,-1.7099701545028385,-0.19738716350227337
2022-02-02 05:00:00+00:00,-0.0009504913567564094,0.5477584610507406,0.08496985514064839
2022-02-02 06:00:00+00:00,0.0031387986661202184,-1.260239609642867,-0.19497195171878887
2022-02-02 07:00:00+00:00,0.0010335836321663386,-0.5306015490964806,0.3331553839462679
2022-02-02 08:00:00+00:00,-0.003955336965613532,1.8550651437678862,-0.629295806026652
2022-02-02 09:00:00+00:00,-0.0038825556509412755,1.9009045204312458,-0.22331496225826697
2022-02-02 10:00:00+00:00,0.0033939750244162737,0.22706855977545926,-0.010483630371264312
2022-02-02 11:00:00+00:00,-0.0005309184653046169,-0.27562219884268135,-0.2320315474917789
2022-02-02 12:00:00+00:00,-0.01053666937693424,4.145644252727209,-0.6280209800564892
2022-02-02 13:00:00+00:00,0.008047899417667264,-4.234350638073021,0.20357186144303813
2022-02-02 14:00:00+00:00,0.026063067598445334,-13.924316103549,0.6636486129990521
2022-02-02 15:00:00+00:00,0.00692000241640615,-2.7880685847924784,-0.8790652440031391
2022-02-02 16:00:00+00:00,-0.0011451012492389979,-0.6360057419208426,-0.20972610458978003
2022-02-02 17:00:00+00:00,-0.0046129469571350714,2.303208957049077,-3.041344967316192
2022-02-02 18:00:00+00:00,-0.0015625230131703996,0.9722816549629582,3.0751409502916185
2022-02-02 19:00:00+00:00,-0.00598114559786591,2.106933981199736,-0.05430444252198424
2022-02-02 20:00:00+00:00,-0.00024921961794561966,-1.7615955893418394,0.282760996147474
2022-02-02 21:00:00+00:00,-0.014040162372545668,-11.770045306868562,-0.3294832067536256
2022-02-02 22:00:00+00:00,0.0016879174128237933,0.3714005126948935,-1.4417666814150465
2022-02-02 23:00:00+00:00,-0.00275461224595473,-2.306023902280881,0.7065214515321717
2022-02-03 00:00:00+00:00,-0.0006371606363108112,-0.2726126401727905,-0.27364283517821086
2022-02-03 01:00:00+00:00,-0.0005796150079967409,-3.697226368582533,0.2124865216398472
2022-02-03 02:00:00+00:00,0.002614230039572891,2.0276311573831145,-0.8961611861463785
2022-02-03 03:00:00+00:00,-0.0025539042458305613,-2.6990586214875076,0.6170196147713102
2022-02-03 04:00:00+00:00,0.0019846785740403813,1.2277405719634518,-0.0884614128500321
2022-02-03 05:00:00+00:00,0.002449245380772976,2.8460466736092904,0.36740997052981955
2022-02-03 06:00:00+00:00,-0.001655850292900739,-1.28070072983289,0.45087413114687225
2022-02-03 07:00:00+00:00,0.001780689335469594,2.5406682476095446,0.05344449285665876
2022-02-03 08:00:00+00:00,0.0010498468430465773,0.522672828615093,-0.20280553659491404
2022-02-03 09:00:00+00:00,-0.009708456698462401,-9.23180965737928,0.49866529118323877
2022-02-03 10:00:00+00:00,-0.005298251986786486,-2.0784278197339194,-0.01026385157120523
2022-02-03 11:00:00+00:00,0.009530340023469567,6.056046101799194,0.16317292864847194
2022-02-03 12:00:00+00:00,-0.0022700808582293563,-0.8229480043116233,-0.5226873751257949
2022-02-03 13:00:00+00:00,-0.0027070783946721525,-1.4973219462078478,-0.058750873985243875
2022-02-03 14:00:00+00:00,-0.001854276724383622,-0.2742685280203077,-0.25172884059045725
2022-02-03 15:00:00+00:00,0.009499688586482376,6.564874812570432,0.11651362210005341
2022-02-03 16:00:00+00:00,-0.0049053516901876384,-5.513165061625144,-0.15273704236622246
2022-02-03 17:00:00+00:00,0.0030523620874369703,2.69205952342314,-0.43270950671258146
2022-02-03 18:00:00+00:00,0.0020241788022721586,-0.9243670733329075,-0.14926380947447646
2022-02-03 19:00:00+00:00,0.009247068870234158,-4.256164012217616,1.3417251006931081
2022-02-03 20:00:00+00:00,0.005388438835811889,-1.7446359438685397,-0.08051577306589984
2022-02-03 21:00:00+00:00,-0.029481343041908557,11.20522668039784,0.38728446085459894
2022-02-03 22:00:00+00:00,-0.000537402437687818,-0.3622332911959224,0.037743801250784546
2022-02-03 23:00:00+00:00,-0.012959818858091077,5.598092914676162,0.4256652747122561
2022-02-04 00:00:00+00:00,0.0033025795570988236,-1.5803275668889478,0.10361577558321987
2022-02-04 01:00:00+00:00,0.0034480923883377246,-1.5005672288440706,-0.4891879334222732
2022-02-04 02:00:00+00:00,-0.0035275633939915634,2.803378731209978,0.3197579926228616
2022-02-04 03:00:00+00:00,0.0017210867567394898,-1.1956253138548059,0.21076412687512527
2022-02-04 04:00:00+00:00,-0.000325602324437098,0.2257038010971057,-0.3965334121190939
2022-02-04 05:00:00+00:00,-0.03133513476229439,7.3829589328836125,-0.2952939481452522
2022-02-04 06:00:00+00:00,-0.009828512127268879,4.89272529337436,-0.8530107923930871
2022-02-04 07:00:00+00:00,-0.0016772214752073932,-0.5513629150959733,-0.4786551624368774
2022-02-04 08:00:00+00:00,-0.010526980189044743,3.0399281129033207,-0.048997559322826914
2022-02-04 09:00:00+00:00,-0.003920384785194874,0.2106391858409869,0.6773418650918626
2022-02-04 10:00:00+00:00,0.00501446895489679,-2.201686970329732,-0.1775245335540765
2022-02-04 11:00:00+00:00,0.001610226108421133,-0.8164272526753773,-0.19709480410543614
2022-02-04 12:00:00+00:00,-0.003532224265587498,0.4281523689617122,-0.060435869006940424
2022-02-04 13:00:00+00:00,0.02244125563969895,-8.684695457859018,0.16857922887263022
2022-02-04 14:00:00+00:00,-0.01837628517934526,6.192799643191513,-0.42734687824675543
2022-02-04 15:00:00+00:00,-0.016923366690575845,12.984886873950867,-0.5249474588231099
2022-02-04 16:00:00+00:00,-0.020129870249455,8.916183619091203,1.51233056522615
2022-02-04 17:00:00+00:00,-0.00769706304058574,0.6139148600470649,0.2709688307823397
2022-02-04 18:00:00+00:00,0.0028395599628387863,-1.5938696202908587,0.9002795857163659
2022-02-04 19:00:00+00:00,-0.00450281749148779,3.8515152208049592,0.34792476075652207
2022-02-04 20:00:00+00:00,0.001360412235766536,-1.444053216006712,0.0948823123808226
2022-02-04 21:00:00+00:00,-0.0005142168412058222,2.4243065932609293,-0.43162328475002815
2022-02-04 22:00:00+00:00,-0.00023266948501222943,0.7279572639249243,-0.4327301771503572
2022-02-04 23:00:00+00:00,-0.01421999302117528,8.124446767628363,-0.6684010347905325
2022-02-05 00:00:00+00:00,0.004627294475181362,2.7025482739164346,3.610777126252529
2022-02-05 01:00:00+00:00,0.0038748848223643106,-1.4261171593871345,0.19504952471861395
2022-02-05 02:00:00+00:00,-0.007295005146100393,3.6286768761049384,0.47249879343963125
2022-02-05 03:00:00+00:00,-0.0014681826250103596,4.699919907421855,-0.5457369291659677
2022-02-05 04:00:00+00:00,-0.005889502612931759,4.443660831995877,2.429362423107759
2022-02-05 05:00:00+00:00,-0.00358058273203948,6.79142355790394,0.167747290262864
2022-02-05 06:00:00+00:00,0.005441274741555751,-1.761600093676337,0.09137143667344583
2022-02-05 07:00:00+00:00,0.0021423009595678715,-3.1739980413815903,-1.4790595168502898
2022-02-05 08:00:00+00:00,-0.002386267729184801,3.366868822712847,-0.016937364181344422
2022-02-05 09:00:00+00:00,-0.006341842571783458,0.6693744748352376,0.5995073414515744
2022-02-05 10:00:00+00:00,0.0012023531624722264,1.7749283131306417,0.4297457021489692
2022-02-05 11:00:00+00:00,0.004247914897845439,0.0675010705750588,-0.7587521141426414
2022-02-05 12:00:00+00:00,0.0019938461818924795,-1.1982686334343484,-0.21968614964948613
2022-02-05 13:00:00+00:00,-0.005414607926836204,2.286029955614206,0.11444355703098295
2022-02-05 14:00:00+00:00,0.000412531768301505,-1.3628218110633583,-1.2309392423285885
2022-02-05 15:00:00+00:00,-0.009443365195971568,3.1632525852633426,0.2893310515210568
2022-02-05 16:00:00+00:00,0.015462395724543858,-12.354407576754419,-0.15315947452231277
2022-02-05 17:00:00+00:00,-0.0044644964964792545,4.804163582956764,0.7873880135499972
2022-02-05 18:00:00+00:00,-0.0007205789313762041,-1.1567610360889264,-0.040018032449359746
2022-02-05 19:00:00+00:00,0.0024081726380879185,-3.084660666606909,0.3750193308448565
2022-02-05 20:00:00+00:00,-0.001955449707554672,2.9106497562112428,0.09725210814215142
2022-02-05 21:00:00+00:00,-0.0010560114752548484,-0.12066005559664605,-0.036947469288852085
2022-02-05 22:00:00+00:00,0.000423933537956375,2.9485203295104214,-3.06288721948115
2022-02-05 23:00:00+00:00,0.0019484850544570712,-2.905687072507596,0.28976885746729003
2022-02-06 00:00:00+00:00,-0.0042010315218463734,6.919103199580646,4.431339724482777
2022-02-06 01:00:00+00:00,-0.0012327669892695761,6.782695530435451,3.0244589172567706
2022-02-06 02:00:00+00:00,0.0019467404732529518,-3.5723178565171905,-0.972532059262568
2022-02-06 03:00:00+00:00,0.00518096955807217,-1.490357144903764,-0.48935748852418764
2022-02-06 04:00:00+00:00,-0.003067997998699934,-1.2523165996228047,0.2860289942646278
2022-02-06 05:00:00+00:00,-0.0007973632354522928,1.182728569312854,-0.2946852228006817
2022-02-06 06:00:00+00:00,0.005148952613551048,-4.974805484426275,-0.5154954976774339
2022-02-06 07:00:00+00:00,-0.002250465597190912,4.251174594860317,0.34420181557564766
2022-02-06 08:00:00+00:00,-0.0002944775480759649,2.509962840912877,-1.7322096000064757
2022-02-06 09:00:00+00:00,-0.0018664869888781112,1.8986118273136694,0.3961528249434108
2022-02-06 10:00:00+00:00,0.00401809872874187,-3.5041688743516954,0.30776986926959415
2022-02-06 11:00:00+00:00,9.074249132044679e-05,-1.77431673122695,-0.040175536420573144
2022-02-06 12:00:00+00:00,-0.0008069667901867804,0.8988872633182003,1.0560301072275249
2022-02-06 13:00:00+00:00,-0.0012994123724568453,1.3929894545578243,-0.31332489060852103
2022-02-06 14:00:00+00:00,0.012130267405134353,-10.392153323893584,0.5483038380409627
2022-02-06 15:00:00+00:00,-0.004506319585818276,5.258673274758353,3.0193809534002947
2022-02-06 16:00:00+00:00,-0.003534652241972153,4.881437179461773,1.4079141834232478
2022-02-06 17:00:00+00:00,7.593631457858985e-05,-0.525535766604682,-1.9446236009539533
2022-02-06 18:00:00+00:00,0.005120972766208143,-3.662476920318716,1.5198068343424533
2022-02-06 19:00:00+00:00,-0.005291078624854501,6.256151281146025,-0.6760002381205497
2022-02-06 20:00:00+00:00,0.005383873221575531,-1.4371846182133419,-2.3736154590751637
2022-02-06 21:00:00+00:00,-0.0034536195913152778,1.890805317756141,-0.3459962227368034
2022-02-06 22:00:00+00:00,0.0019664834790488763,-1.4900754364868527,0.4548588846834111
2022-02-06 23:00:00+00:00,-0.02169481290238176,16.884436087322264,0.3550112755629313
2022-02-07 00:00:00+00:00,0.014221996678833148,-7.008000916766423,0.4179339890000265
2022-02-07 01:00:00+00:00,-0.003076346026638584,2.6781819472205934,-0.2866793726185537
2022-02-07 02:00:00+00:00,-0.004658672667973472,4.247459021772429,-2.2632365013457445
2022-02-07 03:00:00+00:00,-0.010608220331355772,10.899683051657098,-0.30408982429246123
2022-02-07 04:00:00+00:00,-0.005116301828957102,0.8768877110093616,0.7124399972576642
2022-02-07 05:00:00+00:00,-0.002372360739719957,1.2911456437589526,-1.7265358381816114
2022-02-07 06:00:00+00:00,0.001058412225660805,2.1960339218552427,1.8598559877269685
2022-02-07 07:00:00+00:00,0.003152641211655409,-1.0412798639268606,0.37993017878821356
2022-02-07 08:00:00+00:00,-0.0025203351469430084,-1.4711269343114184,-1.0142676141329032
2022-02-07 09:00:00+00:00,-0.0014348910347395329,-3.124607029455542,1.1527225958598246
2022-02-07 10:00:00+00:00,0.000945834885328459,2.270318678783203,-0.7938693403078355
2022-02-07 11:00:00+00:00,-0.0003947742947300122,2.6115293156593973,-0.32083533721599633
2022-02-07 12:00:00+00:00,0.0009273288555530114,-0.9608514020498301,-0.3773852315160108
2022-02-07 13:00:00+00:00,0.008479069853477057,3.602129916430655,-0.804626926287429
2022-02-07 14:00:00+00:00,0.011154484287255285,9.163985682919838,-1.1025500093015197
2022-02-07 15:00:00+00:00,0.006121404799774879,2.9221274026706867,-0.9517836581258157
2022-02-07 16:00:00+00:00,0.008255482676459746,0.5671315304567844,-0.6976886843893323
2022-02-07 17:00:00+00:00,0.017621358376753615,5.122186005109826,-0.7797809485511974
2022-02-07 18:00:00+00:00,0.007548191942550303,-3.44246646980346,0.6096490859838005
2022-02-07 19:00:00+00:00,0.014460404786543953,3.8308603672028827,-0.8255321197154719
2022-02-07 20:00:00+00:00,-0.003041251247214025,-2.9202185920087786,0.37533558083033614
2022-02-07 21:00:00+00:00,-0.003946471260000167,0.14535506388084946,-0.023449698640911433
2022-02-07 22:00:00+00:00,1.0160882707822905e-05,1.61745298334122,-1.0888232067758061
2022-02-07 23:00:00+00:00,-0.004888457935678376,-2.067344150319558,-1.1496556204671151
2022-02-08 00:00:00+00:00,-0.010582513006241192,-2.3680012207277175,-0.23926493434657878
2022-02-08 01:00:00+00:00,0.003608857029129933,6.64725257378988,-0.8220631752099243
2022-02-08 02:00:00+00:00,0.0006149897498117281,-1.4105510812029187,0.13519938817378993
2022-02-08 03:00:00+00:00,-0.0003511234823752911,1.4993992600072468,-0.5481973655096577
2022-02-08 04:00:00+00:00,0.005626016977202639,3.4907592281449045,-1.4356111282058528
2022-02-08 05:00:00+00:00,0.007409924493972959,5.6798292018595316,-0.07763735975071345
2022-02-08 06:00:00+00:00,-6.535394606693907e-05,-4.6950563155072595,-0.34873514950439455
2022-02-08 07:00:00+00:00,-0.0027875897306458915,-2.0349100392223454,-1.2956329176677148
2022-02-08 08:00:00+00:00,-0.0202154553345118,-16.709791754272533,0.4290977449821174
2022-02-08 09:00:00+00:00,-0.0026029462494594276,-2.5734496506814284,0.9969460850557832
2022-02-08 10:00:00+00:00,0.005495486467677453,1.1169020683782351,-0.21228790420542082
2022-02-08 11:00:00+00:00,-0.0022260109634073383,1.4327512826354816,1.6909145174106475
2022-02-08 12:00:00+00:00,-0.0114632380694545,-9.474064193103573,1.8704270218931338
2022-02-08 13:00:00+00:00,0.007697978653548767,2.282036886711242,-0.2684512104660129
2022-02-08 14:00:00+00:00,-0.006342329010627479,-3.4214946787378113,-0.837054210711371
2022-02-08 15:00:00+00:00,0.0017206698660502402,-2.548649140348208,0.0944295115273723
2022-02-08 16:00:00+00:00,-0.008793129479115652,-5.299272480884988,0.9710189526403251
2022-02-08 17:00:00+00:00,0.002317387278386997,1.5287974919826968,0.2868581861829061
2022-02-08 18:00:00+00:00,0.0019231510375093987,0.7397129137214614,0.6836610920789182
2022-02-08 19:00:00+00:00,-0.002269548343984306,-1.3726061720041474,-0.12179846182096676
2022-02-08 20:00:00+00:00,0.019502485534064036,14.060994403631167,-0.6261608822192358
2022-02-08 21:00:00+00:00,-0.00011986707744989304,-2.1910517052984666,0.9057867284808384
2022-02-08 22:00:00+00:00,-1.938808601437524e-05,3.072365486942326,3.755861561975824
2022-02-08 23:00:00+00:00,0.0007249140306675103,2.0387380337954455,3.8956722520367535
2022-02-09 00:00:00+00:00,0.0029773198209703177,2.1521543650802237,-2.1628404275849396
2022-02-09 01:00:00+00:00,-0.007523674559425728,-5.3729685001728,-0.47921627646857357
2022-02-09 02:00:00+00:00,-0.007828792438142716,-4.988363878207768,0.4802562146123345
2022-02-09 03:00:00+00:00,-4.7857925111982394e-05,-0.49938502692027986,-1.1197847043806517
2022-02-09 04:00:00+00:00,0.0004832284574653445,2.3910775064147165,-1.4383229577360943
2022-02-09 05:00:00+00:00,0.0027045830292905114,0.45950193113421794,0.061808002805110965
2022-02-09 06:00:00+00:00,0.0025989244439060355,4.280544880687862,-0.24503619813700295
2022-02-09 07:00:00+00:00,0.0015638307071302977,0.9056698493881019,0.06276761552598803
2022-02-09 08:00:00+00:00,-0.0040066098686411915,-3.35978715433138,-0.005058024954099571
2022-02-09 09:00:00+00:00,0.002126006306950314,-0.8024407934825386,-0.2555732192012083
2022-02-09 10:00:00+00:00,0.010349171721727307,5.849555716818003,-0.3395851788550288
2022-02-09 11:00:00+00:00,0.0052151511620120205,1.640896794462246,0.7237802613295048
2022-02-09 12:00:00+00:00,0.008457666013747527,6.315193200264275,-1.4135855755112443
2022-02-09 13:00:00+00:00,0.00019603606730228312,-1.452883956644657,-0.1824152244684777
2022-02-09 14:00:00+00:00,0.0019091709393483306,3.0033778721681585,-0.39870637442538714
2022-02-09 15:00:00+00:00,-0.002955107094047289,-1.5904039014159008,-0.5984238527552342
2022-02-09 16:00:00+00:00,0.006648132757081482,2.9729967161251123,-1.1422645981588968
2022-02-09 17:00:00+00:00,-0.0010330932833373027,-1.102434607219862,-0.9279594440124762
2022-02-09 18:00:00+00:00,0.002570888332289374,0.8380686953703472,-0.43070106504198824
2022-02-09 19:00:00+00:00,0.01078711050569767,3.451345349942199,0.5453581594185799
2022-02-09 20:00:00+00:00,0.0028514342347893576,1.7739497589950866,-0.3482884006331819
2022-02-09 21:00:00+00:00,-0.005459135681540695,-2.74366328504753,0.9762602884752878
2022-02-09 22:00:00+00:00,0.004230536671995882,1.1972218673426358,-0.29461581636659107
2022-02-09 23:00:00+00:00,-0.0022340445686546287,-1.352435329208378,0.20126453007656422
2022-02-10 00:00:00+00:00,-0.006230632000075259,-3.786228168648583,-0.931400568023044
2022-02-10 01:00:00+00:00,0.001451368002036507,0.5278622895475062,0.8177346232880559
2022-02-10 02:00:00+00:00,-0.01056348715251181,-8.062084668287154,-0.02636367281898422
2022-02-10 03:00:00+00:00,-0.0021988764012085857,0.8184023301551334,0.7537223083028557
2022-02-10 04:00:00+00:00,-0.0028646136340727975,0.10566465009600484,-0.3544951562369878
2022-02-10 05:00:00+00:00,0.001461998103305016,0.25102658774634184,-1.094733422153803
2022-02-10 06:00:00+00:00,0.0011683218899024696,-0.16247843039435272,0.224698859640616
2022-02-10 07:00:00+00:00,0.0028377321987516635,3.1856024053493144,0.8744241291393303
2022-02-10 08:00:00+00:00,0.0022166893233777443,2.365845344716533,-0.46870658334671983
2022-02-10 09:00:00+00:00,0.00467163789751007,3.0182856044894124,0.1637625972676754
2022-02-10 10:00:00+00:00,0.008877945478787733,3.054017319333637,-1.4578098970551718
2022-02-10 11:00:00+00:00,0.00034049173142774254,0.41088645769568044,-0.774320076464048
2022-02-10 12:00:00+00:00,-0.0006427623051865986,-2.221690161793718,-0.30708462531485137
2022-02-10 13:00:00+00:00,-0.03516851650163629,-23.702479328752766,0.06608738903934014
2022-02-10 14:00:00+00:00,0.011391644799592008,11.278107971218143,-0.4295774497360174
2022-02-10 15:00:00+00:00,0.0100989440626722,6.092544823599593,-1.4398281475703838
2022-02-10 16:00:00+00:00,0.005669156629328637,2.3713895068080717,0.3652253699515867
2022-02-10 17:00:00+00:00,-0.0038460560516668995,-1.0712823590432965,-0.4008129414442688
2022-02-10 18:00:00+00:00,-0.006587149771470807,-5.690528317080268,0.31847408703454916
2022-02-10 19:00:00+00:00,-0.017083393351189424,-8.857201265424118,-0.3591904932067467
2022-02-10 20:00:00+00:00,-0.0027515731615347892,-1.456234198565751,0.611891798604475
2022-02-10 21:00:00+00:00,0.0006922593307950824,-1.0135485306230771,-0.06714054285347835
2022-02-10 22:00:00+00:00,0.00015557563250490826,2.3737858927829274,-0.15865255226691155
2022-02-10 23:00:00+00:00,-0.010931502193259796,-8.966724682448167,0.023777057683764286
2022-02-11 00:00:00+00:00,-0.008009346558979159,-5.333857182005382,3.5554077076234742
2022-02-11 01:00:00+00:00,0.006814233530303632,2.8406059234779013,0.4174465356458713
2022-02-11 02:00:00+00:00,-0.0020736653073891538,-0.9089561029351257,0.2078328292622834
2022-02-11 03:00:00+00:00,0.007216177835810493,2.360834615687351,-0.12894306051339632
2022-02-11 04:00:00+00:00,-0.004049921913389362,-0.3886562587388862,-0.22537095225930986
2022-02-11 05:00:00+00:00,-0.006487714879823239,-4.147748523820885,-0.09411323912607965
2022-02-11 06:00:00+00:00,0.008725564261844612,6.6992193517778205,-0.44604606984196055
2022-02-11 07:00:00+00:00,0.007262201708380033,2.485132970523473,-0.8551922229446912
2022-02-11 08:00:00+00:00,-0.009027256738031106,-6.4128625857655885,0.5864312708953253
2022-02-11 09:00:00+00:00,0.010515805450703828,5.812928592039027,-0.12903394573651228
2022-02-11 10:00:00+00:00,0.001438167480332761,-0.8980193167592162,0.2595095894329702
2022-02-11 11:00:00+00:00,-0.005799529601232734,-1.8302127653402056,0.055353954075215775
2022-02-11 12:00:00+00:00,0.004574344472204168,2.7792676622535617,-0.0926281351471735
2022-02-11 13:00:00+00:00,0.006152885929836805,4.5743219205626,-0.2680751808064243
2022-02-11 14:00:00+00:00,-0.009012005444012528,-3.452501601471397,0.9584515451157231
2022-02-11 15:00:00+00:00,0.002390340259350515,1.0474263909804298,-0.2670102509000897
2022-02-11 16:00:00+00:00,-0.002970225606232634,-3.3896223279508484,-0.6759164016091356
2022-02-11 17:00:00+00:00,-0.005669257674682427,-3.804387655092464,-0.7286501820825058
2022-02-11 18:00:00+00:00,-0.022691038009280736,-13.449631090943042,-0.1322386982968389
2022-02-11 19:00:00+00:00,-0.0035887029011837817,-5.762313716424392,0.43071418504786557
2022-02-11 20:00:00+00:00,-0.024828249263490896,-12.589934745469034,0.2087034073668696
2022-02-11 21:00:00+00:00,0.0029568981583918087,1.0052863224730992,0.3050891210315425
2022-02-11 22:00:00+00:00,-0.010783243651905097,-8.891204605939443,-0.04818956688501343
2022-02-11 23:00:00+00:00,0.01106503018368425,6.5017720544288355,1.0289520323753325
2022-02-12 00:00:00+00:00,0.0008720351229532595,0.4750559175917148,1.1682263499394887
2022-02-12 01:00:00+00:00,0.0077817420262826726,4.314152770107291,0.1687761774858007
2022-02-12 02:00:00+00:00,0.0009807688615002556,1.8162984664135882,-0.4624535066201064
2022-02-12 03:00:00+00:00,-0.007421008637232069,-5.049336004387675,-0.4287734865964989
2022-02-12 04:00:00+00:00,0.0005155339843245609,0.7153289781432277,0.24387175800424563
2022-02-12 05:00:00+00:00,-0.0029118790956010497,-1.3372120765317432,-0.47340419645579407
2022-02-12 06:00:00+00:00,-0.00642946485710342,-7.202064175131084,-0.5078231157698985
2022-02-12 07:00:00+00:00,0.004057613634821607,2.1863305304489105,0.49931884145060335
2022-02-12 08:00:00+00:00,0.005062648561042285,4.7460130734169175,-0.1122605910760977
2022-02-12 09:00:00+00:00,0.0008787990016057654,1.7386866828381233,-0.22891699712747246
2022-02-12 10:00:00+00:00,-0.010025555573825678,-3.9323601059904085,-0.2889728074345136
2022-02-12 11:00:00+00:00,0.008206026588052527,3.854814653766313,-0.09415141004687533
2022-02-12 12:00:00+00:00,-0.007029286265028855,-3.1566875074430416,-0.11635247614912915
2022-02-12 13:00:00+00:00,-0.005648627228779018,-3.750017434493974,-0.39792717092844254
2022-02-12 14:00:00+00:00,0.0006065062378818261,0.6748582952759957,-0.4425680354845201
2022-02-12 15:00:00+00:00,-0.00521425075413639,1.4289819278312648,-0.040698372142538956
2022-02-12 16:00:00+00:00,0.017491196634230096,11.433082726335831,0.5691790197743227
2022-02-12 17:00:00+00:00,0.0035642437976935964,1.1949803937861314,0.5160584581313316
2022-02-12 18:00:00+00:00,0.009529777144420005,1.4060393908098818,-0.21696146007026862
2022-02-12 19:00:00+00:00,-0.0058671724573957215,-4.724489892550278,-0.2810638235614433
2022-02-12 20:00:00+00:00,0.0051617666035059405,2.497629171039841,0.6129831144237589
2022-02-12 21:00:00+00:00,-0.03027238914048565,-13.304494035410583,-0.26120876717026553
2022-02-12 22:00:00+00:00,0.013332178579480032,7.696313966775691,-0.08685645701737996
2022-02-12 23:00:00+00:00,0.0011028845992139989,-0.7617621703170465,-0.9631057675957743
2022-02-13 00:00:00+00:00,0.004714763318458003,4.14762187883967,0.4840903744340294
2022-02-13 01:00:00+00:00,-0.004650849005554384,-3.933199941655991,-0.2797551568243005
2022-02-13 02:00:00+00:00,0.002059547358953807,0.42033751705517847,0.1479714294312734
2022-02-13 03:00:00+00:00,-0.0022125865152086152,-0.8985084317270758,-0.4444205860359445
2022-02-13 04:00:00+00:00,-0.0007222756967466196,-2.044754506985782,-0.3716290976771323
2022-02-13 05:00:00+00:00,-0.0007655302015260059,2.013570692202239,-0.22573786083625863
2022-02-13 06:00:00+00:00,0.003450034719046202,3.313290290215066,0.1462043439668362
2022-02-13 07:00:00+00:00,-0.0006859362592969598,-0.4590087008416063,-0.4446353335989738
2022-02-13 08:00:00+00:00,0.0016796512282266534,1.4229102924295898,-0.42904751521269846
2022-02-13 09:00:00+00:00,-0.0038183541006974295,-3.2177661695975455,-0.9866454947398112
2022-02-13 10:00:00+00:00,0.004746178379344278,4.865932335900372,0.27839366195532045
2022-02-13 11:00:00+00:00,-1.0896837266128828e-05,-0.7510618358430983,-0.4365019594641963
2022-02-13 12:00:00+00:00,0.0013757918396053196,0.17465071800556128,-0.18715452571275767
2022-02-13 13:00:00+00:00,0.0017252522579997017,1.5054753556937137,-0.5776500551976141
2022-02-13 14:00:00+00:00,-0.0025007115708751615,-0.9344445623417017,-0.4829763231765232
2022-02-13 15:00:00+00:00,-0.004547344731726605,-0.8440085669456272,-0.37999763707375944
2022-02-13 16:00:00+00:00,-0.009950432471532652,-5.468592873718864,0.5797884692962859
2022-02-13 17:00:00+00:00,-0.00035702905112399943,-2.6681415457437434,-1.0518761881834078
2022-02-13 18:00:00+00:00,-0.012654956856997124,-9.139326847195191,-0.6088437381763326
2022-02-13 19:00:00+00:00,0.002367783290502313,0.6060423150541492,-0.08173796885867061
2022-02-13 20:00:00+00:00,0.01598622014930949,7.927636175489081,-0.006614516216115751
2022-02-13 21:00:00+00:00,-0.009843871904512223,-3.8302462539891904,-0.2573824601167558
2022-02-13 22:00:00+00:00,0.004573133442240359,3.183549644033883,0.5186167323064907
2022-02-13 23:00:00+00:00,-0.0026108214038010787,-6.225179282105763,0.492587069222964
2022-02-14 00:00:00+00:00,0.003030682775512827,-1.3132997150426775,-0.4188027510888521
2022-02-14 01:00:00+00:00,0.0012627601052184216,-10.706802679810703,0.5069406639854744
2022-02-14 02:00:00+00:00,0.0005313472006466831,-0.7382482539146997,-0.019414715827250517
2022-02-14 03:00:00+00:00,0.0002545271761605476,4.683030095598475,0.3585700430258462
2022-02-14 04:00:00+00:00,0.0009488718016132531,0.7294770103992244,-0.3047657097017448
2022-02-14 05:00:00+00:00,0.0004109478273222626,-4.861741061424687,-0.4571173637636204
2022-02-14 06:00:00+00:00,-0.0008382212630944055,6.8310355481619816,0.3499998268552789
2022-02-14 07:00:00+00:00,0.0004687226970729576,1.9081782415889394,0.18811100392451702
2022-02-14 08:00:00+00:00,-0.0008041308397257836,-5.207023914928654,-0.1390081663831283
2022-02-14 09:00:00+00:00,-0.0015100400123154716,-0.37986329735957963,0.19008479139922485
2022-02-14 10:00:00+00:00,0.001893182230887759,2.0840190737504845,-0.0003332077835484504
2022-02-14 11:00:00+00:00,-0.002071831114721199,-0.26347534235998427,-0.14229067451511365
2022-02-14 12:00:00+00:00,0.0063638700462044975,8.14246199838688,-0.6858547842948148
2022-02-14 13:00:00+00:00,-0.002796761597079492,2.4083142455006454,0.5642670807678558
2022-02-14 14:00:00+00:00,-0.0032977476306927113,2.66337713317152,0.811036684220036
2022-02-14 15:00:00+00:00,0.00419245865952618,-2.6311643540902203,-0.40118569637750545
2022-02-14 16:00:00+00:00,-0.0025024070912543464,3.7765249080952255,0.020937492304138106
2022-02-14 17:00:00+00:00,0.0005263625399026789,-1.4244912965521428,0.18242230160414286
2022-02-14 18:00:00+00:00,-0.005173096295274915,-4.771698133742704,0.47030854884437906
2022-02-14 19:00:00+00:00,0.007355206057670468,-8.077431779642005,-0.09029182456804646
2022-02-14 20:00:00+00:00,-0.002538766776774084,3.6119095156582346,-0.5244073884490862
2022-02-14 21:00:00+00:00,0.0024575929214935297,2.599023654742578,-0.4471659729295335
2022-02-14 22:00:00+00:00,0.0037245672695487646,6.30795120927846,-0.11619024726428803
2022-02-14 23:00:00+00:00,-0.0024562133130774494,-0.3393929127418693,0.8736181592360327
2022-02-15 00:00:00+00:00,-0.0012141641730269831,1.5979086160004141,0.9728470053337154
2022-02-15 01:00:00+00:00,0.0059402834575537486,16.738334745044376,0.28041186498264425
2022-02-15 02:00:00+00:00,7.966637918356929e-05,0.8869491766858876,0.0509557786852665
2022-02-15 03:00:00+00:00,-0.00022534226792580284,-0.9953744461274042,0.41757798148448383
2022-02-15 04:00:00+00:00,0.0008659282100897368,-0.5841666403345691,0.32905335044409273
2022-02-15 05:00:00+00:00,0.0015727227547515442,0.621045867969315,0.2413386007875283
2022-02-15 06:00:00+00:00,0.0031602720137329176,-0.05105165620138406,0.1892979759181601
2022-02-15 07:00:00+00:00,-0.000369424223995427,4.2499062277934385,0.4814363116299404
2022-02-15 08:00:00+00:00,-0.0011666996145889336,5.456036352274157,-0.008454197344814673
2022-02-15 09:00:00+00:00,0.004150190688456203,1.082530131713409,-0.06001121676999496
2022-02-15 10:00:00+00:00,-0.0021102586546328235,4.262484848100951,-1.2759035248069468
2022-02-15 11:00:00+00:00,0.0010655754972344628,-3.540333653958162,0.2827687484671526
2022-02-15 12:00:00+00:00,0.0029725105684347167,0.26942154857172784,-0.4579068349745118
2022-02-15 13:00:00+00:00,-0.00019780095093303157,0.2820798040601401,-0.032296774046172615
2022-02-15 14:00:00+00:00,-0.0008784063451435616,2.135603480463884,-1.1675732407116557
2022-02-15 15:00:00+00:00,-0.0007198715825281877,-0.5891451977427566,-0.23767487313218663
2022-02-15 16:00:00+00:00,0.0007556379214495528,0.579658649581156,0.6959137304115383
2022-02-15 17:00:00+00:00,0.004473259305797515,-2.5689426947384897,0.3871831770522728
2022-02-15 18:00:00+00:00,-0.005720442361473552,3.539452727772908,0.1813369271357182
2022-02-15 19:00:00+00:00,0.0015663757872216339,-0.9365911923569693,0.9090406524200515
2022-02-15 20:00:00+00:00,-0.001661986326630632,1.980579534981275,-0.9365507071401477
2022-02-15 21:00:00+00:00,0.004620366337115336,-1.5855001006542007,0.507945906632332
2022-02-15 22:00:00+00:00,-0.011995475722128793,3.848142701221869,0.5702957505050992
2022-02-15 23:00:00+00:00,-0.016441753918656585,8.839653276290976,0.7568217899923324
2022-02-16 00:00:00+00:00,0.006224820418250502,-4.55992023531133,1.2960991754857225
2022-02-16 01:00:00+00:00,0.004945580002358677,-2.982048856679383,0.0027791340895622837
2022-02-16 02:00:00+00:00,-0.0028740926357568707,0.3697176191774984,-0.2346282612059897
2022-02-16 03:00:00+00:00,0.0030833559758739622,-0.6306443774125945,-0.14888117509123588
2022-02-16 04:00:00+00:00,0.005627979226245406,-2.6365066273547724,-0.4866676666845195
2022-02-16 05:00:00+00:00,-0.0017698399747647841,1.6503881770571407,0.28270845054074467
2022-02-16 06:00:00+00:00,-0.00031674310125649237,1.603245899928479,0.41065711937317934
2022-02-16 07:00:00+00:00,-0.008665101532158112,3.0668195810036787,0.24096481775696418
2022-02-16 08:00:00+00:00,-0.0009319738049901832,-1.18112184352525,-0.6190255171729894
2022-02-16 09:00:00+00:00,0.0030640129062459226,-2.5804917288286395,-0.45909725935655255
2022-02-16 10:00:00+00:00,-0.0007146726320513738,-0.1368162025243702,-0.12681250535916294
2022-02-16 11:00:00+00:00,0.0010593174079488504,1.0067572733583083,-0.07712914822493788
2022-02-16 12:00:00+00:00,0.010470662026095236,-3.948406280945777,-0.8854591792150716
2022-02-16 13:00:00+00:00,0.015289382815707547,-9.344309298042482,-0.018072731574701975
2022-02-16 14:00:00+00:00,0.001547633370173953,-1.6586949793223422,0.4934664315557023
2022-02-16 15:00:00+00:00,-0.0018237449974380761,2.3170888658102653,-0.09210071987717203
2022-02-16 16:00:00+00:00,-0.0036694513996818143,1.5939542115942567,0.12081529218242096
2022-02-16 17:00:00+00:00,0.0006844772358138238,-1.825451899402313,-0.11620200160399385
2022-02-16 18:00:00+00:00,-0.018274624460099313,5.416069218679928,0.3094435212597463
2022-02-16 19:00:00+00:00,-0.02166863978728788,12.065320904207505,1.169796687035968
2022-02-16 20:00:00+00:00,0.008316698449122601,-3.359660898720131,-0.37938190237442226
2022-02-16 21:00:00+00:00,0.0020445608660194727,-1.2104131464498766,-0.09994748218537448
2022-02-16 22:00:00+00:00,0.000481022199791024,0.943614115597612,-0.028041668678602784
2022-02-16 23:00:00+00:00,0.006079694236111428,-2.8617383787519635,-0.26035326318096064
2022-02-17 00:00:00+00:00,-0.008547497403189575,4.834390818238952,0.48934157405441087
2022-02-17 01:00:00+00:00,0.0016730685228216872,-1.116684518793824,-0.2660726460518873
2022-02-17 02:00:00+00:00,0.005628490527370197,-1.2800592320208457,-0.08225405396230684
2022-02-17 03:00:00+00:00,-0.004725825053780376,-8.902694558761404,-0.9572444710117906
2022-02-17 04:00:00+00:00,1.4024116351117688e-05,-0.8874278020397306,0.45960682866013675
2022-02-17 05:00:00+00:00,0.003666240824626916,-0.6395618638673517,-0.3152610525519782
2022-02-17 06:00:00+00:00,0.012167125019542138,5.708829162578751,0.13319256895598694
2022-02-17 07:00:00+00:00,-0.003339276430426876,1.4155237393620639,-0.49151288831693923
2022-02-17 08:00:00+00:00,-0.007746701597622614,-8.405927660873411,-0.399386551175822
2022-02-17 09:00:00+00:00,0.0006251697315606954,-2.4776738038459163,0.18078875975904482
2022-02-17 10:00:00+00:00,-0.004871596251324319,-2.760484264115219,0.029186885369909574
2022-02-17 11:00:00+00:00,0.0020019333024892437,2.2034508888725113,-0.03632124713922229
2022-02-17 12:00:00+00:00,0.0005741968562996346,-0.45234852084834926,0.13558173201423923
2022-02-17 13:00:00+00:00,-0.01542851045914793,-9.7135267632603,0.663104647787105
2022-02-17 14:00:00+00:00,-0.005568065981372491,-4.46840559691961,0.7548621118401082
2022-02-17 15:00:00+00:00,0.0004639063033341046,2.5004327891052425,-0.38762911309467013
2022-02-17 16:00:00+00:00,0.0011453007568499136,0.722437322047363,-0.198428331513689
2022-02-17 17:00:00+00:00,-0.004888177161897454,-5.134364452238069,0.07141259067810315
2022-02-17 18:00:00+00:00,-0.011100794234955903,-8.148040522584777,0.14890119149754477
2022-02-17 19:00:00+00:00,-0.0025158000467664834,-1.7772538270096143,-0.414248825936387
2022-02-17 20:00:00+00:00,-0.00736551735255876,-5.597782822246427,0.023886319415206015
2022-02-17 21:00:00+00:00,-0.004727381273158953,0.2099254046744901,0.3249191709293081
2022-02-17 22:00:00+00:00,0.001141292494757363,0.6877715843546697,-0.1629493244175591
2022-02-17 23:00:00+00:00,-0.004621599528240531,-3.9205004394898184,-0.1138966378952227
2022-02-18 00:00:00+00:00,0.001063515465804735,2.2606796589172315,0.4745359316909791
2022-02-18 01:00:00+00:00,0.005370197902967463,3.5461761994860654,0.39095184462803884
2022-02-18 02:00:00+00:00,-0.0005084358487754823,-0.6679670656608101,0.29460392061905993
2022-02-18 03:00:00+00:00,-0.0016880028731093117,0.10895845844078668,-0.4211691837947076
2022-02-18 04:00:00+00:00,-0.004654174147793714,-2.470472273315657,0.08593971044321275
2022-02-18 05:00:00+00:00,0.0030706971642198207,3.6463277983995592,-0.3401963270956574
2022-02-18 06:00:00+00:00,0.0021311987904855784,3.561036081972334,-0.01407027771828542
2022-02-18 07:00:00+00:00,-0.0010234804521904821,-0.630966891148592,-0.16054351053887836
2022-02-18 08:00:00+00:00,0.005558454834206586,4.775536990839057,0.32594880339043175
2022-02-18 09:00:00+00:00,-0.0003482611804202641,-0.9919472375919122,-0.11768856677289864
2022-02-18 10:00:00+00:00,-0.002011884764622649,-2.4109788386783073,-0.4350051233628912
2022-02-18 11:00:00+00:00,-0.015098828502251164,-10.225115945520415,-0.035622069153411096
2022-02-18 12:00:00+00:00,0.006810798840188871,5.224181328261585,-0.4717704536781867
2022-02-18 13:00:00+00:00,-0.001501420875159341,-2.0389202830157247,-0.08280346679657916
2022-02-18 14:00:00+00:00,0.0012833478549554417,-4.1815904697338135,-0.2869364244735826
2022-02-18 15:00:00+00:00,-0.01633588775505497,-10.899240316182983,0.3029190309289808
2022-02-18 16:00:00+00:00,0.0019769960954037482,-2.26645114418544,0.8614823937401023
2022-02-18 17:00:00+00:00,0.0021230797605169957,1.9881600400601849,0.23631438613310102
2022-02-18 18:00:00+00:00,0.003026251507709845,2.9451349111175578,0.03269458866145802
2022-02-18 19:00:00+00:00,0.0017560934893671024,0.4139266774535351,-0.5077882059925254
2022-02-18 20:00:00+00:00,-0.004733105700565869,-4.461440184644548,0.3879709157068565
2022-02-18 21:00:00+00:00,-0.001319983156617416,-0.03241226418385569,0.040334533618785993
2022-02-18 22:00:00+00:00,-0.0009592403761489109,-2.137491256252869,1.052273671752163
2022-02-18 23:00:00+00:00,0.001155803389349333,2.3281760739022195,-0.5795227765305119
2022-02-19 00:00:00+00:00,0.0060358656808553205,5.225278430785265,0.3025722246824683
2022-02-19 01:00:00+00:00,-0.000829666791536104,0.250888778800033,-0.7495392444450473
2022-02-19 02:00:00+00:00,-6.126168261537141e-05,1.2605672294816657,-0.09133264405901784
2022-02-19 03:00:00+00:00,-0.0007742428795150988,-2.2360884452587584,1.1201241604591594
2022-02-19 04:00:00+00:00,0.002336144030217994,2.275719258678411,0.10097491951897153
2022-02-19 05:00:00+00:00,0.00018286577689556586,0.9015319503516646,0.16392374708131874
2022-02-19 06:00:00+00:00,0.0034086169367078633,3.1093620747216253,0.11822552633238224
2022-02-19 07:00:00+00:00,-0.002811646364431956,-1.2103670356258038,-0.6378938610434703
2022-02-19 08:00:00+00:00,-0.007454085299613201,-5.572923021787332,0.193032409366091
2022-02-19 09:00:00+00:00,-0.0008255634084438294,-1.687654271279402,-0.1276489356466734
2022-02-19 10:00:00+00:00,7.398807950843248e-05,-1.4036425646146689,-0.14648507928226084
2022-02-19 11:00:00+00:00,-0.003718868383582186,-8.729506925813562,0.3690866799089476
2022-02-19 12:00:00+00:00,-0.0023106942571275123,-2.45088249136041,0.36262375108406036
2022-02-19 13:00:00+00:00,0.0067768179289056305,8.456953097581103,-0.4992861112922499
2022-02-19 14:00:00+00:00,-0.0035741785316210153,-2.204015928003788,-0.8656738659784523
2022-02-19 15:00:00+00:00,0.002581292167368717,4.21393229807445,-0.49811352467874837
2022-02-19 16:00:00+00:00,-0.00043449383774205296,-1.0328715553555465,-0.028576260112812512
2022-02-19 17:00:00+00:00,0.004764140963562816,3.909919666667081,0.05312659290123197
2022-02-19 18:00:00+00:00,-0.0007396512460735795,-2.604961447864098,-0.5988132270801546
2022-02-19 19:00:00+00:00,-0.0035269304248848224,-4.55481016476643,0.029068130639107355
2022-02-19 20:00:00+00:00,0.002466908602884918,2.3942173528895165,0.2704812718496629
2022-02-19 21:00:00+00:00,-0.003738395837395442,-2.514357858985138,-1.071377349718732
2022-02-19 22:00:00+00:00,0.0023339359035885045,2.764824780998701,0.0035535648271881257
2022-02-19 23:00:00+00:00,0.0020087640072039784,2.8169736349048335,0.39625695978152464
2022-02-20 00:00:00+00:00,-0.004522809129143236,-7.08142463562601,0.1198701201548954
2022-02-20 01:00:00+00:00,0.0019579176100137778,1.7303869830879361,-0.09913793598015319
2022-02-20 02:00:00+00:00,-0.004274299589003215,-6.495209596766156,-1.5921428893209235
2022-02-20 03:00:00+00:00,-0.0010152053923095069,-1.6147554639577533,0.9693694229337579
2022-02-20 04:00:00+00:00,-0.006411414709105389,-6.5473104751586515,0.1370492161059151
2022-02-20 05:00:00+00:00,-0.005265945676213771,-6.471026838961577,0.9498271598439766
2022-02-20 06:00:00+00:00,-0.013521953934669954,-6.030402114333482,2.0025001877634083
2022-02-20 07:00:00+00:00,0.0004006390676093593,3.7064672433937043,-1.037629454194794
2022-02-20 08:00:00+00:00,-0.016491558745118342,-9.279758463415016,0.23543866974473024
2022-02-20 09:00:00+00:00,0.0012260966461132192,3.7530264951519743,0.20357503118879386
2022-02-20 10:00:00+00:00,-0.0002400673992816756,0.10186165975267115,-0.8828733623524841
2022-02-20 11:00:00+00:00,0.00466412240735174,4.351899821972693,-0.3187477383946627
2022-02-20 12:00:00+00:00,-0.0036713716821340256,-3.5427307897208644,-0.1020197123146573
2022-02-20 13:00:00+00:00,-8.490684786580163e-05,-1.0319018897091947,-0.24757458279092923
2022-02-20 14:00:00+00:00,-0.0004171441772175664,-2.106901352550381,0.4085257222266314
2022-02-20 15:00:00+00:00,0.004031431727467037,4.137072599731274,-1.6090613493928982
2022-02-20 16:00:00+00:00,-0.001952433550147897,-1.4459562457831336,0.2217966483813672
2022-02-20 17:00:00+00:00,-0.0002343073217202384,1.1490747842192726,-0.45073537032117117
2022-02-20 18:00:00+00:00,0.00489146946785815,5.0818483503139,-0.007090161240543215
2022-02-20 19:00:00+00:00,-0.0012897851403517245,-2.8880661300070045,-0.006602920968473289
2022-02-20 20:00:00+00:00,-0.002547180735387716,-3.0357614508044204,-0.1690599050335457
2022-02-20 21:00:00+00:00,-0.0023868659681918827,-3.6290364450425563,-0.30130504117894913
2022-02-20 22:00:00+00:00,0.015125370051811185,12.785691808182495,0.07792548841777247
2022-02-20 23:00:00+00:00,-0.011163224205505353,-9.350246032697871,0.8676301440902631
2022-02-21 00:00:00+00:00,0.009810834831035724,9.933287613155047,-0.2753411887097671
2022-02-21 01:00:00+00:00,0.010507580285835344,11.019768526860659,-0.015016488928571825
2022-02-21 02:00:00+00:00,-0.0001897250757310811,-0.4391675437247138,0.2569649122353599
2022-02-21 03:00:00+00:00,-0.004952903324697969,-4.195579924032734,0.3878065736402818
2022-02-21 04:00:00+00:00,0.009885637167087307,8.184139579214515,-1.4115900013271685
2022-02-21 05:00:00+00:00,-0.0018365545963035688,-1.2146100250146927,-0.2613161499926573
2022-02-21 06:00:00+00:00,-0.00022315053778566138,0.9484215918510467,-0.6110057467016109
2022-02-21 07:00:00+00:00,0.002109079719237621,2.8324917555996674,-0.4861861215877724
2022-02-21 08:00:00+00:00,-0.006219823018357903,-4.9285114352847454,0.2272720187998732
2022-02-21 09:00:00+00:00,-0.00346116155800906,-3.3739383738204283,-0.5437790612690832
2022-02-21 10:00:00+00:00,-0.01581358699732832,-8.642081755242451,-0.0425377504914958
2022-02-21 11:00:00+00:00,-0.018455911684191438,-14.569442230343604,1.9109489308307943
2022-02-21 12:00:00+00:00,-0.0016620931578973208,-6.353174061060981,1.2841191054047136
2022-02-21 13:00:00+00:00,0.0005308560114812478,-0.8137723300429129,-0.03877801770101746
2022-02-21 14:00:00+00:00,0.030151093001842582,20.68607764063161,1.4226160200423439
2022-02-21 15:00:00+00:00,0.0040778358303714774,-0.5288991948872859,-1.9782594388074197
2022-02-21 16:00:00+00:00,-0.003287687087154917,-3.8933258781795996,-1.0457936512155965
2022-02-21 17:00:00+00:00,-0.004394934257405967,-4.0233547451818,-0.2822000510527152
2022-02-21 18:00:00+00:00,-0.01998089184045573,-10.55871978364441,-0.01681113571520311
2022-02-21 19:00:00+00:00,0.009681709779181962,3.3774127479985223,3.7196119835649095
2022-02-21 20:00:00+00:00,0.0026270249245945653,-0.36607795227434325,-0.7952169934501477
2022-02-21 21:00:00+00:00,-0.030738534106707564,-19.195922539531534,-0.3479601222342603
2022-02-21 22:00:00+00:00,0.01317060970947899,2.1343810116774486,1.0855187968376412
2022-02-21 23:00:00+00:00,-0.014411064983071648,-15.155476204455649,0.3313889462812488
2022-02-22 00:00:00+00:00,0.00945445648255121,6.550741602809654,-0.691678557893682
2022-02-22 01:00:00+00:00,0.001723241004423876,-1.780664979931539,0.19243955472863508
2022-02-22 02:00:00+00:00,-0.008598040459450578,-4.670449737769238,-1.8054724701222744
2022-02-22 03:00:00+00:00,-0.019451935329285755,-12.03637472191784,-0.9363268609685836
2022-02-22 04:00:00+00:00,-0.003064476544909139,0.14427108422684484,-0.1332941928494903
2022-02-22 05:00:00+00:00,-0.0029500627264103835,4.1976572733779784,-0.521545288394281
2022-02-22 06:00:00+00:00,0.00944194421754305,5.3901496378466405,-0.9300684489192363
2022-02-22 07:00:00+00:00,-0.00427426179534283,-3.7123316922203435,-0.004785805427739893
2022-02-22 08:00:00+00:00,0.010844571808087365,10.016240655170687,0.08213793508070502
2022-02-22 09:00:00+00:00,-0.0010646550483958865,-1.7559414023054236,-0.7548909965902966
2022-02-22 10:00:00+00:00,0.016155923631010937,12.471018655759428,-0.2416340773269855
2022-02-22 11:00:00+00:00,-0.0020389403559605297,-3.324136134912089,-0.2559749625775515
2022-02-22 12:00:00+00:00,0.004776975030499412,1.8092278339963819,0.3324057791673369
2022-02-22 13:00:00+00:00,0.0028390619417696006,4.3099372665675,0.11361158276281463
2022-02-22 14:00:00+00:00,0.00861235148125566,7.04790044519557,-0.44764514752200646
2022-02-22 15:00:00+00:00,-0.0058586693221287876,-5.534754946331423,0.21017724027355167
2022-02-22 16:00:00+00:00,-0.005919063568014659,-4.055527685626642,-0.06505326402573917
2022-02-22 17:00:00+00:00,-0.002130077584583243,-2.9009976908226855,0.29027484497247763
2022-02-22 18:00:00+00:00,-0.00020980302576587516,0.994842280200572,0.23896497864171576
2022-02-22 19:00:00+00:00,0.012305053645248566,7.214227126160137,0.22768023672849882
2022-02-22 20:00:00+00:00,-0.008990014376683352,-3.8120112361830274,0.5153577082648676
2022-02-22 21:00:00+00:00,0.0024661421558657384,1.1025577770151176,-0.14605311975802027
2022-02-22 22:00:00+00:00,-0.0005606666703001999,-0.2902400621987904,0.2784262731311746
2022-02-22 23:00:00+00:00,0.008815901387522609,9.305757555087023,-0.09110052689280287
2022-02-23 00:00:00+00:00,-0.00342113295052409,-0.41686754843976265,0.24356551765891396
2022-02-23 01:00:00+00:00,-0.0009183032629423998,-3.4486393432095137,0.6588692645098507
2022-02-23 02:00:00+00:00,-0.0017431668913501048,-1.4253139002139725,7.19719117998736
2022-02-23 03:00:00+00:00,0.0023380743707830183,1.2069202725168802,-0.9843095149172725
2022-02-23 04:00:00+00:00,0.007008867585633969,6.261998288471514,0.7188900907651503
2022-02-23 05:00:00+00:00,0.001699338311718607,0.6407933121458285,0.36190498482842537
2022-02-23 06:00:00+00:00,0.0007336986603660246,-0.15649831866560157,0.1844495358451149
2022-02-23 07:00:00+00:00,0.010077887754452113,5.974791318696448,-0.1493905209330102
2022-02-23 08:00:00+00:00,0.001663377265973093,6.16612531800233,-3.238707844364725
2022-02-23 09:00:00+00:00,0.002885662902602513,4.072940877461765,0.08855855097384432
2022-02-23 10:00:00+00:00,0.0002258342158510247,1.877668836258183,-0.26061333298458084
2022-02-23 11:00:00+00:00,0.0006708407428141961,-1.274653690311895,1.1177960848274486
2022-02-23 12:00:00+00:00,0.006258727215512505,4.638083923950093,-0.24638534233913734
2022-02-23 13:00:00+00:00,-0.0027378046376231617,-3.546437853587892,3.5584131284232554
2022-02-23 14:00:00+00:00,-0.007566084703750754,-6.239916005564517,0.9149345555160382
2022-02-23 15:00:00+00:00,-0.0051840671008422335,-2.9647400468367944,-0.45148114239933
2022-02-23 16:00:00+00:00,0.006721169052145128,5.542917978142776,-1.5068746360054865
2022-02-23 17:00:00+00:00,-0.013500351578078806,-9.132662491740053,-1.4405846947622467
2022-02-23 18:00:00+00:00,-0.0062690120822993115,-4.6353518794970165,0.4692531801946409
2022-02-23 19:00:00+00:00,-0.004938071797377681,-4.980994129686786,0.22244725368044255
2022-02-23 20:00:00+00:00,-0.0038221345239710493,0.2528193105895757,-0.9449280454852944
2022-02-23 21:00:00+00:00,-0.0013683968898645666,-5.106992841245569,0.45595049408402044
2022-02-23 22:00:00+00:00,0.0059235072729041955,2.823586046418187,0.06695890199245784
2022-02-23 23:00:00+00:00,-0.01810841220663345,-11.797817902328553,-0.03614396430022031
2022-02-24 00:00:00+00:00,-0.006320029465017561,-5.863532158285971,0.6529433222621098
2022-02-24 01:00:00+00:00,0.0039020252009246146,4.497794516020433,0.8009238866522257
2022-02-24 02:00:00+00:00,-0.025798406914444648,-15.743448726698619,-1.1102757680173005
2022-02-24 03:00:00+00:00,0.046754130747620797,-28.11647013416758,-11.133722325090902
2022-02-24 04:00:00+00:00,0.009760460494073628,1.133245700132262,-2.068163135662881
2022-02-24 05:00:00+00:00,0.040573964688319517,-17.17197984946452,0.6758200951081091
2022-02-24 06:00:00+00:00,-0.0040105911401362585,1.3570786906822885,-0.5254423652170909
2022-02-24 07:00:00+00:00,-0.003275397403712249,5.613421858205275,0.8420108573496874
2022-02-24 08:00:00+00:00,-0.0045920835294346275,0.9013055188149931,0.8496611754477913
2022-02-24 09:00:00+00:00,0.006145116018361212,-3.6190837695160454,0.2689063756452813
2022-02-24 10:00:00+00:00,-0.013055884381428004,-1.7138993877152666,0.5790994285211118
2022-02-24 11:00:00+00:00,-0.011898719241271767,3.8193910145624343,0.8481294498047289
2022-02-24 12:00:00+00:00,0.005136801079623502,-3.0828447724876935,-1.8508991435195257
2022-02-24 13:00:00+00:00,-0.003857325491818426,5.2555821193324785,-1.5510507947985588
2022-02-24 14:00:00+00:00,-0.007280201424790892,8.909399480706433,1.7035232915178913
2022-02-24 15:00:00+00:00,-0.015454516606862768,9.313855213280688,0.805270046833245
2022-02-24 16:00:00+00:00,-0.0025876919610190673,3.215400197239659,0.7670913177169317
2022-02-24 17:00:00+00:00,0.009227809346928012,-6.055517764130339,0.1364269117152304
2022-02-24 18:00:00+00:00,-0.021181467234164815,15.24480692704176,-0.5075399820044648
2022-02-24 19:00:00+00:00,-0.012366434874568191,14.241942949314122,-0.6316683657123583
2022-02-24 20:00:00+00:00,-0.009274971005665513,8.402881189204603,-0.07226829900449419
2022-02-24 21:00:00+00:00,-0.00319037679299214,-1.3472508529594698,-0.3294837890152754
2022-02-24 22:00:00+00:00,-0.003833896213209366,-12.52158051357795,0.7555785145776973
2022-02-24 23:00:00+00:00,-0.0013981749142215458,10.455919103622158,0.6658959983003733
2022-02-25 00:00:00+00:00,-0.0002468546613507941,-2.954945151051819,-0.7685792130376018
2022-02-25 01:00:00+00:00,0.00198125000904641,7.552041444530982,1.454263403164018
2022-02-25 02:00:00+00:00,0.0024802350790639376,1.5145446316536866,0.026797138184662922
2022-02-25 03:00:00+00:00,-0.0006170485721611079,-0.8400155851769511,0.07327774509964492
2022-02-25 04:00:00+00:00,0.004501898928264069,-4.169797695426425,0.38567759792184647
2022-02-25 05:00:00+00:00,0.005973546777747564,-3.392711375885259,0.26255030184011957
2022-02-25 06:00:00+00:00,-0.0057871373923681965,5.190371288960299,-0.2755505816409952
2022-02-25 07:00:00+00:00,0.00552746492572776,-1.620069181694177,0.07164751058861552
2022-02-25 08:00:00+00:00,0.003110098349200406,-3.159105736050106,0.07394801023410079
2022-02-25 09:00:00+00:00,-0.007203434325355018,2.277606158616453,-0.15260339662718908
2022-02-25 10:00:00+00:00,0.002210416245137049,-0.689532445488196,-0.22885040656786465
2022-02-25 11:00:00+00:00,-0.0038862626214858594,4.7106894066284015,-0.29282351848736754
2022-02-25 12:00:00+00:00,-0.01381426731102815,10.597723112559468,-1.9144845141172717
2022-02-25 13:00:00+00:00,2.2022785377907376e-05,2.617719185013103,-0.42895985351097904
2022-02-25 14:00:00+00:00,0.007374648202869731,-5.612879655142065,0.24851786712706503
2022-02-25 15:00:00+00:00,-0.009253806966567907,6.294743265767658,-0.6860045703132666
2022-02-25 16:00:00+00:00,0.000710180980446119,-0.14643586703656422,0.36067851304830023
2022-02-25 17:00:00+00:00,0.008149331068201105,-4.717810528740515,-0.8459128208008084
2022-02-25 18:00:00+00:00,0.00721399446689832,-2.976777593701711,0.5931246549712246
2022-02-25 19:00:00+00:00,-0.0007956790209501373,0.869807536293046,0.40978452791299974
2022-02-25 20:00:00+00:00,-0.009599057354210275,6.213079592642881,0.43596359006999535
2022-02-25 21:00:00+00:00,0.002962729201159601,0.40377621604395053,0.6592946127688559
2022-02-25 22:00:00+00:00,-0.009255335638866567,10.333072073610264,-0.17803505600080843
2022-02-25 23:00:00+00:00,0.005688878075591095,-2.743126650160948,0.08722758712351728
2022-02-26 00:00:00+00:00,-0.011830308531223953,9.928281810794376,0.43108319247873567
2022-02-26 01:00:00+00:00,0.0012220071997216526,-1.011406107526346,0.21297210633002625
2022-02-26 02:00:00+00:00,0.0032536460490091078,-1.6563479671119223,-0.3206383766356545
2022-02-26 03:00:00+00:00,0.0039005155065352233,-2.2559736530285064,0.3177293164021467
2022-02-26 04:00:00+00:00,0.0007259994521816927,1.944702737281225,-0.5807668509306365
2022-02-26 05:00:00+00:00,0.006962616809789945,-6.873939788048808,-0.10540213394793022
2022-02-26 06:00:00+00:00,-0.0024007273078804677,0.8576921458983167,0.1518398130936724
2022-02-26 07:00:00+00:00,-0.001675273908987717,2.8055065672237127,-0.2216289229190365
2022-02-26 08:00:00+00:00,0.009272869640800803,-5.517751020542567,0.055995234913588154
2022-02-26 09:00:00+00:00,-0.00040868527246629957,-0.6598863931921527,-0.3999009012458527
2022-02-26 10:00:00+00:00,-0.004688076192957298,3.681465137650716,-0.42632751847254075
2022-02-26 11:00:00+00:00,0.0015575700097343046,-2.8043374850563194,0.8250958584597379
2022-02-26 12:00:00+00:00,-0.001105247585066691,0.16089938034626938,0.6662203593271686
2022-02-26 13:00:00+00:00,-0.0022632982880949285,1.7749200326520225,0.0530507921525777
2022-02-26 14:00:00+00:00,-0.0026547026283897796,2.097998274009476,-0.10957521670215929
2022-02-26 15:00:00+00:00,-3.1100757818984855e-05,-0.5128754161948419,1.403518307080716
2022-02-26 16:00:00+00:00,0.0016840801052697668,-1.4337572965036676,-0.7404980332365306
2022-02-26 17:00:00+00:00,-0.0020148870125861243,1.5798056500687467,-0.39797648954810555
2022-02-26 18:00:00+00:00,0.0035465717208187503,-2.4153807151388613,-0.09378893518106206
2022-02-26 19:00:00+00:00,-0.0033635791660885164,2.154931824833493,0.5527798071120408
2022-02-26 20:00:00+00:00,-0.0011185122922475967,2.349078260151374,0.5338471629810422
2022-02-26 21:00:00+00:00,-0.002456793276050134,1.5398321354639462,-1.1366528053699771
2022-02-26 22:00:00+00:00,0.006976879298521589,-5.251729620412441,0.5808676332779908
2022-02-26 23:00:00+00:00,0.00015855527875312676,-0.6164537712468806,-0.2656908585554139
2022-02-27 00:00:00+00:00,0.007346154868742311,-9.927845000211613,1.0618777882102817
2022-02-27 01:00:00+00:00,0.011690082535013826,-8.104569761509666,-0.9558830986361722
2022-02-27 02:00:00+00:00,-0.006781659967344701,5.454884963513347,-1.042667531620472
2022-02-27 03:00:00+00:00,-0.001211671286199149,-0.741391512016629,0.02185781080497613
2022-02-27 04:00:00+00:00,0.0013191527286764244,-1.1250377548869652,0.676951546575922
2022-02-27 05:00:00+00:00,-0.0008993313871092667,2.096269666916415,0.08533374368604546
2022-02-27 06:00:00+00:00,-0.004078096997779934,4.7631453324338615,-0.4575157576737834
2022-02-27 07:00:00+00:00,-0.00037038896154870907,-0.42191868958188933,0.3537134281695583
2022-02-27 08:00:00+00:00,-0.00033840327147813135,0.1261944098236791,-0.12314494885222194
2022-02-27 09:00:00+00:00,-0.005850746886797688,4.204734104833413,0.1361504392025507
2022-02-27 10:00:00+00:00,-0.005620227036720357,4.007534071240285,0.3204842678669885
2022-02-27 11:00:00+00:00,-0.0026171268079386583,3.2907772225224283,0.07904175807213723
2022-02-27 12:00:00+00:00,-0.005873679716546692,3.6992694003861555,0.7226965441377711
2022-02-27 13:00:00+00:00,0.014793080814366954,-9.800013860409548,-0.011270047662010452
2022-02-27 14:00:00+00:00,0.006211955329463302,-2.0463515369342224,0.26289643056362094
2022-02-27 15:00:00+00:00,-0.012649322595912567,8.119395080565775,-0.6748421564514984
2022-02-27 16:00:00+00:00,0.005773132362282486,-3.7237719461569214,1.012931631685861
2022-02-27 17:00:00+00:00,0.0025780991456681454,-2.177010936500437,-0.020047264501424106
2022-02-27 18:00:00+00:00,-0.0083847703684467,-1.9270988155015856,0.1255046608612157
2022-02-27 19:00:00+00:00,-0.03963033771243918,-17.50878811299181,-1.7381068402980464
2022-02-27 20:00:00+00:00,0.00816963761425269,3.1184364264093256,-0.07682177015954739
2022-02-27 21:00:00+00:00,-0.009898119574553287,-2.792645504285326,-0.3318996378064636
2022-02-27 22:00:00+00:00,0.008850305986537832,2.8346895079551038,-1.7460323152845534
2022-02-27 23:00:00+00:00,-0.003595539813409371,-2.79312159350788,-0.7474549742648492
2022-02-28 00:00:00+00:00,-0.0030639811669090767,-5.63261530874288,1.2044592035080974
2022-02-28 01:00:00+00:00,0.011891765372895253,7.248389672167974,-0.20297609117051887
2022-02-28 02:00:00+00:00,-0.01044696190331535,-3.0401535227994594,-0.6034808951023861
2022-02-28 03:00:00+00:00,-0.0018043732173640555,0.3767129944691917,1.306234776706357
2022-02-28 04:00:00+00:00,0.000699995716060489,-0.5923027739541716,-0.15922208900025228
2022-02-28 05:00:00+00:00,-0.00047152700970744217,0.568248846934258,0.8310307922216271
2022-02-28 06:00:00+00:00,-0.001126093654610584,1.1790529554818954,0.05776237718947686
2022-02-28 07:00:00+00:00,0.008763238500941597,5.258176898121496,0.07605617363497022
2022-02-28 08:00:00+00:00,-0.0036158506817331624,0.3677439648772289,-0.30406640303653354
2022-02-28 09:00:00+00:00,-0.004165635761555149,-3.0472587828998394,-1.0665538703196698
2022-02-28 10:00:00+00:00,0.009371528201384868,4.11757156133295,-0.5298026808654652
2022-02-28 11:00:00+00:00,-0.0005691275276689837,0.00883836414462387,1.1119841975569624
2022-02-28 12:00:00+00:00,-0.002166334619277705,-1.0159144182726663,0.2664607543948422
2022-02-28 13:00:00+00:00,-0.0053426799457228545,-3.229208195015943,-0.5848615531464884
2022-02-28 14:00:00+00:00,0.04423500757924142,19.62496950540478,1.0660729665490905
2022-02-28 15:00:00+00:00,0.01653480524565514,9.203670632676024,1.8781894000375008
2022-02-28 16:00:00+00:00,-0.0004711429502906735,-2.1647370259224457,-0.34342645704944097
2022-02-28 17:00:00+00:00,0.0033074164409946922,2.3878360620814494,-0.38771531569671075
2022-02-28 18:00:00+00:00,-0.004472055120811991,-1.2323425382453927,0.12048481966981917
2022-02-28 19:00:00+00:00,-2.8722079115722752e-05,-0.05327092653224426,-0.08560658492725606
2022-02-28 20:00:00+00:00,0.0078445935153494,4.969211309573975,-0.10151228899194524
2022-02-28 21:00:00+00:00,-0.003938628146029346,-1.351640889896653,-0.23255970647476729
2022-02-28 22:00:00+00:00,0.023383936452876803,8.43769523667075,1.5753717538545042
2022-02-28 23:00:00+00:00,0.004371368732206471,5.7442254633029455,-0.4933721629590933
2022-03-01 00:00:00+00:00,0.008424181865857885,5.447288583044397,-0.3644154526467539
2022-03-01 01:00:00+00:00,-0.007764072343189381,-5.536708940295797,0.4352532423751166
2022-03-01 02:00:00+00:00,0.0008830254789948063,-1.6332258529895949,0.4677984748755016
2022-03-01 03:00:00+00:00,-0.0019333685688851406,-1.01341232243779,-1.1769759953072263
2022-03-01 04:00:00+00:00,0.00453896839198514,3.254907476945409,0.34524390512407105
2022-03-01 05:00:00+00:00,-0.004129325165047813,-3.286725967012499,0.0503657706299967
2022-03-01 06:00:00+00:00,0.0012014621284755515,1.5243975647194996,-0.5683856939859042
2022-03-01 07:00:00+00:00,0.001667366212051974,1.6619631466170346,-0.07545303699903605
2022-03-01 08:00:00+00:00,-0.0014305841324986706,1.504255616639528,-0.2949210664596487
2022-03-01 09:00:00+00:00,-0.004589460862062462,-5.360753747239054,0.2570730491600002
2022-03-01 10:00:00+00:00,0.006634807559521236,2.8877211863155465,0.3024063137109674
2022-03-01 11:00:00+00:00,-0.003922412930668674,-0.976333004065836,-0.32445790891738
2022-03-01 12:00:00+00:00,0.012663120160784583,5.8646005500022875,1.2128956352370963
2022-03-01 13:00:00+00:00,0.01998455903398649,8.599210793257887,-1.1438909575995577
2022-03-01 14:00:00+00:00,-0.01082292623062588,-10.393102509265363,-0.013582916427688496
2022-03-01 15:00:00+00:00,-0.007122309422199017,-0.75203583338879,1.9653503270253643
2022-03-01 16:00:00+00:00,-0.012177433551216725,-4.609304787997072,-0.003819911235269771
2022-03-01 17:00:00+00:00,0.008288328134193572,3.3813803988046613,0.16576473013030615
2022-03-01 18:00:00+00:00,0.00413683110384138,3.0680043005790507,-0.06408750211101205
2022-03-01 19:00:00+00:00,-0.0015868907296795703,-1.7229994344929074,0.9454680035061813
2022-03-01 20:00:00+00:00,0.007541855662465279,2.0947873028195265,0.3135229549058416
2022-03-01 21:00:00+00:00,-0.004727976450427381,-2.7779927621667326,-0.4081260843762782
2022-03-01 22:00:00+00:00,0.005142804760690592,3.1843681471623713,-0.051977881239283014
2022-03-01 23:00:00+00:00,0.00043645925545521106,1.0243552100955726,-0.19928348927124745
2022-03-02 00:00:00+00:00,-0.009812174089883191,-3.796670259059413,0.5242104673763777
2022-03-02 01:00:00+00:00,-0.004104644559069771,-0.642147027638846,-0.1063253645800682
2022-03-02 02:00:00+00:00,0.005045965464454252,2.128945724280464,-1.045066669619821
2022-03-02 03:00:00+00:00,0.019850045841278068,6.798843210064226,-0.27171221562369163
2022-03-02 04:00:00+00:00,-0.005470983926649516,-2.1578608372877994,1.387783409275741
2022-03-02 05:00:00+00:00,0.0004046651018992121,1.150303781166254,0.1665763726148681
2022-03-02 06:00:00+00:00,-0.008462726649145056,-6.235997312092409,-0.46293001762879643
2022-03-02 07:00:00+00:00,0.0005309722647507787,0.702126560950029,0.34864223166369596
2022-03-02 08:00:00+00:00,0.0020536094930718304,-0.43637167212812644,1.3284329593675774
2022-03-02 09:00:00+00:00,0.004160174281051368,2.3283732893317626,0.2792268197490314
2022-03-02 10:00:00+00:00,0.003955464885571257,4.126189201351314,-0.5944561008732014
2022-03-02 11:00:00+00:00,-0.0006888460265813249,0.4470371825636022,2.178084829906724
2022-03-02 12:00:00+00:00,-0.00494407629520204,-1.4851456389613038,-1.093583188916604
2022-03-02 13:00:00+00:00,-0.010516633151218174,-9.197985958511449,-0.35030399929384315
2022-03-02 14:00:00+00:00,0.01805778817607077,9.89224188492628,-0.04375648262933088
2022-03-02 15:00:00+00:00,-0.016566234436347256,-6.152644248738337,-0.37708317770863425
2022-03-02 16:00:00+00:00,0.0028295425568665984,1.7910907540804253,-0.09207096067806775
2022-03-02 17:00:00+00:00,-0.004705829514567392,-3.871095511850436,-0.6526850240031875
2022-03-02 18:00:00+00:00,-0.005230495308376337,-1.9625939848105847,0.6823164288795681
2022-03-02 19:00:00+00:00,0.0019750540558144403,1.0864654186350582,-0.32492494316113396
2022-03-02 20:00:00+00:00,0.004418405061145534,0.5613418310963982,-0.2973009133919505
2022-03-02 21:00:00+00:00,0.007959798015242318,4.264321078450473,1.0732346124926746
2022-03-02 22:00:00+00:00,-0.004673365371735165,-1.1723673359651177,-0.15826743226252718
2022-03-02 23:00:00+00:00,-0.003673879224113299,-1.5316355313381507,-0.42080021331287765
2022-03-03 00:00:00+00:00,0.004914843175320744,0.7750720682679595,-0.3773431969917657
2022-03-03 01:00:00+00:00,-0.005218849963463038,-2.698452197329767,1.0205188913126193
2022-03-03 02:00:00+00:00,-0.004055359422393014,-1.8252039635984776,0.3329349555259097
2022-03-03 03:00:00+00:00,-0.010151095158059125,-3.733168728878581,-0.9180577680881236
2022-03-03 04:00:00+00:00,0.0015213401693432854,0.06705997271989689,0.5582877267066219
2022-03-03 05:00:00+00:00,-0.000951257310900331,0.5768150126460198,-0.14884220484200017
2022-03-03 06:00:00+00:00,0.004081689178153054,2.16519670811203,0.5357194610747205
2022-03-03 07:00:00+00:00,-0.0016331404506938411,-0.2999069269659425,-0.19485859323627513
2022-03-03 08:00:00+00:00,-0.00037463412569722774,-0.8088956947682393,-0.446694965535881
2022-03-03 09:00:00+00:00,-0.005743834723679208,-2.5274719795371947,1.161200696984015
2022-03-03 10:00:00+00:00,0.007407161851738999,2.3973938088954614,-0.1125387468715278
2022-03-03 11:00:00+00:00,0.0001368350676481907,-0.29534160244825713,-0.31712620086691806
2022-03-03 12:00:00+00:00,-0.000362051346394943,1.627861409745373,0.7230625436220988
2022-03-03 13:00:00+00:00,0.004096195862208236,2.9133694706509714,0.27734519422297804
2022-03-03 14:00:00+00:00,-0.011400764886811701,-4.8546685157511,-0.2918501333243112
2022-03-03 15:00:00+00:00,-0.01612051647781509,-9.613027968968398,-0.08833561634211273
2022-03-03 16:00:00+00:00,-0.0027234284243317884,-1.1138763494526231,0.4110242206940533
2022-03-03 17:00:00+00:00,0.00012768693873911597,-0.09594007176711411,0.3626471083580893
2022-03-03 18:00:00+00:00,-0.0007204974845132562,0.01031346279558789,-0.5979534652237043
2022-03-03 19:00:00+00:00,7.843760114787713e-05,-0.06674686861744614,-0.20956249996548584
2022-03-03 20:00:00+00:00,-0.0031346387016373575,-1.1940274632132426,0.3817848157647706
2022-03-03 21:00:00+00:00,-0.00036340820210302563,1.8265211093218938,0.1713071609267009
2022-03-03 22:00:00+00:00,0.008414594878979283,4.14782841775676,-0.32192924604753603
2022-03-03 23:00:00+00:00,-6.009458678380114e-05,-0.26940291786647097,-0.09382102806751821
2022-03-04 00:00:00+00:00,-0.027611485244633745,-12.3255209854099,1.4454854146123477
2022-03-04 01:00:00+00:00,4.675855248408412e-05,-0.4122986234361181,0.41019855206797806
2022-03-04 02:00:00+00:00,-0.0024996062776618394,-0.8065713369360803,1.707418509413686
2022-03-04 03:00:00+00:00,-0.0005189917173292818,0.27881833154696006,1.7071476579491571
2022-03-04 04:00:00+00:00,0.0004461268626635002,0.29538413233479405,0.3689308353407174
2022-03-04 05:00:00+00:00,-0.0002310111790635853,0.11772205299453686,0.1588590339983974
2022-03-04 06:00:00+00:00,-0.0007682758200253322,1.298809143062848,0.09893613383877138
2022-03-04 07:00:00+00:00,0.0024363298574349183,0.21597611198456979,0.4412591918229212
2022-03-04 08:00:00+00:00,0.0031427420627863417,1.0642851497893642,-0.7195278196529146
2022-03-04 09:00:00+00:00,-0.004679159620254309,0.2755606816916726,-1.992799973075987
2022-03-04 10:00:00+00:00,0.003458121328771993,2.1434815743892144,-0.419760535817986
2022-03-04 11:00:00+00:00,0.0009110525237921912,0.7043949609304211,-0.6677588241535749
2022-03-04 12:00:00+00:00,-0.0037791694211235373,-2.495226172765734,0.4042068815198006
2022-03-04 13:00:00+00:00,-0.0028051898281429353,-1.8203823844833453,-0.21799358249316683
2022-03-04 14:00:00+00:00,-0.003495645014176764,-2.4797601718480125,-0.3795885066557426
2022-03-04 15:00:00+00:00,-0.009916356497849782,-4.2505078768358375,0.161406651180812
2022-03-04 16:00:00+00:00,0.0006294826007351903,0.9822646395855118,-0.4837346906633848
2022-03-04 17:00:00+00:00,0.0045129984860605935,1.0677854101613193,-0.2952687611954787
2022-03-04 18:00:00+00:00,-0.005428150286785247,-3.8848318565590385,0.5414490355729413
2022-03-04 19:00:00+00:00,-0.015457461646130762,-9.765856079781216,-0.18168922325695386
2022-03-04 20:00:00+00:00,-0.0006025406772477503,-0.8502576664326673,-1.4483349240174337
2022-03-04 21:00:00+00:00,-0.0015826919416350807,-1.3632839941124453,-1.3343360237131192
2022-03-04 22:00:00+00:00,0.001993531519750104,-1.4458013076405314,-0.9077281014288747
2022-03-04 23:00:00+00:00,0.00365271387473377,0.1580533262055311,0.20945028284138742
2022-03-05 00:00:00+00:00,-0.007110353247433429,-8.659059026615845,-0.30014272505178025
2022-03-05 01:00:00+00:00,0.006745356896002876,3.1238494427481807,-0.687495706838351
2022-03-05 02:00:00+00:00,-0.0009838338556089647,0.052997914545845626,-0.8269857756797556
2022-03-05 03:00:00+00:00,0.005879876831375413,4.442511966749564,0.013383631834036187
2022-03-05 04:00:00+00:00,-0.0026400878499875133,-2.0263874227548744,0.35706734754187996
2022-03-05 05:00:00+00:00,0.00283649076800635,3.930924582445229,-0.46514574489681215
2022-03-05 06:00:00+00:00,-8.621408249161197e-05,1.2603158870678401,0.014640786817677682
2022-03-05 07:00:00+00:00,0.004654201316276741,3.040232838336316,-0.506350369387036
2022-03-05 08:00:00+00:00,0.004876341323448592,2.3618024152127033,-0.13837728628638024
2022-03-05 09:00:00+00:00,-0.0007889300749689469,-0.3813624390159575,-0.7775961977195917
2022-03-05 10:00:00+00:00,-0.0004873862611492664,0.7635920303788024,0.43383197198684575
2022-03-05 11:00:00+00:00,0.0004683302068892068,-0.33559835063088167,-0.31836541589432804
2022-03-05 12:00:00+00:00,0.0018389715840845017,0.5519877426198281,0.608110820584882
2022-03-05 13:00:00+00:00,-0.006428163860466123,-2.7158952217416035,-0.5728208011275912
2022-03-05 14:00:00+00:00,0.0020809168397659694,2.0905807632190214,-0.26914796023730514
2022-03-05 15:00:00+00:00,0.0006233879406909969,1.5590088515293754,0.9965772226808922
2022-03-05 16:00:00+00:00,0.006027339540870102,3.4470091781097065,-0.5413440384657539
2022-03-05 17:00:00+00:00,0.0030905857630947903,0.9961505339748113,-2.287755700882687
2022-03-05 18:00:00+00:00,-7.361653543322564e-05,0.13321865190601243,0.9379857906077319
2022-03-05 19:00:00+00:00,0.0009992802761780721,1.0095866430381366,0.5658555688054719
2022-03-05 20:00:00+00:00,-0.0014385062378999458,0.6583818775567046,-0.3694856176047246
2022-03-05 21:00:00+00:00,-0.004288408348961589,-3.0987834746437306,-0.3700323369149698
2022-03-05 22:00:00+00:00,0.005673134290530822,2.646821711165543,-0.37860511722026347
2022-03-05 23:00:00+00:00,-0.0019595542568651013,-0.6961264358559354,0.9061612838291067
2022-03-06 00:00:00+00:00,0.0030765974885014376,2.7823644991779606,0.14061759183318295
2022-03-06 01:00:00+00:00,-0.004680118157643843,-3.2346543399670695,0.0729011696010502
2022-03-06 02:00:00+00:00,0.0010152272913072804,0.18390193921752604,0.22587058761710613
2022-03-06 03:00:00+00:00,-0.0089516273324921,-5.557693284846578,0.25234343816298754
2022-03-06 04:00:00+00:00,0.002994864978432503,0.7555881866261588,1.895002023000969
2022-03-06 05:00:00+00:00,0.001020572089381858,-0.5511311614435812,0.14860326231226154
2022-03-06 06:00:00+00:00,-0.0009034264674787636,0.13406462755496099,0.13163389845487747
2022-03-06 07:00:00+00:00,-0.0009248819412607083,-0.6063603633134541,-0.28191706034663705
2022-03-06 08:00:00+00:00,-0.0032865860701146356,-2.712215258948679,-0.03400842180162554
2022-03-06 09:00:00+00:00,-0.01027191694654814,-7.6219248803317345,0.202921297947776
2022-03-06 10:00:00+00:00,-0.003988457577914837,-4.1785057047574385,0.5114325625238346
2022-03-06 11:00:00+00:00,0.0038243350332086475,2.248498926594439,1.700734776781628
2022-03-06 12:00:00+00:00,0.00311626730065953,0.765623917063501,-1.689696750754279
2022-03-06 13:00:00+00:00,0.008612029549704983,4.233545129349719,0.1932660648352235
2022-03-06 14:00:00+00:00,-0.004842832735025421,-3.3863927517882475,0.6311812324546755
2022-03-06 15:00:00+00:00,0.0003947409931016598,0.796194983124112,-0.5513482036274466
2022-03-06 16:00:00+00:00,0.007319322491156636,4.255586831973769,0.08404642102039266
2022-03-06 17:00:00+00:00,-0.005337776936328088,-1.5682928550648434,-0.16056558206221017
2022-03-06 18:00:00+00:00,-0.0032678708154011793,-2.698473405959721,-0.5831558352508687
2022-03-06 19:00:00+00:00,-0.006340570867924288,-3.8633116462334027,-0.30008373483593415
2022-03-06 20:00:00+00:00,0.003969151619344391,2.4757398417127487,-0.2184593961181763
2022-03-06 21:00:00+00:00,0.00457864486557119,1.5876217357122926,-0.2642868842190458
2022-03-06 22:00:00+00:00,-7.574551012487249e-06,-1.0486277329835587,0.0710079800441914
2022-03-06 23:00:00+00:00,-0.029681205063997032,-10.869367480363522,0.74961201258555
2022-03-07 00:00:00+00:00,-0.003348325871418955,-4.363241187803856,0.8342093141764712
2022-03-07 01:00:00+00:00,0.0012104919882866567,-0.7070685429800904,0.6174007176796391
2022-03-07 02:00:00+00:00,-0.0097079973291716,-6.495883180703524,0.9247323773521163
2022-03-07 03:00:00+00:00,0.0019205425918497347,-0.19736636099799476,0.8196715717686546
2022-03-07 04:00:00+00:00,-0.00011111924721102965,1.887449824376044,0.34154395905829704
2022-03-07 05:00:00+00:00,0.001941876721551355,2.3822589758395725,-1.1466999459228657
2022-03-07 06:00:00+00:00,0.003332845370372433,2.669424695946439,-0.8262161748247313
2022-03-07 07:00:00+00:00,-0.00678422087620897,-5.587751868326429,0.9137495642087687
2022-03-07 08:00:00+00:00,0.004922719345819999,5.366833773562677,-0.45504298713528185
2022-03-07 09:00:00+00:00,-0.0010543052999299688,-0.560090084495676,-0.03802233206488206
2022-03-07 10:00:00+00:00,-0.0029257606821002234,-0.8895182504025899,0.16485242615947399
2022-03-07 11:00:00+00:00,0.006052882226289221,4.9237043975215675,-0.6237814218941511
2022-03-07 12:00:00+00:00,0.008362309194079246,5.697549409086927,2.292493178133305
2022-03-07 13:00:00+00:00,0.023822235899854945,8.429771726475844,0.9837711035118772
2022-03-07 14:00:00+00:00,-0.003739370483627113,-2.335713133254006,0.7802692294968926
2022-03-07 15:00:00+00:00,0.0025085087422634807,2.1572648798119403,0.6303177916526453
2022-03-07 16:00:00+00:00,-0.00902003475673452,-4.856202614622437,0.8924891762352941
2022-03-07 17:00:00+00:00,-0.008915210733853976,-2.817385070262857,0.3190109508297853
2022-03-07 18:00:00+00:00,-0.018606317635683916,-9.331163082024865,-0.6016308521396053
2022-03-07 19:00:00+00:00,-0.024621778129374376,-13.96671953855354,0.04681660438363721
2022-03-07 20:00:00+00:00,0.002770623085703127,2.138296098239727,1.3689999831305655
2022-03-07 21:00:00+00:00,0.006907059572572037,3.678796801325044,-0.13473048838888746
2022-03-07 22:00:00+00:00,0.00791754520627944,5.053752744115691,0.060150693771058604
2022-03-07 23:00:00+00:00,-0.005165498229647156,-1.7344349919948676,1.2008389955084577
2022-03-08 00:00:00+00:00,0.01129793953093618,5.925692452659595,0.2952045722998237
2022-03-08 01:00:00+00:00,0.0017053446069954209,1.3814783454413553,0.12162751310129864
2022-03-08 02:00:00+00:00,0.009218726267306854,4.821852077279284,-0.607617665082655
2022-03-08 03:00:00+00:00,0.0009405900167406096,0.6682731663737665,0.5743587203674417
2022-03-08 04:00:00+00:00,-0.0033040339704060334,-2.1307281441720347,0.39739017082830114
2022-03-08 05:00:00+00:00,-0.006569108480678172,-1.3820302359022802,0.9358282651804256
2022-03-08 06:00:00+00:00,-0.0025850383143736213,-2.4442950723944485,0.2880165825320373
2022-03-08 07:00:00+00:00,0.007443429622400805,4.743458137507504,-0.833108857853686
2022-03-08 08:00:00+00:00,0.013075184351144312,4.426767991106367,-0.6944511201982552
2022-03-08 09:00:00+00:00,0.006195003077947897,3.1167364535694535,-0.11176211742849795
2022-03-08 10:00:00+00:00,0.004611896175896373,1.2434739035831242,0.282964419975612
2022-03-08 11:00:00+00:00,-0.0036802430265624685,-1.0876085690584196,0.047611606082187334
2022-03-08 12:00:00+00:00,-0.004211459792980918,-2.06631091869319,-0.9236489619569439
2022-03-08 13:00:00+00:00,0.00429651964374974,0.5015561721306022,-0.2103175914723138
2022-03-08 14:00:00+00:00,-0.005749490431149475,-2.763142922343825,0.454638628166247
2022-03-08 15:00:00+00:00,-0.005049488309552865,-2.633562725628876,0.5504456376431719
2022-03-08 16:00:00+00:00,-0.007465363489527807,-4.536094213291362,0.8912387321995054
2022-03-08 17:00:00+00:00,0.020563052304088433,10.790323029124622,-1.3752867649011384
2022-03-08 18:00:00+00:00,-0.009260803413952166,-3.2341390654764335,0.49460455908267603
2022-03-08 19:00:00+00:00,0.003955257829949336,1.221561857941183,-0.3461084683714504
2022-03-08 20:00:00+00:00,-0.01030172066662093,-5.890407724865522,-0.59626528609812
2022-03-08 21:00:00+00:00,0.0020189055525200437,-1.8441918409220481,0.3252074794040909
2022-03-08 22:00:00+00:00,0.0038272039464330347,1.0282237945098411,0.08430503802145281
2022-03-08 23:00:00+00:00,0.003272437822719455,3.5355323271003076,-0.4110551862618115
2022-03-09 00:00:00+00:00,0.004235359346898722,5.407846661472528,-1.7348933348815436
2022-03-09 01:00:00+00:00,0.012288608073341228,5.291130476307151,-0.33995368240073465
2022-03-09 02:00:00+00:00,0.0003129659225495352,0.9145938159914461,-0.3111934766673715
2022-03-09 03:00:00+00:00,0.02983280862045756,16.10952853341896,0.26551843033703554
2022-03-09 04:00:00+00:00,0.007324649442877334,2.2366252411885412,-0.3984667086027609
2022-03-09 05:00:00+00:00,-0.0012820967395071618,-2.693228183177032,-0.02483039827907699
2022-03-09 06:00:00+00:00,0.0019236672175363427,3.1311191191103735,-0.4395630851369968
2022-03-09 07:00:00+00:00,0.008823450477812998,2.0672467411594027,-0.24930381082601105
2022-03-09 08:00:00+00:00,0.0037403976501096305,1.555697647759513,1.6512351118120523
2022-03-09 09:00:00+00:00,-0.0006740297495524585,-2.4913632091116074,1.0372390461858028
2022-03-09 10:00:00+00:00,0.0013421440240568236,1.2228567979962701,1.8004474827338812
2022-03-09 11:00:00+00:00,-0.00421198274930743,-1.32730838159762,3.1820789181209967
2022-03-09 12:00:00+00:00,-0.002032185957833682,-2.2492462899622803,2.0811994913793357
2022-03-09 13:00:00+00:00,-0.004450233944897311,-1.4177937301481243,-0.42074625771664487
2022-03-09 14:00:00+00:00,0.003936968599887496,2.809024647682219,-0.3809309982424433
2022-03-09 15:00:00+00:00,0.006581609530332093,4.8917022196944835,0.30217912405625835
2022-03-09 16:00:00+00:00,-0.003983844044511534,-2.2551522648964393,0.9462651026970992
2022-03-09 17:00:00+00:00,-0.0008335253703029198,0.385021619680419,-0.7175881908095199
2022-03-09 18:00:00+00:00,-0.010933429430950903,-5.8966083567071745,0.857456753900066
2022-03-09 19:00:00+00:00,0.0011136842376231794,0.5378250657928304,0.44050989581074645
2022-03-09 20:00:00+00:00,-0.00917517651116432,-4.16361053608439,-0.36152747844963806
2022-03-09 21:00:00+00:00,0.006913215116921775,2.1086486176251484,0.04742039276246423
2022-03-09 22:00:00+00:00,0.003642725784396808,0.8357548407317194,1.5344287287091096
2022-03-09 23:00:00+00:00,0.0033688621606002035,3.136253677725793,-0.38210778328008066
2022-03-10 00:00:00+00:00,-0.006417834252576854,-2.874016947562693,0.5232984575226981
2022-03-10 01:00:00+00:00,-0.014923666740009233,-10.727568895681143,2.7793624990172434
2022-03-10 02:00:00+00:00,-0.001142244761876805,-1.2858763542844718,-0.28847659687258903
2022-03-10 03:00:00+00:00,-0.0009382157418267519,-0.27844131116434834,-0.07094895341094977
2022-03-10 04:00:00+00:00,-0.01885821673890231,-13.868285027746062,-0.4052987153047627
2022-03-10 05:00:00+00:00,-0.003762237215605893,-4.701587005855608,-0.41597817388434244
2022-03-10 06:00:00+00:00,0.0005760742167808478,2.616573271810305,-0.7817257609993032
2022-03-10 07:00:00+00:00,-0.0003805189153550711,0.7584792836455453,-0.7997739037096442
2022-03-10 08:00:00+00:00,0.001758614596777503,1.1653332782429198,-1.9626846064926085
2022-03-10 09:00:00+00:00,0.0006621668936421749,-0.745592843147871,1.1090877939931107
2022-03-10 10:00:00+00:00,-0.003341472168232194,-2.2852805178791753,-1.4276880488024302
2022-03-10 11:00:00+00:00,0.0014408761784650745,1.4845263775431445,-0.1002391475663179
2022-03-10 12:00:00+00:00,0.0030872412350703986,1.4165256203712,-0.6163001882396442
2022-03-10 13:00:00+00:00,-0.010793840594333484,-5.6254570380632245,1.422521327823943
2022-03-10 14:00:00+00:00,0.008224248385678767,4.173354460895857,0.21629442439366217
2022-03-10 15:00:00+00:00,-0.0009653697037612589,-0.6869853142235065,2.7130646169321246
2022-03-10 16:00:00+00:00,2.0318452418442933e-05,-0.18665785384592679,-2.0657875617609376
2022-03-10 17:00:00+00:00,-0.0004972630173496518,-1.2834152378499504,-0.7814949399662834
2022-03-10 18:00:00+00:00,0.0017523543488410845,1.4533855215694915,0.6342816840305306
2022-03-10 19:00:00+00:00,0.0061586827043445804,3.6598310188233953,0.08294575078271672
2022-03-10 20:00:00+00:00,0.0019034886478402784,2.5263295254827303,0.38545057934221716
2022-03-10 21:00:00+00:00,-0.005218048317678468,-3.5258762555958287,-0.41191405284995236
2022-03-10 22:00:00+00:00,0.003388426280227016,2.4822756625292417,0.7830664393101008
2022-03-10 23:00:00+00:00,-0.002029819822045943,-2.000728333879573,-1.0355090429288702
2022-03-11 00:00:00+00:00,-0.0034996767447783303,-3.4460628328714833,-0.3498502603490825
2022-03-11 01:00:00+00:00,-0.00939976940427542,-6.403780259623632,0.8271153760294481
2022-03-11 02:00:00+00:00,-0.01061792018288614,-4.709966001247012,-0.14630866265777168
2022-03-11 03:00:00+00:00,0.007402529857009413,6.869177456654739,-0.5640395137678436
2022-03-11 04:00:00+00:00,-0.0031710588239875766,-5.035088292335076,-2.0619462771618884
2022-03-11 05:00:00+00:00,0.007229194223788701,,
2022-03-11 06:00:00+00:00,0.005409019176386668,,
2022-03-11 07:00:00+00:00,0.008270714858173468,,
2022-03-11 08:00:00+00:00,-0.0033370233975747237,,
2022-03-11 09:00:00+00:00,0.0010801237861422517,,
2022-03-11 10:00:00+00:00,-0.0004015029511120167,,
2022-03-11 11:00:00+00:00,0.015788037074188233,,
2022-03-11 12:00:00+00:00,-0.0004811228548088932,,
2022-03-11 13:00:00+00:00,-0.009653113457836593,,
2022-03-11 14:00:00+00:00,-0.0031455900265470733,,
2022-03-11 15:00:00+00:00,-0.008246336946292974,-4.933279159686093,-2.6553859803173783
2022-03-11 16:00:00+00:00,-0.006358192501984593,-3.5164696238381543,0.7627527825434718
2022-03-11 17:00:00+00:00,0.002536433061082578,-0.40828207708956454,0.7553676440868031
2022-03-11 18:00:00+00:00,-0.0021458782395049046,-2.9630299381500107,0.25880917002597453
2022-03-11 19:00:00+00:00,5.042183583088662e-05,2.035203767346655,-0.1225135112646551
2022-03-11 20:00:00+00:00,-0.007869204287595223,-3.6288867715103312,-0.40556333951565177
2022-03-11 21:00:00+00:00,0.01105004198064507,9.352107608258803,1.5285325415591153
2022-03-11 22:00:00+00:00,0.000150519489234907,0.4249800128410529,1.6912515770539998
2022-03-11 23:00:00+00:00,-0.003976645138335455,-4.515261282929623,-0.5305191962273674
2022-03-12 00:00:00+00:00,0.00676678887293495,8.901722381699209,-0.8435708675497774
2022-03-12 01:00:00+00:00,0.002307706906352221,3.471656651820581,-0.36591304496121807
2022-03-12 02:00:00+00:00,-0.0029355225015629217,-3.1056031830987774,-0.3666269988185596
2022-03-12 03:00:00+00:00,0.001804574139373027,-0.7342980490799725,0.23929724427618235
2022-03-12 04:00:00+00:00,-0.00028117676254410816,1.4622492600218668,0.899113756737913
2022-03-12 05:00:00+00:00,0.0017010378806068304,1.5078262966739628,-0.41604435396982886
2022-03-12 06:00:00+00:00,-0.0006315465435997684,-2.3112454112352823,0.7317716009647178
2022-03-12 07:00:00+00:00,0.0005516704893517641,0.5202753634586511,1.6824149904784147
2022-03-12 08:00:00+00:00,-0.002092007934399645,-2.299339625102988,0.6678130719234342
2022-03-12 09:00:00+00:00,0.0018604098398257753,2.024893645125987,-0.6316407434536915
2022-03-12 10:00:00+00:00,-0.0007556996244946217,1.1047117067948942,0.2601451199957645
2022-03-12 11:00:00+00:00,-0.0019140901553510302,-3.196237692811371,0.8478899010932827
2022-03-12 12:00:00+00:00,0.00323594436597798,2.084119705085969,-0.15518740646334572
2022-03-12 13:00:00+00:00,-0.0015246382753824161,-1.4949222736100185,-0.5416538331918179
2022-03-12 14:00:00+00:00,-0.003122209735737305,-2.7559459394022605,1.4351693005356714
2022-03-12 15:00:00+00:00,0.003839374535211519,2.495908689364639,-0.1308526313252175
2022-03-12 16:00:00+00:00,0.0029811218169352722,0.8075146511846175,0.09523014472959199
2022-03-12 17:00:00+00:00,-0.0015986254619329754,-0.3150431024755642,0.23964354774445346
2022-03-12 18:00:00+00:00,-0.002552356034269104,-0.6168711500562805,0.38563580632639
2022-03-12 19:00:00+00:00,-0.0014408034660626048,-1.4745866306309134,-0.5172652981462356
2022-03-12 20:00:00+00:00,0.003403553669229514,0.9877508644766337,0.3003540540382653
2022-03-12 21:00:00+00:00,-0.0001836384886349138,-0.8776689090335116,0.5460985373203631
2022-03-12 22:00:00+00:00,-0.00014752174075695308,0.38141122106967734,-0.5412005599791313
2022-03-12 23:00:00+00:00,-0.006225331112165015,-4.42160375400828,-0.4816401874173592
2022-03-13 00:00:00+00:00,0.0012596895985492326,1.483594563233556,1.259198093484556
2022-03-13 01:00:00+00:00,0.004814402513527567,5.974308674361557,0.24609078505879836
2022-03-13 02:00:00+00:00,0.0009109874996517932,4.348199330319886,0.35384939688342365
2022-03-13 03:00:00+00:00,-0.000153275551357519,0.9249363476947653,0.009367948686191941
2022-03-13 04:00:00+00:00,-0.0017462416079304112,-2.5676646209237113,-0.4966151893479112
2022-03-13 05:00:00+00:00,-0.0009125912693640746,0.28092801665926564,-0.2977010277097494
2022-03-13 06:00:00+00:00,0.0014003051827106408,1.4514959421179758,0.47013796750465003
2022-03-13 07:00:00+00:00,-0.0021919681605725235,-2.5484376103122957,-0.3193696678572704
2022-03-13 08:00:00+00:00,0.00022618632667147418,-0.6729561330141364,-1.148342236396852
2022-03-13 09:00:00+00:00,0.0002802852959083098,-2.7440336213412637,-0.35896008642089705
2022-03-13 10:00:00+00:00,0.0036149144474678287,1.146722672430825,-0.021216692962971646
2022-03-13 11:00:00+00:00,-0.004236916652309425,-3.6002775984715103,1.3373338042562062
2022-03-13 12:00:00+00:00,-0.010938414375232474,-7.69898103868351,0.7549878550409124
2022-03-13 13:00:00+00:00,0.00722181265069573,4.1677051296951895,-0.07914477037532107
2022-03-13 14:00:00+00:00,0.002317853592067251,1.771462027071204,0.11297123474845246
2022-03-13 15:00:00+00:00,0.0049551264636608855,1.8826033536939675,-0.42717485562202345
2022-03-13 16:00:00+00:00,0.0011371175520640592,-0.6986498183006729,-0.2526162538108253
2022-03-13 17:00:00+00:00,-0.0013558564100493856,0.13840406393889598,0.2888050738624554
2022-03-13 18:00:00+00:00,0.0005255941476357096,0.5632774616129261,0.17719033814455462
2022-03-13 19:00:00+00:00,-0.0071609421208490166,-4.198514792421555,-0.3096144355308959
2022-03-13 20:00:00+00:00,-0.0063218445514910855,-2.4998478546833254,0.1547217416104201
2022-03-13 21:00:00+00:00,0.006040132597223365,1.6787654125977327,-0.13475448917530594
2022-03-13 22:00:00+00:00,-0.021998303018263776,-17.499505667041916,-0.7301702055572179
2022-03-13 23:00:00+00:00,0.004497107744842037,0.9044637271977565,1.084751029895613
2022-03-14 00:00:00+00:00,0.001623889592893319,-0.7248912889742525,-1.0982054028529131
2022-03-14 01:00:00+00:00,0.00418831378078225,1.0321880635497929,0.029773404893890736
2022-03-14 02:00:00+00:00,-0.001735060088426574,-0.5661253727823949,-0.4657553330536572
2022-03-14 03:00:00+00:00,0.003545917393952496,2.2810510210097665,0.2741608624494234
2022-03-14 04:00:00+00:00,0.014471116954327491,8.548726321878583,0.267157311706227
2022-03-14 05:00:00+00:00,-0.0015467723175191105,-1.2886865025444718,-0.1248546129383284
2022-03-14 06:00:00+00:00,0.0034500003128511364,2.5995177618037673,-0.10083999704962672
2022-03-14 07:00:00+00:00,0.004569376463444868,4.465762761461237,0.2653273082283423
2022-03-14 08:00:00+00:00,0.002516353554543489,1.8239432164219536,-0.2622172229295395
2022-03-14 09:00:00+00:00,0.0012406212756015075,1.4197841883102142,0.2698259075988614
2022-03-14 10:00:00+00:00,-0.0015266924562669514,-0.4856157371949863,0.3669938928948456
2022-03-14 11:00:00+00:00,-0.005228117905942229,-4.460126132625048,-0.44906917955229453
2022-03-14 12:00:00+00:00,-0.0025097709565515447,-1.4544343438441165,0.40177833922474715
2022-03-14 13:00:00+00:00,0.00195490887818535,-0.3632660515893257,-0.07067445431603665
2022-03-14 14:00:00+00:00,0.003919965659337804,2.2242518846653825,-0.2855257964385222
2022-03-14 15:00:00+00:00,-0.006056299438515363,-2.2600890644181457,-0.007581423515411034
2022-03-14 16:00:00+00:00,-0.005102763197000867,-1.3555078273678207,-1.961225925200227
2022-03-14 17:00:00+00:00,-0.008212699388010542,-5.154081477043632,0.18988239087335734
2022-03-14 18:00:00+00:00,-0.002394895112938775,-2.3350421630948706,0.26210724968773935
2022-03-14 19:00:00+00:00,0.0025538280142200533,1.6305045939662428,-0.320724548022034
2022-03-14 20:00:00+00:00,-0.003889336732079428,-1.5017461556458618,-0.16199634441573724
2022-03-14 21:00:00+00:00,0.00577119737337738,2.279517474939547,0.25289726853319994
2022-03-14 22:00:00+00:00,0.010743835982060756,8.702272276264571,0.5131713328596609
2022-03-14 23:00:00+00:00,0.0069838234370564745,5.194235131300024,-0.23888166090788937
2022-03-15 00:00:00+00:00,-0.0008086550522445207,2.2347473313820445,-0.2210161163593562
2022-03-15 01:00:00+00:00,-0.01630213747200396,-10.966317792776854,0.11401609135613254
2022-03-15 02:00:00+00:00,0.006849724968734178,2.944235722819483,0.3051685404238394
2022-03-15 03:00:00+00:00,-0.00628184960616789,-4.89764469549485,0.11736164544369779
2022-03-15 04:00:00+00:00,0.0006850535096961605,0.030479329796668307,0.6058201182593185
2022-03-15 05:00:00+00:00,0.0011374420931093792,-0.44952235466958274,-0.6326531765407064
2022-03-15 06:00:00+00:00,-0.00205924447670427,0.056487656313762194,0.0725281222158451
2022-03-15 07:00:00+00:00,-0.003955940748640463,-5.314985897455727,-0.40128922324394195
2022-03-15 08:00:00+00:00,-0.005784762614773279,-2.7989771458115453,0.9762803052394471
2022-03-15 09:00:00+00:00,0.004672836905090021,2.3182055186656245,0.6332162035835432
2022-03-15 10:00:00+00:00,0.0020385856931784702,2.294317329991232,-0.36393137413136945
2022-03-15 11:00:00+00:00,-8.837544766254536e-05,1.3664498780643923,-0.9798045965787465
2022-03-15 12:00:00+00:00,0.005044244207625163,4.438251803224865,-0.22312131238399024
2022-03-15 13:00:00+00:00,-0.005320623805842709,-3.6713223315344825,0.520694295818853
2022-03-15 14:00:00+00:00,0.008836807201358623,4.891277541036611,-0.13199056740549242
2022-03-15 15:00:00+00:00,0.0051939248980848235,3.574776791348537,-0.7050911822426671
2022-03-15 16:00:00+00:00,0.010916829765777514,4.500584761744137,1.2282608296615594
2022-03-15 17:00:00+00:00,-0.001428461330586317,2.3699255905029073,-1.3751442530051632
2022-03-15 18:00:00+00:00,0.00846910564267273,4.667384637098576,0.40427282082289356
2022-03-15 19:00:00+00:00,0.011797455457707072,2.3077043527286794,-1.964725650087387
2022-03-15 20:00:00+00:00,-0.011313831146503965,-4.6528532308969215,-0.0788234001910675
2022-03-15 21:00:00+00:00,0.002193559029028001,3.1161011628174857,0.14658173863593868
2022-03-15 22:00:00+00:00,-0.0033561196418291396,-2.4385970087325908,-1.869297580703773
2022-03-15 23:00:00+00:00,-0.0010828338231610132,-1.7420033536912611,-1.3282686138922142
2022-03-16 00:00:00+00:00,-0.002314872510868046,-1.1794165928758986,-1.5397243306750763
2022-03-16 01:00:00+00:00,0.010160911608462908,7.236512142614325,-0.43405964421279053
2022-03-16 02:00:00+00:00,0.016441394494479004,9.228990913601931,-0.6464655408027513
2022-03-16 03:00:00+00:00,-0.023118182584788566,-17.388363428192413,2.930404507233817
2022-03-16 04:00:00+00:00,-0.00019495178798820356,-1.482318038679138,-0.9106902423635235
2022-03-16 05:00:00+00:00,0.003006171514699767,2.589103596132047,0.17775910916356427
2022-03-16 06:00:00+00:00,0.006126876681510812,5.922968011127417,0.46107300554418706
2022-03-16 07:00:00+00:00,8.127790309369262e-05,1.6694929081679826,-1.2062095178804482
2022-03-16 08:00:00+00:00,0.009578491779749562,5.32041808636628,-1.3578067770387825
2022-03-16 09:00:00+00:00,0.0029674057359497332,1.6618328144041703,-0.5312322107076427
2022-03-16 10:00:00+00:00,-0.002918363365059009,-2.727991735579226,0.7411487797946282
2022-03-16 11:00:00+00:00,0.004262270373037711,2.159210680052055,0.03413525010210356
2022-03-16 12:00:00+00:00,-0.005911497454975681,-3.491122082788932,-0.8199594476332195
2022-03-16 13:00:00+00:00,0.005193745304086799,2.397030690846541,-0.7643066450169762
2022-03-16 14:00:00+00:00,0.008229974142112292,5.798249922394593,-0.5264964189130069
2022-03-16 15:00:00+00:00,-0.002242880540957799,-0.028089839717883827,0.8744180990668392
2022-03-16 16:00:00+00:00,-0.004590130317824012,-2.350478037178363,0.3510076685445893
2022-03-16 17:00:00+00:00,0.003376225173659396,1.1463865786511458,-0.40347193357809397
2022-03-16 18:00:00+00:00,-0.008256687804105463,-0.24501041742524715,0.20456587069669546
2022-03-16 19:00:00+00:00,0.02511885238915653,16.281482171380404,0.09964532420402177
2022-03-16 20:00:00+00:00,0.005946545663299481,4.11627177207967,0.20233494359082996
2022-03-16 21:00:00+00:00,-0.001949081311392868,-1.6240787338032658,1.3173058495999266
2022-03-16 22:00:00+00:00,-0.006162772739516695,0.2546852131521008,-0.4816766218518992
2022-03-16 23:00:00+00:00,0.007812208550218589,6.721238415451021,1.297338475422084
2022-03-17 00:00:00+00:00,-0.0020626248030559922,-1.3211153789084833,-0.17848891698462999
2022-03-17 01:00:00+00:00,0.0016439568846818547,1.7623719653810777,0.8903901336623121
2022-03-17 02:00:00+00:00,0.0006202576910451049,-1.7716104602453073,1.0700633570028364
2022-03-17 03:00:00+00:00,-0.002869811408486258,-2.143570257316911,-0.3124094308023715
2022-03-17 04:00:00+00:00,0.002065472766943861,3.841451173040044,0.6826194851012384
2022-03-17 05:00:00+00:00,-0.003854336825853311,-4.34584806757085,-0.30958876370475896
2022-03-17 06:00:00+00:00,-0.002355164928542548,-3.2048463708066697,0.05896462547543086
2022-03-17 07:00:00+00:00,0.0011210193621974114,0.46027582231757636,0.2885179775762029
2022-03-17 08:00:00+00:00,0.004533620174628998,3.332216299758239,0.053741019844093546
2022-03-17 09:00:00+00:00,-0.0006739305907708259,0.34344175082655215,-0.22373077822886914
2022-03-17 10:00:00+00:00,0.0010862324886203628,0.7067156896638417,0.3499998427844199
2022-03-17 11:00:00+00:00,0.001148160937560305,1.536770811569792,-0.726630025980388
2022-03-17 12:00:00+00:00,0.010339714484847905,5.568309808852998,-2.641198966247644
2022-03-17 13:00:00+00:00,0.003881240686862321,1.7537827578326417,0.5534510486687719
2022-03-17 14:00:00+00:00,-0.006844582306973585,-4.628626401706269,-0.38600230042333705
2022-03-17 15:00:00+00:00,-0.0005503925303942257,0.21399715597158425,0.28773342856871653
2022-03-17 16:00:00+00:00,-0.00026869414647098696,0.4036864025436104,0.9368111328379815
2022-03-17 17:00:00+00:00,-0.0003564680147527747,-0.472135630904124,-0.557421569001302
2022-03-17 18:00:00+00:00,0.0007081588577250157,-0.44597532431703546,0.6717165935108129
2022-03-17 19:00:00+00:00,0.0019747644114827922,2.580364450092643,0.009833670848840195
2022-03-17 20:00:00+00:00,-0.004450411125151454,-3.1467583187732795,-0.7886610583261133
2022-03-17 21:00:00+00:00,0.007076341958350013,2.375537164450642,0.22441823177410633
2022-03-17 22:00:00+00:00,-8.2542965308497e-05,0.3499234398256598,-0.16750628293545405
2022-03-17 23:00:00+00:00,-0.0017871822644782514,-2.5566518806554086,-1.0748864212912712
2022-03-18 00:00:00+00:00,-0.01397841533981746,-10.606094834848367,0.55242132365657
2022-03-18 01:00:00+00:00,0.004821669947010698,3.5432976082322627,0.29262313141851215
2022-03-18 02:00:00+00:00,-0.0005519991261305391,-2.2494785955194243,-1.1653446251161361
2022-03-18 03:00:00+00:00,0.00012614796217532648,-1.7373109256608588,1.1389489387175475
2022-03-18 04:00:00+00:00,0.0021250586828864874,2.625726410173577,0.9966745342214557
2022-03-18 05:00:00+00:00,0.003377973103009034,3.764423251244264,0.4560765375174018
2022-03-18 06:00:00+00:00,-0.00024530571077184787,0.11729722482682092,-0.06015308030629401
2022-03-18 07:00:00+00:00,-0.003987627962583873,-3.205590153446283,1.8856551838865585
2022-03-18 08:00:00+00:00,0.0009632352112010392,1.321150049886311,-0.17220391322136763
2022-03-18 09:00:00+00:00,-0.002253832388637386,-2.7294314990577484,-0.5547614625800791
2022-03-18 10:00:00+00:00,-0.0030968571890413366,-1.6611815222856428,0.7039025455919219
2022-03-18 11:00:00+00:00,0.0006249759677261874,0.27333318682234603,-0.9117737755893417
2022-03-18 12:00:00+00:00,0.0013164561554028984,1.0933716334031411,0.8063899731507937
2022-03-18 13:00:00+00:00,0.003632061106032607,3.112319327123957,1.2415839433044116
2022-03-18 14:00:00+00:00,0.00011252952823117074,1.7273162679658731,0.36501122759908666
2022-03-18 15:00:00+00:00,0.00940393869548845,8.183235406663128,-0.6501187455109552
2022-03-18 16:00:00+00:00,0.011188788328137345,9.626682307379712,-1.0009061207297243
2022-03-18 17:00:00+00:00,0.005955396999208734,0.6838277070666698,0.4356718336615901
2022-03-18 18:00:00+00:00,0.0007308547064028958,-0.6712620200374558,0.5628512197960862
2022-03-18 19:00:00+00:00,0.008367164921277887,6.2301418415443095,0.2452774996342042
2022-03-18 20:00:00+00:00,-0.007491641639540087,-4.657809223107536,1.866017133205893
2022-03-18 21:00:00+00:00,0.0017700268627838386,0.8165399315243457,-0.35507052960501734
2022-03-18 22:00:00+00:00,-0.0029000072662007186,-2.9634813243619975,0.9901962160200214
2022-03-18 23:00:00+00:00,0.0012229320934773933,2.792703426517229,-1.3611177481607915
2022-03-19 00:00:00+00:00,0.001719457324498465,6.143903642872983,2.06443459920398
2022-03-19 01:00:00+00:00,-0.0028804337153202925,-2.3528491671813754,1.1816148375271809
2022-03-19 02:00:00+00:00,0.0012629825366721747,0.5046874653160516,-0.18554764607851543
2022-03-19 03:00:00+00:00,0.0006225193108289246,-1.0320822076157883,-0.6015673809323783
2022-03-19 04:00:00+00:00,2.4748077344927163e-05,1.655188441984854,-0.825891489112741
2022-03-19 05:00:00+00:00,-0.0010415477610090276,-1.4678299937171213,0.003106168956075933
2022-03-19 06:00:00+00:00,0.0004761022518804911,1.0561624519788275,-0.19961452906808771
2022-03-19 07:00:00+00:00,-0.0028352121741230963,-2.696918963153945,-0.023450582756052996
2022-03-19 08:00:00+00:00,0.001599016657556114,2.3552018226437643,-0.412374414249231
2022-03-19 09:00:00+00:00,-0.0008361113583054147,0.7892620536298244,-0.6298929464953934
2022-03-19 10:00:00+00:00,0.0003874637314161565,-0.10795267857918454,-0.19857959584460103
2022-03-19 11:00:00+00:00,0.0007185386477754792,3.8235747093906,-1.3308597363924128
2022-03-19 12:00:00+00:00,0.002238195214185836,6.945012387367209,-0.023760813084249266
2022-03-19 13:00:00+00:00,-0.002218766911344067,-5.078987219554323,1.250248434109099
2022-03-19 14:00:00+00:00,0.001738999151712308,8.155353924892617,-3.1146765612259752
2022-03-19 15:00:00+00:00,0.0024321676134623476,0.6565894636719284,0.7247005284391134
2022-03-19 16:00:00+00:00,0.0008088448153561181,2.3928311423443382,-0.16372398917213626
2022-03-19 17:00:00+00:00,-0.0017440786340747842,-2.7078252964290708,-1.5897786712295305
2022-03-19 18:00:00+00:00,0.0028949125760572973,0.3244593827979057,1.5857249025822975
2022-03-19 19:00:00+00:00,0.0007089688468902407,-2.7052984436959666,0.8170724652307462
2022-03-19 20:00:00+00:00,0.003488032428563346,1.3401142923885407,0.6048239660360207
2022-03-19 21:00:00+00:00,0.001100717693284392,-0.963128501774938,-0.04160917963080224
2022-03-19 22:00:00+00:00,0.004843347190769173,-3.863736979853837,-1.407412232152655
2022-03-19 23:00:00+00:00,-0.005025873228609615,3.330989103216817,1.0919534725823035
2022-03-20 00:00:00+00:00,0.004041521505196695,-4.399732044759892,0.5226738297551433
2022-03-20 01:00:00+00:00,0.003643748938598883,-0.601557506410968,-0.8707697398794825
2022-03-20 02:00:00+00:00,0.0031717014720352645,-2.2392914458693154,1.2325621726587168
2022-03-20 03:00:00+00:00,-0.004908213963462902,1.7604997238717406,-1.004909855129008
2022-03-20 04:00:00+00:00,0.004520638841835127,-1.3092177688950024,-0.6268375352435794
2022-03-20 05:00:00+00:00,-0.003885271778281792,2.432181818996569,-0.13278599807938485
2022-03-20 06:00:00+00:00,0.0021992043768568723,-0.5923016937348233,-0.06752443485615306
2022-03-20 07:00:00+00:00,-0.00041653324379847253,-0.4908251279817329,0.11494891145825753
2022-03-20 08:00:00+00:00,-4.367774501534249e-05,-0.7099752403329689,0.6316029529659548
2022-03-20 09:00:00+00:00,0.002885749468812815,-5.076469742601369,0.4338421755357321
2022-03-20 10:00:00+00:00,0.0019522483459808878,0.06100823888278409,0.03819626635066015
2022-03-20 11:00:00+00:00,0.009909733410171059,-5.056026130111346,0.6264103922393573
2022-03-20 12:00:00+00:00,-0.0016495435189133442,-0.7267667332131461,0.31666414771024587
2022-03-20 13:00:00+00:00,0.005953604086119368,-1.227147528783309,-0.42832124594612164
2022-03-20 14:00:00+00:00,0.0037024710672917574,-1.1767033536570668,-0.22328123431436936
2022-03-20 15:00:00+00:00,0.0029754356332186488,-2.1809383740603647,0.20322441780183728
2022-03-20 16:00:00+00:00,0.002225880747219251,-0.594053525664027,1.0788007539114228
2022-03-20 17:00:00+00:00,0.0058421207064820934,-6.601716105540511,0.5851718791046773
2022-03-20 18:00:00+00:00,-0.005050198849925083,4.006480146945097,-0.05933717231657179
2022-03-20 19:00:00+00:00,-0.008674222826968423,5.194384589663811,0.12251677004238533
2022-03-20 20:00:00+00:00,0.00026826258227599534,-2.599174301699977,0.2984066873695935
2022-03-20 21:00:00+00:00,-0.0015817773251987405,3.086774979656368,-0.05613112208072831
2022-03-20 22:00:00+00:00,0.0011821387783402183,1.633987560138491,0.07959029008473001
2022-03-20 23:00:00+00:00,0.003990985419131249,-3.961776727374423,0.23584532557352667
2022-03-21 00:00:00+00:00,-0.002547637223460939,1.7789198807068682,1.8005563367702742
2022-03-21 01:00:00+00:00,0.0009371541234308418,-3.343533908151152,1.039467614978694
2022-03-21 02:00:00+00:00,0.006074885027076843,-5.906544650432145,-1.5951661280893497
2022-03-21 03:00:00+00:00,0.0003327872087505493,2.1985921409978615,-0.412097129694012
2022-03-21 04:00:00+00:00,-0.00046503847461229345,1.154720460096064,-0.6678534308428208
2022-03-21 05:00:00+00:00,-0.006811691392008322,4.5932360504546335,0.05134571014194676
2022-03-21 06:00:00+00:00,0.002794721969551842,-0.7548585352049333,-0.1804550470351503
2022-03-21 07:00:00+00:00,-0.008446434526068457,6.359251619378874,-0.18997562142199198
2022-03-21 08:00:00+00:00,0.0023269723709018774,-0.6942663902224074,-0.14461912804134688
2022-03-21 09:00:00+00:00,-0.008756984180497704,5.44357676285795,0.6537967551937802
2022-03-21 10:00:00+00:00,0.0005694711617413604,0.05783063264893531,0.20010126033399545
2022-03-21 11:00:00+00:00,0.001344270221388713,-1.4756463892182268,-0.19912062296924507
2022-03-21 12:00:00+00:00,-0.0021645780719127053,-0.9824122118684083,0.19846334997629775
2022-03-21 13:00:00+00:00,-5.5130141986637524e-05,-0.336809106580504,0.24866476515805785
2022-03-21 14:00:00+00:00,-0.0024139153848034035,-1.2292035285925722,-1.0395265809367529
2022-03-21 15:00:00+00:00,-0.009065433166077705,3.6364436222733576,-0.1528196447732964
2022-03-21 16:00:00+00:00,0.01683892609983903,-9.115360573248699,2.1952324181115532
2022-03-21 17:00:00+00:00,-0.004803540087385739,5.0535902414229605,0.7512189212951196
2022-03-21 18:00:00+00:00,0.005414214219507392,-2.8118844721393907,-0.5784361523650958
2022-03-21 19:00:00+00:00,-0.004355573357300765,3.1589671908944745,0.11805914634838341
2022-03-21 20:00:00+00:00,0.0030500220118395253,-1.737806586668333,0.12740643368039575
2022-03-21 21:00:00+00:00,-0.004111278577171799,2.9249091456046514,0.30389498419811556
2022-03-21 22:00:00+00:00,0.004508812458218075,-1.7551830178025034,0.7389808708906885
2022-03-21 23:00:00+00:00,0.006536781598105272,-1.4503114109977187,-0.11960227974327425
2022-03-22 00:00:00+00:00,-0.004971865898340207,3.191047136890922,-0.5525815176558639
2022-03-22 01:00:00+00:00,0.0018794805984444015,0.18090499267274457,1.2855288642367286
2022-03-22 02:00:00+00:00,-0.02270814592287116,10.67106403706536,2.5016041450921778
2022-03-22 03:00:00+00:00,-0.015124625709695723,6.477587024900687,1.2483943298122315
2022-03-22 04:00:00+00:00,-0.006453645482011731,7.697328365503619,0.3484536281875707
2022-03-22 05:00:00+00:00,0.004826314066565043,-1.2987352114634745,-0.11849270998303817
2022-03-22 06:00:00+00:00,0.009439211246413266,-8.068720151993631,0.7049007362496312
2022-03-22 07:00:00+00:00,-0.002914219109000678,2.7588598371015736,-0.024529699770029417
2022-03-22 08:00:00+00:00,-0.006874635240548992,4.861429798698739,-0.9383114025189787
2022-03-22 09:00:00+00:00,0.0026457919375116414,-0.5611045497367777,-0.5122098994262471
2022-03-22 10:00:00+00:00,-0.004577792055569402,3.5892240800329525,-0.9855082913050464
2022-03-22 11:00:00+00:00,-0.00020818340563239824,1.5179138152911176,0.8173972530286443
2022-03-22 12:00:00+00:00,0.00344727356576762,-3.472378744017475,-0.5354074765950996
2022-03-22 13:00:00+00:00,0.0022688656353936987,-0.22984539624685127,1.5196462056995954
2022-03-22 14:00:00+00:00,-0.0016775888139256604,0.8179400279994512,0.4768380338969891
2022-03-22 15:00:00+00:00,0.0020248445687502115,-3.5010418492782467,-0.5581702536125721
2022-03-22 16:00:00+00:00,0.001254118047015729,0.4535579249403718,-1.0681189757576304
2022-03-22 17:00:00+00:00,-0.0024004674142624146,2.68952963813535,-0.006470697051507046
2022-03-22 18:00:00+00:00,0.0017659030223542776,-1.9824960395557796,0.2670259214314873
2022-03-22 19:00:00+00:00,0.005016866050355373,-5.1635468085499205,-0.16807235613217425
2022-03-22 20:00:00+00:00,-0.0054579015687419435,4.8687064133629905,0.07571968444009428
2022-03-22 21:00:00+00:00,-0.004633294737417213,3.725964351475819,-0.6918276874371069
2022-03-22 22:00:00+00:00,0.005073186762020476,-4.049049318067247,-0.5428848065165981
2022-03-22 23:00:00+00:00,0.009408683480068111,-3.3750403327769454,0.4086045288414397
2022-03-23 00:00:00+00:00,-0.0016401853866792842,2.110966469795581,-0.36594234627270406
2022-03-23 01:00:00+00:00,0.004864416289996529,-4.075244017403397,1.0307153520745163
2022-03-23 02:00:00+00:00,-0.005618898313611203,2.056066035378373,1.865112602736165
2022-03-23 03:00:00+00:00,0.009461911706094374,-5.938623237044076,-0.26184446164103947
2022-03-23 04:00:00+00:00,0.0029271216643488246,-0.48405008880165223,-1.726877110498681
2022-03-23 05:00:00+00:00,-0.0033145438805882205,3.301663768043811,-0.9743742384831089
2022-03-23 06:00:00+00:00,-0.0024715117120248176,2.4327945389016845,0.37052240141233195
2022-03-23 07:00:00+00:00,0.002372940736377667,-2.0770546771538765,0.5757432686987513
2022-03-23 08:00:00+00:00,-0.0023900489129054297,1.2977093397597983,0.8748685693482692
2022-03-23 09:00:00+00:00,0.00018443838766912986,-1.108768965735168,-0.2520167058965351
2022-03-23 10:00:00+00:00,-0.0014621568816251028,2.1256573848114027,-0.6204830510850278
2022-03-23 11:00:00+00:00,0.003711005464653229,-1.408358035283827,-0.1755787529235336
2022-03-23 12:00:00+00:00,-0.004379809137133542,5.154170182798695,0.41981055025968705
2022-03-23 13:00:00+00:00,0.003236046792194014,-2.339239327664772,-0.4331112970998735
2022-03-23 14:00:00+00:00,-0.015793392182330383,9.427816550744973,0.1536468506129327
2022-03-23 15:00:00+00:00,-0.008971164332112976,6.454336748797448,-1.9941505433626179
2022-03-23 16:00:00+00:00,0.005727668985694244,0.0023133007280961015,-0.7136735816541961
2022-03-23 17:00:00+00:00,0.016941371447662487,-8.291187633348075,0.17531173675133216
2022-03-23 18:00:00+00:00,0.003334811219877208,-2.936675753215171,0.42783989714307213
2022-03-23 19:00:00+00:00,-0.0028686592963725254,2.689414745338596,-0.38666459030360034
2022-03-23 20:00:00+00:00,-0.006564865769475245,3.6268803467475803,-0.668234003954072
2022-03-23 21:00:00+00:00,0.0053729486056724,0.6815842493011504,0.44983750345860285
2022-03-23 22:00:00+00:00,0.0021918941635724705,3.2410665519590243,-0.8284972017350791
2022-03-23 23:00:00+00:00,0.01059423031815206,4.4922428293098156,0.11606442338706702
2022-03-24 00:00:00+00:00,0.0040159961650625365,7.77821818673451,-3.837857167389158
2022-03-24 01:00:00+00:00,-0.007093697627510389,-5.230138805302562,0.10911788019677915
2022-03-24 02:00:00+00:00,0.0017775816375582593,2.9270315087696277,-0.8816768875729746
2022-03-24 03:00:00+00:00,-0.0050409166329085245,-4.933590183054926,-1.6707634043624586
2022-03-24 04:00:00+00:00,0.0032234869661931466,4.0286728945801125,-0.0905837597131398
2022-03-24 05:00:00+00:00,0.007056360403822556,3.530278211103579,-1.6562158807223144
2022-03-24 06:00:00+00:00,0.002807942499010328,1.7105070765396566,-0.9442398866304577
2022-03-24 07:00:00+00:00,-0.006414497015531844,-0.730672065649933,0.520916449494274
2022-03-24 08:00:00+00:00,0.0037123973581624577,2.3006850911169523,0.04106162342328925
2022-03-24 09:00:00+00:00,-0.00014611403460257252,-0.6801755896042012,1.2673689748241086
2022-03-24 10:00:00+00:00,0.0018407732761163277,2.2041404406245615,1.2293191962285468
2022-03-24 11:00:00+00:00,-0.001575079839360766,-0.9159514436373575,-0.025301012129999953
2022-03-24 12:00:00+00:00,-0.011647602238739601,-6.611513909826176,-0.6988183371800136
2022-03-24 13:00:00+00:00,0.005104264491669632,4.157099521773861,0.6645671083995843
2022-03-24 14:00:00+00:00,0.016381221079183862,8.964142661093225,-0.30508876821361347
2022-03-24 15:00:00+00:00,0.011872394757035448,4.80247953214875,-1.8041054559805896
2022-03-24 16:00:00+00:00,-0.0013207360544170964,1.6703128209686295,-0.11208787843514004
2022-03-24 17:00:00+00:00,-0.004108920367759351,-4.793856704161878,-0.27154525236096405
2022-03-24 18:00:00+00:00,0.003042964392730284,3.165167285928079,0.31562180230386316
2022-03-24 19:00:00+00:00,5.5017627212169245e-05,0.6610787800794673,0.024237531302155363
2022-03-24 20:00:00+00:00,-0.0013493129014814711,-0.5985422020957772,0.09481359037934639
2022-03-24 21:00:00+00:00,0.0010434162008068233,2.298872787094579,0.00959660787403066
2022-03-24 22:00:00+00:00,0.0002661530789045239,-0.6490628593883745,1.5174444528470679
2022-03-24 23:00:00+00:00,-1.3236407902436884e-05,2.3464540915373444,0.9897497112039364
2022-03-25 00:00:00+00:00,-0.0027548060572754815,-3.8407492155167704,-0.9331623807092629
2022-03-25 01:00:00+00:00,0.005625252162692914,4.202334339221353,0.39274902277776436
2022-03-25 02:00:00+00:00,0.000352904469713741,-2.032356093960501,0.00889317968179465
2022-03-25 03:00:00+00:00,0.004372467633762173,0.6618173611049454,-0.07331734374328386
2022-03-25 04:00:00+00:00,0.002111413837656225,4.103572338618517,-0.028736805131721582
2022-03-25 05:00:00+00:00,-0.0056422972168188625,-0.8204862946825728,0.4640867295091066
2022-03-25 06:00:00+00:00,0.005297563776843985,-0.3752002758407798,-0.20104760359594634
2022-03-25 07:00:00+00:00,-0.003971075450493559,-4.282790811562679,-0.2895828234450517
2022-03-25 08:00:00+00:00,-0.0018285761690969582,-0.3172823389352806,0.9900265291718546
2022-03-25 09:00:00+00:00,0.00315930833865419,3.690600972222274,-0.25990341637253994
2022-03-25 10:00:00+00:00,0.0033644070510068184,2.6726248950758476,-1.6210198036432253
2022-03-25 11:00:00+00:00,0.005888314004433349,4.987681506667618,0.6140601339412228
2022-03-25 12:00:00+00:00,0.005042677862005419,1.6591060624370764,0.35181999459668245
2022-03-25 13:00:00+00:00,-0.0020854438346633343,1.8139037964563203,3.3002003417066033
2022-03-25 14:00:00+00:00,-0.0005192407051975167,-2.132880167282845,2.402432637130242
2022-03-25 15:00:00+00:00,-0.015369804258268376,-13.309570997155594,-0.6761442019586541
2022-03-25 16:00:00+00:00,-0.007799928578835464,-7.670851256842383,-1.0235445011988469
2022-03-25 17:00:00+00:00,0.0022533081236532056,-1.6146189478543653,0.5691822968641619
2022-03-25 18:00:00+00:00,0.005963745990863783,5.718134830046665,-1.810228065469146
2022-03-25 19:00:00+00:00,-0.0022629875448419794,-1.506609992036856,-0.8931488602590121
2022-03-25 20:00:00+00:00,0.0028131816702027224,2.684961554390238,0.5822098357762658
2022-03-25 21:00:00+00:00,-0.0008986464697381463,-0.5056368145680517,-0.23018664339356099
2022-03-25 22:00:00+00:00,-0.007045173484955663,-5.646892155957976,1.0278809621685574
2022-03-25 23:00:00+00:00,0.0011112565051633898,1.9061006872363149,0.02781868906671159
2022-03-26 00:00:00+00:00,-0.0030305505682768456,-4.465160437586495,-4.533688795258083
2022-03-26 01:00:00+00:00,0.005054788182245268,2.426179913114285,1.0831469305418582
2022-03-26 02:00:00+00:00,-0.0017236473609223552,-0.8014997108819336,-0.4926421943169968
2022-03-26 03:00:00+00:00,0.0018957604938782235,3.0576868879491634,-0.1603412882893814
2022-03-26 04:00:00+00:00,0.0013237479482896912,1.8796806443646166,-0.32798006481367403
2022-03-26 05:00:00+00:00,0.004059907940711022,3.008530843968721,0.18145999364487667
2022-03-26 06:00:00+00:00,-0.0015910886109108716,0.4484036095383762,0.8528017974075097
2022-03-26 07:00:00+00:00,0.004075842734481476,2.387338088605712,-0.09912235578778292
2022-03-26 08:00:00+00:00,-0.0010240799172782811,-0.46141618755248187,-0.4274213494328215
2022-03-26 09:00:00+00:00,-0.0007065346386546782,-0.4532520928198322,0.32708555631618336
2022-03-26 10:00:00+00:00,-0.001334128708901178,-0.3379865971589882,0.7389322337096722
2022-03-26 11:00:00+00:00,-0.00024336807264812275,-1.1020933300713567,1.2292550605252088
2022-03-26 12:00:00+00:00,0.0006792828204280309,-1.7056342209304853,0.017929655568948412
2022-03-26 13:00:00+00:00,-0.0033704918286575473,-2.677002269302092,-0.22339160311286527
2022-03-26 14:00:00+00:00,0.00019207741156091723,0.5268290353786713,0.01633646655938315
2022-03-26 15:00:00+00:00,0.0010842636890873677,1.0050396936890198,-0.6171043834459212
2022-03-26 16:00:00+00:00,-0.00188023153908159,2.861051127318848,0.17541021918900196
2022-03-26 17:00:00+00:00,-0.0018850173505409393,-0.004313141444968159,-0.322062004114135
2022-03-26 18:00:00+00:00,-0.0010490297110601105,0.5357096732820018,0.2349127253749766
2022-03-26 19:00:00+00:00,0.0014331547839366984,-0.5630810283824879,0.25408594641634075
2022-03-26 20:00:00+00:00,-0.0036852720943684526,1.6365010263525352,-0.5184709777197144
2022-03-26 21:00:00+00:00,0.002428109014907917,-0.5023523673184527,0.4597715037283537
2022-03-26 22:00:00+00:00,0.0014232653343402254,-0.7139922181369766,0.3014358491925541
2022-03-26 23:00:00+00:00,-0.0028712863614471086,3.4896362926799473,-0.6961966058364966
2022-03-27 00:00:00+00:00,-0.0039379633551966334,3.371155105518015,-0.5580578482263839
2022-03-27 01:00:00+00:00,-0.00044366713891096256,1.0514478678947448,0.17581522218588427
2022-03-27 02:00:00+00:00,0.0008009395745581289,-0.36492109130721917,0.43389792075960926
2022-03-27 03:00:00+00:00,-0.000661538465736757,-0.9332036796936893,-0.49963674639432165
2022-03-27 04:00:00+00:00,0.0029851107799810693,,
2022-03-27 05:00:00+00:00,-0.001372606778487524,,
2022-03-27 06:00:00+00:00,-0.0002425324801751969,,
2022-03-27 07:00:00+00:00,-0.0015475625762776714,,
2022-03-27 08:00:00+00:00,0.0024759788717609583,,
2022-03-27 09:00:00+00:00,0.0013757963416702271,,
2022-03-27 10:00:00+00:00,0.00042746446991894226,,
2022-03-27 11:00:00+00:00,-0.00023566550069021788,,
2022-03-27 12:00:00+00:00,-0.0061318841176825085,,
2022-03-27 13:00:00+00:00,0.005751865579272111,6.1977448957398025,0.03625126977700071
2022-03-27 14:00:00+00:00,0.0006104342160228766,1.670910421837356,-2.064760568541537
2022-03-27 15:00:00+00:00,0.007578372363819258,6.285066851016545,1.608535520148391
2022-03-27 16:00:00+00:00,0.0033243298404152842,3.2250936507781924,0.10042832140215759
2022-03-27 17:00:00+00:00,-0.0003806785247025062,-0.2105486345054026,-0.15019834724413914
2022-03-27 18:00:00+00:00,-0.0003518149334806831,-0.45857237837440734,-1.011006185142138
2022-03-27 19:00:00+00:00,-0.0011643994511888927,1.6023836617360265,-0.3647436338689191
2022-03-27 20:00:00+00:00,0.019739183646105385,12.123500436948515,0.14357155799093563
2022-03-27 21:00:00+00:00,0.012147544627345538,7.224346767468496,0.4329517744256915
2022-03-27 22:00:00+00:00,-0.0022992018943455484,-0.05549277269731708,0.565187866721067
2022-03-27 23:00:00+00:00,0.007665630342748149,6.766427236008365,0.6879614998124638
2022-03-28 00:00:00+00:00,-0.0010365668485376638,-0.7742874482185202,0.6984258019552675
2022-03-28 01:00:00+00:00,-0.00010261785704759791,-1.2531218149467258,0.5818227119051335
2022-03-28 02:00:00+00:00,0.002850471288352314,4.059829909530819,0.5249090534716672
2022-03-28 03:00:00+00:00,0.0034862955418681293,4.0811040321397085,-0.6377200484066797
2022-03-28 04:00:00+00:00,0.0015863684625221865,0.16331668059105003,0.08225320229984792
2022-03-28 05:00:00+00:00,0.001838371674147951,6.745074998139461,-0.806294302572136
2022-03-28 06:00:00+00:00,-0.001300616920378734,-5.857243418342878,0.5680249855439945
2022-03-28 07:00:00+00:00,4.7963189002775786e-05,2.424071510002167,-1.1115779283684348
2022-03-28 08:00:00+00:00,0.0008067858611415071,-0.0054071561310955335,0.3470171592025511
2022-03-28 09:00:00+00:00,0.004596650111740819,3.1816550974372526,-0.6311243119338188
2022-03-28 10:00:00+00:00,0.0037412104927031643,2.3056536844747773,-0.8150777572378324
2022-03-28 11:00:00+00:00,-0.0011214595220876181,0.020633689745911805,0.4094621345888386
2022-03-28 12:00:00+00:00,-0.0025253323987747835,-0.8230281741867521,1.4415752483434554
2022-03-28 13:00:00+00:00,0.012297587555800947,10.289716584161859,3.6346460615145437
2022-03-28 14:00:00+00:00,0.0034132781835354703,2.0143934994042945,1.6367025866901561
2022-03-28 15:00:00+00:00,-0.009834101496493792,-9.24049770684609,-0.11374749053506132
2022-03-28 16:00:00+00:00,0.0012011167949953394,2.0586452945615092,0.5379416396466409
2022-03-28 17:00:00+00:00,0.007780040889538957,3.405492875176238,0.3029180298301602
2022-03-28 18:00:00+00:00,0.008627636490417737,6.781679045715722,1.12472791811807
2022-03-28 19:00:00+00:00,-0.0018644950131264245,-4.434925091081507,-0.338474744872208
2022-03-28 20:00:00+00:00,0.0017913758303862608,1.874282493340647,0.23422556984642118
2022-03-28 21:00:00+00:00,-0.010389320355142508,-12.513241696964261,1.622964412309016
2022-03-28 22:00:00+00:00,-0.002791954619738695,-4.098138298117429,1.4952838959040988
2022-03-28 23:00:00+00:00,0.011225389001612284,-15.848584200830157,1.618777987590566
2022-03-29 00:00:00+00:00,-0.010485850433370653,10.135704774127406,3.420324452312143
2022-03-29 01:00:00+00:00,-0.0034744964984248874,6.549873360442579,-1.2645963253563182
2022-03-29 02:00:00+00:00,0.0028695191284247245,-3.5223130843216524,0.9988052113564345
2022-03-29 03:00:00+00:00,0.0015287130026579896,-0.8597428437199103,-0.1357884035010871
2022-03-29 04:00:00+00:00,-0.005622705987689676,7.625417580493347,-0.15312196742999937
2022-03-29 05:00:00+00:00,-0.0011056810902232033,4.002909276763119,0.2794725662176705
2022-03-29 06:00:00+00:00,0.0012044608954385081,-0.910500379910329,-0.8824347525094095
2022-03-29 07:00:00+00:00,0.004733848239208446,-5.030977871640344,-0.11912735654359938
2022-03-29 08:00:00+00:00,-0.004291613900475158,5.3583121798069255,2.785705299243672
2022-03-29 09:00:00+00:00,-0.0011523805540047231,-0.28529768705940106,0.10050331695078113
2022-03-29 10:00:00+00:00,-0.0004797666375940104,1.2419034561387061,0.15596246808481962
2022-03-29 11:00:00+00:00,-0.006287465091124893,5.36977852613167,-0.7330589945659081
2022-03-29 12:00:00+00:00,0.00100276067118957,4.12476278731247,-2.5278176042906284
2022-03-29 13:00:00+00:00,0.0033087473929130414,-3.9351601852929745,0.4410471352379527
2022-03-29 14:00:00+00:00,-0.0009754023096410167,3.086714102208123,-0.4134664565304283
2022-03-29 15:00:00+00:00,0.01188908499624926,-13.70948029715775,0.2637646633164411
2022-03-29 16:00:00+00:00,-0.004919986486053154,1.7608286942102467,0.41339160070523057
2022-03-29 17:00:00+00:00,0.00538810669824032,-2.1652869743394314,-0.40497865562056995
2022-03-29 18:00:00+00:00,-0.0032072389479649048,0.9686889991463706,0.9209559296222911
2022-03-29 19:00:00+00:00,-0.004543545500668929,2.845072523502515,0.4817562020271973
2022-03-29 20:00:00+00:00,0.009145798374744432,-4.227146307997268,-1.5073312679812734
2022-03-29 21:00:00+00:00,0.006198212659642336,-5.57120535039703,0.357487287760809
2022-03-29 22:00:00+00:00,-0.003275825977423281,1.1942884348145975,0.7894017464516876
2022-03-29 23:00:00+00:00,-0.0037156617448239446,5.748847517469235,-0.04935106790423019
2022-03-30 00:00:00+00:00,0.006613966628070931,-3.9619633927060645,0.980674435268798
2022-03-30 01:00:00+00:00,0.0052259026266025825,-11.643443265728772,4.3502626948357195
2022-03-30 02:00:00+00:00,-0.006095169462161197,7.098300607816711,-0.7697113398903276
2022-03-30 03:00:00+00:00,-0.003387252452084996,4.958481781296572,-0.29880894268348324
2022-03-30 04:00:00+00:00,0.0031726173517184755,-1.6588412016851386,-1.3985614539810838
2022-03-30 05:00:00+00:00,-0.00923326751353105,6.249285922524422,1.390632322310666
2022-03-30 06:00:00+00:00,0.0004369934278874795,1.328729048749028,-1.3065791186328606
2022-03-30 07:00:00+00:00,0.00012415096307710362,3.080528900984109,-2.3148341436074995
2022-03-30 08:00:00+00:00,0.001712426264012106,1.589443669597993,-1.1947021000020626
2022-03-30 09:00:00+00:00,0.004826053165533236,-3.761337486437147,-0.2885153924380608
2022-03-30 10:00:00+00:00,-0.0031405547443535534,2.838494570674214,-0.3651631453715398
2022-03-30 11:00:00+00:00,-0.0027830091960036256,1.5001608281453989,0.7508603775344237
2022-03-30 12:00:00+00:00,0.002618972776594691,1.08904861563815,1.2296545503894563
2022-03-30 13:00:00+00:00,0.00829881213143055,-8.276848179900346,0.20568354710532805
2022-03-30 14:00:00+00:00,-0.001056535526027886,2.9404836281295745,-0.7111710136582056
2022-03-30 15:00:00+00:00,-0.00232083826502904,4.587441040165847,0.9404156061675026
2022-03-30 16:00:00+00:00,-0.0038435481048174204,5.835918902688476,0.016981892820635947
2022-03-30 17:00:00+00:00,-0.010559679697925388,6.361217480430604,0.3873618261468972
2022-03-30 18:00:00+00:00,0.010754847612382733,-8.40962301273864,-0.43391217976087826
2022-03-30 19:00:00+00:00,0.0005755197124257149,-1.5827160765631838,0.08712971244343962
2022-03-30 20:00:00+00:00,-0.004932267612008644,3.034120477138143,-0.040005615273453254
2022-03-30 21:00:00+00:00,0.006490407388933787,-4.922497905086756,0.31439049316256024
2022-03-30 22:00:00+00:00,0.00021630653259229458,0.2847912828544941,-0.01987902768106644
2022-03-30 23:00:00+00:00,0.0006745022701744467,0.7865032847603508,0.027325434523671345
2022-03-31 00:00:00+00:00,-0.003654307544775133,5.690057681320322,0.017428994594581942
2022-03-31 01:00:00+00:00,-0.0066067538869982794,7.486414359415378,0.5957955633006117
2022-03-31 02:00:00+00:00,0.005685804446058956,-0.5450669336816064,-4.755992076398619
2022-03-31 03:00:00+00:00,0.0022054297566618205,-3.8973180765941886,1.482575964926933
2022-03-31 04:00:00+00:00,0.0019160997917044462,-2.491895719476162,-0.28988790795752345
2022-03-31 05:00:00+00:00,-0.0012500029878474333,3.4235264982886626,-0.24956841109018443
2022-03-31 06:00:00+00:00,-0.0019338108283000553,1.2642031922879484,0.13210737824872448
2022-03-31 07:00:00+00:00,-0.0014771896340265277,1.8507668743260306,-1.568070601001724
2022-03-31 08:00:00+00:00,-0.0005205871354370599,2.3171957630088302,0.2106142515208649
2022-03-31 09:00:00+00:00,-0.0034857663982991952,1.437217428353535,-0.21899077957576926
2022-03-31 10:00:00+00:00,-0.0002397313459409868,1.7720090848759782,1.325660558592681
2022-03-31 11:00:00+00:00,0.001618965057199577,-3.3118229494113147,0.1822826956736313
2022-03-31 12:00:00+00:00,-0.006019626991240611,3.0614888148700925,1.2536201572489045
2022-03-31 13:00:00+00:00,0.012851266512096856,-11.505312552335518,0.5834078651510822
2022-03-31 14:00:00+00:00,-0.003329431832214357,-6.535924009105096,2.8673063260024327
2022-03-31 15:00:00+00:00,0.009717704549932206,-6.84376630046378,-1.3277119802557218
2022-03-31 16:00:00+00:00,0.02254239666173904,-15.747476181793703,0.02126970311770593
2022-03-31 17:00:00+00:00,-0.006734182745594027,6.01957782903053,-0.3103440119854076
2022-03-31 18:00:00+00:00,-0.0033606349139639197,2.986194854326688,-0.962139966538622
2022-03-31 19:00:00+00:00,0.007684147913274876,-5.258672775013922,-0.6586987858487247
2022-03-31 20:00:00+00:00,-0.004710214273111759,3.9541062079861877,0.48032282008027466
2022-03-31 21:00:00+00:00,0.0031534783218196178,-0.2788032276648294,-0.4604078190002678
2022-03-31 22:00:00+00:00,-0.0010557129862427432,1.76640550131904,0.6597622245871859
2022-03-31 23:00:00+00:00,0.002018265941871467,-4.5212250297050804,0.5693278281841617
2022-04-01 00:00:00+00:00,-0.005069847783561978,5.0651689254410055,-1.2540659740371238
2022-04-01 01:00:00+00:00,0.01157241842396323,-11.462603341033862,2.828327456421024
2022-04-01 02:00:00+00:00,0.010026094870944741,-13.653636326647055,0.3206159948983841
2022-04-01 03:00:00+00:00,-0.0074031278431127626,7.218128082315157,1.02032210053458
2022-04-01 04:00:00+00:00,0.0017862261691434888,2.0285748917340993,-0.22070505327440806
2022-04-01 05:00:00+00:00,0.005420446188959458,-0.6265239924857126,-0.5684755908973917
2022-04-01 06:00:00+00:00,-0.009526837988258966,4.839067524152112,0.5498240760377454
2022-04-01 07:00:00+00:00,-0.009419601738781693,6.091364345928621,0.26906949396588675
2022-04-01 08:00:00+00:00,0.0017488088480623163,-0.4535128260927823,1.4983010694848902
2022-04-01 09:00:00+00:00,0.002808688475369929,-2.8419424387435286,-0.6180418062904091
2022-04-01 10:00:00+00:00,-0.0026661481739006184,3.2407053933626626,-0.7525922236097051
2022-04-01 11:00:00+00:00,0.005364649053906312,-3.249525602717053,0.182106614439892
2022-04-01 12:00:00+00:00,-0.003431035827261521,3.212665168522517,-0.18693383600031566
2022-04-01 13:00:00+00:00,-0.006394352893533551,5.171844284179091,-0.0720134508220758
2022-04-01 14:00:00+00:00,-0.014649922672440464,12.957266601836524,0.8377442229087912
2022-04-01 15:00:00+00:00,-0.0018093842154106251,0.635200250760296,-0.34826158978723953
2022-04-01 16:00:00+00:00,-0.0040902414244491,-3.132970186415818,0.012605605368277442
2022-04-01 17:00:00+00:00,-0.007802873128923703,8.973034885428813,0.011346458058965642
2022-04-01 18:00:00+00:00,-0.00013924230524699907,0.002156685243926204,-0.03691813686603777
2022-04-01 19:00:00+00:00,-0.0017712595426607732,1.3160736360164298,0.016410375754391856
2022-04-01 20:00:00+00:00,0.005616565347789565,-4.823094497037726,-0.6721655892408301
2022-04-01 21:00:00+00:00,-0.002874471277524596,2.4933796517583264,1.4278666311075918
2022-04-01 22:00:00+00:00,0.0003719713097535954,-0.8942686872398642,0.08145724613874451
2022-04-01 23:00:00+00:00,-0.0009186789975880001,-0.7949725264379331,-0.19178920996951937
2022-04-02 00:00:00+00:00,-0.007490557482584971,10.487970746853513,-2.22122346489955
2022-04-02 01:00:00+00:00,0.00034228676237793625,-0.9666392654384278,-1.3015514421435959
2022-04-02 02:00:00+00:00,0.006359973497674294,-2.385801205547915,-0.1392943561750404
2022-04-02 03:00:00+00:00,0.0012042208424121147,0.7305178248762266,0.1256725337673097
2022-04-02 04:00:00+00:00,-6.959823506734839e-05,0.927350869289058,-0.037933493832796275
2022-04-02 05:00:00+00:00,-0.0035151268354242622,1.3900963164726403,1.1706993608356473
2022-04-02 06:00:00+00:00,-0.0040758070182491625,2.1832717066686143,-0.3921851995732726
2022-04-02 07:00:00+00:00,0.0005497960523753191,-0.517818297630741,0.10966676708287437
2022-04-02 08:00:00+00:00,0.00035218655709692354,0.5498707710374542,0.4573930971402973
2022-04-02 09:00:00+00:00,-0.00017160534642587282,2.3359857272994478,0.06004079116265392
2022-04-02 10:00:00+00:00,-0.0020173606809837214,-0.047104793825347914,1.1898862388779532
2022-04-02 11:00:00+00:00,0.0017339370270201887,-2.126193625500556,-0.12724530466668507
2022-04-02 12:00:00+00:00,-0.0035529854347277267,1.8336904120544515,0.7937435305587408
2022-04-02 13:00:00+00:00,-0.0033658286641905203,-0.4762173651611564,2.2020007541292
2022-04-02 14:00:00+00:00,0.0054365023842018675,-3.695599189953789,0.39872749341877134
2022-04-02 15:00:00+00:00,0.011856443088615436,-8.793879993343937,-0.7461978703673977
2022-04-02 16:00:00+00:00,-0.0053111908832313365,3.723407298207658,0.32000167041231276
2022-04-02 17:00:00+00:00,0.0011484648502578158,0.4327455905569424,0.261572605726252
2022-04-02 18:00:00+00:00,0.015105759884034826,-8.922800585803873,-0.7038701586362549
2022-04-02 19:00:00+00:00,-0.006717088028955599,4.294879295517956,0.15212266697620208
2022-04-02 20:00:00+00:00,-0.0019176367543069478,3.0318140531978512,0.1665699988801763
2022-04-02 21:00:00+00:00,0.00046396710272826586,0.9697455983014946,-0.2505625941582424
2022-04-02 22:00:00+00:00,0.005321359749108918,-2.2805024487738295,-1.3254131326866987
2022-04-02 23:00:00+00:00,0.009932813251296682,-6.779391652328752,-0.8073789353592343
2022-04-03 00:00:00+00:00,-0.00698876821263949,4.924055379912399,0.4408530809738107
2022-04-03 01:00:00+00:00,0.009482531814795005,-5.42125113888615,0.9884367949090884
2022-04-03 02:00:00+00:00,-0.0006346692828819777,-0.8868334230108043,0.9401828015657897
2022-04-03 03:00:00+00:00,-0.010135399492101106,5.921367955181332,-0.580593788970679
2022-04-03 04:00:00+00:00,-0.010444990835317806,5.749310804494108,0.6935127870058676
2022-04-03 05:00:00+00:00,-0.009439018722319108,0.9112648573845735,0.03944109980582824
2022-04-03 06:00:00+00:00,-0.0023100670155671377,2.887437643731871,0.42352965876872883
2022-04-03 07:00:00+00:00,0.007985585415753175,-1.780333863433693,-0.5984199629900913
2022-04-03 08:00:00+00:00,0.00695729621230397,-3.8984948824921766,0.5760559485369173
2022-04-03 09:00:00+00:00,-0.01349777337777348,3.4473309275052335,0.5849102901883269
2022-04-03 10:00:00+00:00,0.004256292090612035,-1.2979968259498704,-0.4102303193250346
2022-04-03 11:00:00+00:00,-0.0009560737077909838,1.3689037017963794,-0.06038007790450574
2022-04-03 12:00:00+00:00,0.006995668539976174,0.9365177156655828,-0.19837065593486203
2022-04-03 13:00:00+00:00,0.0010563317986069134,0.49235549556873526,1.3545920319233993
2022-04-03 14:00:00+00:00,9.452609897665553e-05,2.675812056643011,-1.2373886769624056
2022-04-03 15:00:00+00:00,0.00318173565237419,-1.4560101449765814,-0.622569774885282
2022-04-03 16:00:00+00:00,0.007701137146177376,-2.9488406055217453,-1.0396405800574016
2022-04-03 17:00:00+00:00,-0.0032626674423149927,-0.729330194298052,0.8907470794936444
2022-04-03 18:00:00+00:00,-0.003571736062412873,1.4704748824225669,-1.5695247624843103
2022-04-03 19:00:00+00:00,0.004215841639158765,-1.3405745763665606,-1.9171103920616548
2022-04-03 20:00:00+00:00,-0.001354936730077767,-0.10571176682588374,-1.2837872187992787
2022-04-03 21:00:00+00:00,-0.011768438392062732,6.991049809851763,1.5950301148436394
2022-04-03 22:00:00+00:00,-0.00277831406988952,0.9005790825184783,0.5988174938083157
2022-04-03 23:00:00+00:00,0.005102463135738504,-1.9468461228124914,0.28793102693315137
2022-04-04 00:00:00+00:00,0.017111791070912277,-10.264402422190804,-0.14637942176382296
2022-04-04 01:00:00+00:00,-0.00844312191532081,2.1672796122943536,0.5111504329597761
2022-04-04 02:00:00+00:00,-0.004830433180177899,3.2630753530638765,0.20272096311872753
2022-04-04 03:00:00+00:00,0.008215813224561134,-3.8322164934404226,-0.630999131229292
2022-04-04 04:00:00+00:00,-0.0018417549611237376,0.5755180957181517,0.1923665989692939
2022-04-04 05:00:00+00:00,-0.0036333502517764136,3.19916804680595,-0.7044148492483908
2022-04-04 06:00:00+00:00,-0.0019612057929038725,1.4745284279015858,-0.5961094116214474
2022-04-04 07:00:00+00:00,-0.002542905116085887,-0.8941862476873123,0.3328543282727371
2022-04-04 08:00:00+00:00,3.041842380429252e-05,-1.5666187979346706,-0.7346302834522888
2022-04-04 09:00:00+00:00,0.011922489522153934,-5.976989579535764,-0.80260360290976
2022-04-04 10:00:00+00:00,0.009815779294397123,-1.3439235504163467,-0.21532875823119177
2022-04-04 11:00:00+00:00,-0.006083105085114747,4.590993049130448,-0.2891112765418676
2022-04-04 12:00:00+00:00,0.01087637033986048,-5.187611947926098,-0.9759173778809999
2022-04-04 13:00:00+00:00,0.002864841174346303,1.3134254005606263,-0.07860115796184988
2022-04-04 14:00:00+00:00,0.012355894070134875,-5.723751223352881,-1.2468887852052994
2022-04-04 15:00:00+00:00,0.0228676316572778,-8.607375978581818,-0.2109199400772037
2022-04-04 16:00:00+00:00,-0.004872086226701738,2.642031981653616,-1.7419917630052142
2022-04-04 17:00:00+00:00,0.015872307997382602,-7.322782637820227,-0.19085614716079619
2022-04-04 18:00:00+00:00,-0.010733876878264489,4.521532184751806,-0.6075443862383474
2022-04-04 19:00:00+00:00,-0.009866488323898729,6.439052973637747,-2.195550768574997
2022-04-04 20:00:00+00:00,-0.0046922792961692815,4.2020708250463095,0.5321437206312286
2022-04-04 21:00:00+00:00,-0.003791555429061,1.719147920219469,1.0533963745184969
2022-04-04 22:00:00+00:00,-0.005367439371386229,3.107720295108574,-0.8463599593338428
2022-04-04 23:00:00+00:00,9.433118278524389e-05,-0.6624541495955497,-0.48885945080020926
2022-04-05 00:00:00+00:00,0.011390086246271308,-1.6717495634569874,-2.4718051031540367
2022-04-05 01:00:00+00:00,-0.010913363328460202,3.452545569316499,1.0867466112450443
2022-04-05 02:00:00+00:00,-0.001398962956594861,0.6360833788693505,0.13973306330707003
2022-04-05 03:00:00+00:00,-0.007717939146749024,1.3259746413198261,0.058210215131729345
2022-04-05 04:00:00+00:00,-0.0016517235803564171,1.6495685493095582,-0.5136843087379918
2022-04-05 05:00:00+00:00,0.003896005892154248,-1.0893566705810505,-0.35546737004697
2022-04-05 06:00:00+00:00,0.005002904120397013,-3.8077885711225665,0.1312850575263908
2022-04-05 07:00:00+00:00,-0.006669748961399704,3.1085858907949717,0.676993200245707
2022-04-05 08:00:00+00:00,0.0012689840927777275,-0.1842567275859597,-0.3454722554545612
2022-04-05 09:00:00+00:00,0.006390855172443074,-3.3129983807362584,-0.9319734484221203
2022-04-05 10:00:00+00:00,-0.005500656801673371,2.1852369659288016,0.1768048673674359
2022-04-05 11:00:00+00:00,-0.009314490170987616,1.6239597139304232,1.2640178511216638
2022-04-05 12:00:00+00:00,-0.0037404269321556524,0.11229859462476302,0.026837199047025778
2022-04-05 13:00:00+00:00,0.014858725323795513,-6.4953263463281585,0.32388526641394183
2022-04-05 14:00:00+00:00,0.02138241888651659,-6.434175097690859,-1.0628198831130928
2022-04-05 15:00:00+00:00,-0.01384040869503034,0.2014007951516138,-0.822284194593906
2022-04-05 16:00:00+00:00,-0.010746005677297023,3.0433139465169807,-2.319640788918245
2022-04-05 17:00:00+00:00,0.006869432498206653,-0.7739194753075708,-0.035420283971586745
2022-04-05 18:00:00+00:00,0.005316026421673161,-1.4147339622457433,-0.5180431026612635
2022-04-05 19:00:00+00:00,0.0002310922107153768,-0.11230103692883338,-0.8602646957228958
2022-04-05 20:00:00+00:00,0.007956270055302512,-3.9475631415094523,-1.2106578027616728
2022-04-05 21:00:00+00:00,0.0009577379896741147,1.6576552741267367,-0.0728136186690853
2022-04-05 22:00:00+00:00,0.008567335145747847,-1.6272822592470864,-0.360777328394579
2022-04-05 23:00:00+00:00,0.009437056557240996,-6.023659122915716,0.5106923328602013
2022-04-06 00:00:00+00:00,0.023350102617140257,-16.006651672416485,0.393234700621386
2022-04-06 01:00:00+00:00,-0.004856020827984275,3.808946668372486,0.43983218934763796
2022-04-06 02:00:00+00:00,-0.00011467834495957022,0.315203919279712,-1.038451615652328
2022-04-06 03:00:00+00:00,0.010157205034913873,-2.3904479005065045,-0.5056794708493048
2022-04-06 04:00:00+00:00,-0.012386463112136625,4.674376554114643,0.974129004967292
2022-04-06 05:00:00+00:00,-0.009380079672061791,2.3062580958457692,0.08573075054704209
2022-04-06 06:00:00+00:00,-0.0022181035658294023,0.8392260738680294,0.197841900693474
2022-04-06 07:00:00+00:00,0.009879037289456341,-4.601527991084435,0.05268081054900129
2022-04-06 08:00:00+00:00,0.0007695268975478281,1.3915718235432426,0.4411572045494971
2022-04-06 09:00:00+00:00,0.0035875376072591622,-0.6681301475115813,1.05272043788975
2022-04-06 10:00:00+00:00,0.01912746398147945,-7.284594739930064,-1.7214334225137975
2022-04-06 11:00:00+00:00,0.005581827499572903,-6.906142170066638,-0.2715448461911945
2022-04-06 12:00:00+00:00,0.0028023917779019113,-1.5624708631621373,0.22420006175102933
2022-04-06 13:00:00+00:00,0.022217795253993915,-13.054370118218118,-0.5986616686493421
2022-04-06 14:00:00+00:00,0.0022197655934435394,0.727959413485911,-0.5390202297300697
2022-04-06 15:00:00+00:00,0.003463339223989336,-1.3950019746158326,-0.31571903926145284
2022-04-06 16:00:00+00:00,0.011800482332938098,-7.272035571376538,-0.16900585608288726
2022-04-06 17:00:00+00:00,-0.009911766020273483,2.956159635528284,0.756962890843286
2022-04-06 18:00:00+00:00,-0.010394295306482759,2.6297659732974674,0.703717977716959
2022-04-06 19:00:00+00:00,0.002907164959506238,-0.7570189274817478,0.6409337911661853
2022-04-06 20:00:00+00:00,0.00024753917962973526,1.3236373497870761,-0.1894898650911775
2022-04-06 21:00:00+00:00,0.010195308660115199,-2.3556257752077037,-0.6084394217748832
2022-04-06 22:00:00+00:00,0.01723780425983325,-9.107049007778105,-0.4897873567724451
2022-04-06 23:00:00+00:00,0.01169559854316292,-6.156162854076188,1.4672838099253995
2022-04-07 00:00:00+00:00,0.011596913947480216,-5.541495832392072,-0.41183072896527784
2022-04-07 01:00:00+00:00,-0.02241689829474843,11.331623786924533,0.035850867551220675
2022-04-07 02:00:00+00:00,-0.0014624173435700675,0.40982650711777113,0.4756017699126559
2022-04-07 03:00:00+00:00,0.004595843123685939,-1.3392706507324095,-0.6141118799525588
2022-04-07 04:00:00+00:00,-0.00684269525817247,4.570777800120816,0.3302603658223292
2022-04-07 05:00:00+00:00,0.0020472862723164174,0.027380905084984343,0.3820628435859984
2022-04-07 06:00:00+00:00,-0.0027033712643005424,3.501052912015138,0.10737659490607945
2022-04-07 07:00:00+00:00,-0.0047013671582985936,2.368558633995911,0.17589462616734708
2022-04-07 08:00:00+00:00,-0.001242654563028791,0.3888711287196337,-0.39154954529564834
2022-04-07 09:00:00+00:00,0.004157416676766546,-2.1059870466431585,-0.5611142094103098
2022-04-07 10:00:00+00:00,0.001236121236333258,-0.46588662255448315,-0.07097954341272457
2022-04-07 11:00:00+00:00,-0.011466890735538034,7.340804442050531,0.1256640323742068
2022-04-07 12:00:00+00:00,0.007972021933713052,-4.917656973320534,0.523740331801648
2022-04-07 13:00:00+00:00,-0.0030987163211710165,2.083514152929459,0.1825717485965651
2022-04-07 14:00:00+00:00,0.013380244895419068,-7.546851451449726,-0.3666500968478334
2022-04-07 15:00:00+00:00,0.008722632072654677,-1.1630269015353956,-0.5388417563408576
2022-04-07 16:00:00+00:00,-0.02514395803764891,4.048934405990349,1.9168342586330835
2022-04-07 17:00:00+00:00,-0.001422885838170387,2.334213579074139,0.9298538960031696
2022-04-07 18:00:00+00:00,-0.011505589238258103,3.5577620717203473,-0.28485181925742165
2022-04-07 19:00:00+00:00,0.006351475523316782,-3.5639750973887727,-0.4350956940980236
2022-04-07 20:00:00+00:00,-0.0078115146578489275,3.4041640873212224,1.5038451242793922
2022-04-07 21:00:00+00:00,0.0058308667482303185,-1.9962507101854836,-0.26322780926898093
2022-04-07 22:00:00+00:00,-0.006384958635428043,3.998342743936523,-0.5688627685835016
2022-04-07 23:00:00+00:00,-0.0003527767023659593,-0.8061406227374993,0.26118675023525445
2022-04-08 00:00:00+00:00,0.003746090889619614,-2.1561697130527797,-0.12120360279950361
2022-04-08 01:00:00+00:00,-0.01085620805221187,4.571796998902655,0.9164491715012588
2022-04-08 02:00:00+00:00,-0.005836899189369891,1.8613969946602988,-0.4499246155230522
2022-04-08 03:00:00+00:00,-0.0018836196450744064,0.5059784650437222,-0.7192339146394436
2022-04-08 04:00:00+00:00,3.0778519978383324e-05,-1.0219649705819838,-0.14795859739856598
2022-04-08 05:00:00+00:00,0.003181984733291763,1.006174367864581,-0.19135861648507463
2022-04-08 06:00:00+00:00,-0.0038947226546592094,-1.161051963290214,-0.19466555707892821
2022-04-08 07:00:00+00:00,0.001191185166111063,0.2503316680970984,-0.7387769243845155
2022-04-08 08:00:00+00:00,-0.0035045105477747767,-0.17345648441279013,0.6194642723125595
2022-04-08 09:00:00+00:00,-0.003766875450599965,-2.0660041919790193,0.11826469178773608
2022-04-08 10:00:00+00:00,-4.3278633005262564e-06,-2.845308426043451,-0.8573250824667549
2022-04-08 11:00:00+00:00,0.0008479738768105528,-7.58309088030652,-0.2810342771898575
2022-04-08 12:00:00+00:00,-0.0023370702840353687,-2.4804342941700654,0.1496868559911447
2022-04-08 13:00:00+00:00,-0.004080127662415933,-3.104211705375841,-0.40467907323641344
2022-04-08 14:00:00+00:00,0.006023786809208138,14.702542923149146,1.3706982366508358
2022-04-08 15:00:00+00:00,-0.00345736399997033,-1.0202729357843825,-0.2472613609022252
2022-04-08 16:00:00+00:00,0.0022576951174929655,-4.535297634721936,-1.054414195683231
2022-04-08 17:00:00+00:00,-0.005574402587414271,-5.272858247478513,-1.8773771201497316
2022-04-08 18:00:00+00:00,0.002288949864690323,-0.17466777899753855,0.5186223116464155
2022-04-08 19:00:00+00:00,-0.004944809115221844,-2.790982104989853,-0.35477910760578063
2022-04-08 20:00:00+00:00,0.0026591193485411596,1.0772475417867886,-0.36376187808282096
2022-04-08 21:00:00+00:00,-0.009099366663888638,-5.888235067252065,-0.7576092899673926
2022-04-08 22:00:00+00:00,-0.001081479481993702,-6.1260915263612254,-0.4782336266760755
2022-04-08 23:00:00+00:00,-0.0038563880971549647,-1.3337809652040369,0.28223123592988897
2022-04-09 00:00:00+00:00,0.00046435912781561504,7.100963335512226,0.6780679758529587
2022-04-09 01:00:00+00:00,-0.004402146081878132,-0.2320044003448983,-0.6545013353794323
2022-04-09 02:00:00+00:00,-0.006599882181065572,-7.377585526763853,-1.231959403856107
2022-04-09 03:00:00+00:00,0.003765287808086896,4.50696421007711,-0.19968254859325033
2022-04-09 04:00:00+00:00,-0.0013127426777178497,0.4213032397322588,-0.28672288319563444
2022-04-09 05:00:00+00:00,0.0057888072807186445,4.40728223310428,0.06352880078336896
2022-04-09 06:00:00+00:00,-0.005821003100461964,-3.3442544474787694,0.3446559322809826
2022-04-09 07:00:00+00:00,0.000611719628281989,1.7783455795304979,-0.0005880739351007969
2022-04-09 08:00:00+00:00,0.0007296973190807829,0.519685278998983,0.6131882398944243
2022-04-09 09:00:00+00:00,-0.003943794932180456,-0.09214775575315667,-0.5323475540692848
2022-04-09 10:00:00+00:00,-0.006070460322958344,0.6062054569884532,-0.4099092264140275
2022-04-09 11:00:00+00:00,0.0005790665307712301,0.5324542185216687,0.28915362112082893
2022-04-09 12:00:00+00:00,0.009422360912225805,1.9801245634072673,-0.22731431250909528
2022-04-09 13:00:00+00:00,0.002192540146358071,-0.6728298959818503,0.1328219032797783
2022-04-09 14:00:00+00:00,-0.006636505247196691,-0.8307122307326698,-1.4273233951881277
2022-04-09 15:00:00+00:00,-0.01350103837312117,-6.8982137507967956,-0.7770202469718113
2022-04-09 16:00:00+00:00,0.009427832625402878,3.36879433130252,0.2861205651320676
2022-04-09 17:00:00+00:00,0.016544177566220574,4.050523670506442,-0.4778601036691755
2022-04-09 18:00:00+00:00,-0.0032954679896943966,-2.4814019725780723,-1.1675756313887804
2022-04-09 19:00:00+00:00,-0.00528318147630755,0.6176578482048475,0.37061351914299706
2022-04-09 20:00:00+00:00,-0.0031775658736754413,-1.9690264879155284,-0.32615142976383377
2022-04-09 21:00:00+00:00,0.006898257494520435,3.546841184283486,0.3582121827517932
2022-04-09 22:00:00+00:00,-0.0005798511816724666,1.3430438147878356,0.3734923854294448
2022-04-09 23:00:00+00:00,0.013350760630233832,4.876666724950696,0.8941015456144502
2022-04-10 00:00:00+00:00,-0.012350050246808724,-2.768028671232675,0.2714643263284943
2022-04-10 01:00:00+00:00,0.004577761705453801,1.9797262672763751,1.0815107880566388
2022-04-10 02:00:00+00:00,0.0038928856991655185,1.9661457366235566,-0.5399017432831205
2022-04-10 03:00:00+00:00,0.0014913752165085718,-0.579552871161084,0.2008834941098074
2022-04-10 04:00:00+00:00,-0.010411917286857897,,
2022-04-10 05:00:00+00:00,-0.006471173245406939,,
2022-04-10 06:00:00+00:00,0.003565828971113822,,
2022-04-10 07:00:00+00:00,-0.006608085927071012,,
2022-04-10 08:00:00+00:00,0.004016421454633288,,
2022-04-10 09:00:00+00:00,-0.006818612821261921,,
2022-04-10 10:00:00+00:00,-0.0022793004595798817,,
2022-04-10 11:00:00+00:00,0.004020814708389498,,
2022-04-10 12:00:00+00:00,-0.003130615603425086,,
2022-04-10 13:00:00+00:00,-0.0016388809377185195,,
2022-04-10 14:00:00+00:00,0.009023495883384063,,
2022-04-10 15:00:00+00:00,0.0020273459727549164,1.112730551907296,0.916278265476157
2022-04-10 16:00:00+00:00,0.0043947449735677315,4.337114199994876,0.6032672166765859
2022-04-10 17:00:00+00:00,0.015594140418899321,5.435338367382944,0.8256452278087222
2022-04-10 18:00:00+00:00,0.003102115767864283,0.33877862701132244,0.7970725482033256
2022-04-10 19:00:00+00:00,0.0014753156661537028,1.661480427015942,0.15449268334519842
2022-04-10 20:00:00+00:00,0.002399286574267808,-1.312526522798275,-0.5481108895651595
2022-04-10 21:00:00+00:00,-0.010696144174430428,-7.111295150086068,-0.8282684157342902
2022-04-10 22:00:00+00:00,-0.022277251621849778,-9.72242165714579,0.30464256438358994
2022-04-10 23:00:00+00:00,-0.012832019812408163,-5.036601181920078,-0.2720340592176273
2022-04-11 00:00:00+00:00,-0.003063088033662352,-0.9738231629175652,0.2266518575449707
2022-04-11 01:00:00+00:00,-0.001077098051886221,-1.5308058624310448,1.586463265553533
2022-04-11 02:00:00+00:00,-0.01443416187082192,-8.935559780804066,-0.3881980797809854
2022-04-11 03:00:00+00:00,0.008208647426272498,2.163484479623578,0.22764651084469245
2022-04-11 04:00:00+00:00,0.005720751690212967,3.5459559305959787,-0.0027301577071924305
2022-04-11 05:00:00+00:00,-0.002250933743361298,0.5028745508821157,0.07512728305468065
2022-04-11 06:00:00+00:00,-0.006989106850833461,-1.7100293324725269,0.6302855871251881
2022-04-11 07:00:00+00:00,0.00650386805777235,1.5869149242116753,-0.8844381042576918
2022-04-11 08:00:00+00:00,-0.010305221897776632,-4.846215779802473,-0.5270950639991031
2022-04-11 09:00:00+00:00,-0.03820361281560584,-24.812541872806737,-0.16265529324542613
2022-04-11 10:00:00+00:00,0.007634820728198357,4.721400140260855,0.6753833867992444
2022-04-11 11:00:00+00:00,-0.013016139641310822,-8.162553316736837,0.7096427510265153
2022-04-11 12:00:00+00:00,-0.0007527879269115274,0.7814584028248241,0.689780989578344
2022-04-11 13:00:00+00:00,-0.0022379328401722232,-1.0891756771623604,-0.2868547662126086
2022-04-11 14:00:00+00:00,-0.007590420386465308,-4.7427915813616695,0.4131554836736465
2022-04-11 15:00:00+00:00,-0.003936850697599847,-3.1120403877966516,0.26397833506981166
2022-04-11 16:00:00+00:00,0.0045029234985100456,4.7971082806968255,1.825633679056752
2022-04-11 17:00:00+00:00,-0.0010037458834266958,0.6025678361460792,-0.09749614603218049
2022-04-11 18:00:00+00:00,0.0009375460256978808,1.3267124392571448,1.9958809408156113
2022-04-11 19:00:00+00:00,-0.01217204485202433,-7.97761251329746,-0.8636431465269587
2022-04-11 20:00:00+00:00,-0.004250729141676377,-4.890266646411825,1.173230938141517
2022-04-11 21:00:00+00:00,-0.022277532174822316,-10.347395250040968,1.586681322100019
2022-04-11 22:00:00+00:00,0.00878634722716842,8.411069099497368,-2.658807024007275
2022-04-11 23:00:00+00:00,-0.005287160002322961,-3.512937942491591,1.368048894586786
2022-04-12 00:00:00+00:00,0.003287290044373122,2.0195126593044246,-3.1788491299072628
2022-04-12 01:00:00+00:00,0.0018018154630132603,1.2672997602474951,-0.968443282462565
2022-04-12 02:00:00+00:00,-0.0042630001862759516,-3.139703523832181,0.9045248355748883
2022-04-12 03:00:00+00:00,-0.008040966911908127,4.45855608157893,-0.8382873183210421
2022-04-12 04:00:00+00:00,-0.005707006247422272,7.079641619481063,0.3726121038499657
2022-04-12 05:00:00+00:00,0.0030281196879138714,7.6990520405602,0.42180797445869933
2022-04-12 06:00:00+00:00,0.0027273387412162435,-4.146866778664934,0.773118407016395
2022-04-12 07:00:00+00:00,-5.266212194445886e-05,3.746109313098548,0.04519044136838018
2022-04-12 08:00:00+00:00,0.000869438981458333,0.750388089792386,-0.5036798592431639
2022-04-12 09:00:00+00:00,-0.004934014138778855,0.08828496131728406,1.2032469160116386
2022-04-12 10:00:00+00:00,-0.002361120038985804,0.769429224914742,-1.1483724779036937
2022-04-12 11:00:00+00:00,0.0075254707934409885,7.722130885296548,-1.3954696069924637
2022-04-12 12:00:00+00:00,0.00012947564217854725,8.235217033076603,-1.7978293756412167
2022-04-12 13:00:00+00:00,0.0027088791277304733,-2.4544465623391893,-0.3873400473148363
2022-04-12 14:00:00+00:00,-0.0022816921161058225,-11.009819626412305,0.09323632180269598
2022-04-12 15:00:00+00:00,0.0026627780679914998,3.146282081981096,-0.282630202139898
2022-04-12 16:00:00+00:00,-0.0018178813192827779,0.3060319253552488,0.6084045813657023
2022-04-12 17:00:00+00:00,-0.000659105917775513,-3.962752334004704,-0.1404142905762029
2022-04-12 18:00:00+00:00,0.0010739207052911216,-9.357846786696067,-0.5773189309258385
2022-04-12 19:00:00+00:00,-0.004103071135159421,-5.461274338066276,-0.23363795642589116
2022-04-12 20:00:00+00:00,-0.0050856800630483855,5.286447213143039,0.942652558256773
2022-04-12 21:00:00+00:00,-0.0022946857240643105,6.462821187802564,-0.7024602430880634
2022-04-12 22:00:00+00:00,-0.0012261438348671082,-0.22092907886571383,-0.17992665263540575
2022-04-12 23:00:00+00:00,-0.002528165844975004,5.653698195172042,-0.012761619427278112
2022-04-13 00:00:00+00:00,-0.0016468537675228107,-2.114953463224626,0.15565183708587382
2022-04-13 01:00:00+00:00,-0.004352354260913912,2.347043256742126,-0.8295949340888736
2022-04-13 02:00:00+00:00,-0.0007619192163989905,1.4313272007239672,0.04644566462717343
2022-04-13 03:00:00+00:00,-0.0020707902285371405,1.1675516263567918,-0.19334495557325843
2022-04-13 04:00:00+00:00,-0.0018986784661905421,2.9591654979042783,-0.016963649994188236
2022-04-13 05:00:00+00:00,-0.0005350746042924197,2.414623868544861,-0.21890625748590456
2022-04-13 06:00:00+00:00,0.0016646499457188746,-4.86739916120251,-0.3120697978151558
2022-04-13 07:00:00+00:00,-0.0016357759392678119,2.3304759908103985,0.09004981913932399
2022-04-13 08:00:00+00:00,-0.0014762026420171985,0.5355338516265838,0.1411233056858305
2022-04-13 09:00:00+00:00,0.005244833711212887,-1.6451393762681383,-0.4564888109152681
2022-04-13 10:00:00+00:00,0.004887391295006606,-5.48313887200301,-1.7204295381430414
2022-04-13 11:00:00+00:00,-0.0018590553217422024,-0.7060559206434913,-0.38140163780534
2022-04-13 12:00:00+00:00,0.001784672606386813,-1.7039619136180988,-0.2016399424192621
2022-04-13 13:00:00+00:00,-0.01073306902863767,17.61635782572561,0.965910679271973
2022-04-13 14:00:00+00:00,0.004198774198592972,-1.2359852557613435,0.3256634403019139
2022-04-13 15:00:00+00:00,-0.00034802949520250696,5.664017749730494,0.06539068224517303
2022-04-13 16:00:00+00:00,0.0006677931113548693,-1.7137533368191462,-0.12363439764380818
2022-04-13 17:00:00+00:00,0.00368638984554662,-0.8452137461535021,-0.138346248603366
2022-04-13 18:00:00+00:00,-0.00882041775146378,5.237359905547614,0.7386663509006014
2022-04-13 19:00:00+00:00,0.003201694129520906,-3.691950912687542,-0.04034965440206343
2022-04-13 20:00:00+00:00,-0.0019027133264265953,2.9608703499834967,-0.35400537556319833
2022-04-13 21:00:00+00:00,-0.0012535976822134818,0.29861458751450465,0.4662143521713423
2022-04-13 22:00:00+00:00,-0.008800447913104642,2.255268928798314,0.07476619516946321
2022-04-13 23:00:00+00:00,-0.0020395549655660254,-0.20601431514972657,-0.3540259416540272
2022-04-14 00:00:00+00:00,0.0038503746534879367,1.136608942154131,1.0475899942733393
2022-04-14 01:00:00+00:00,-0.001367301374312616,6.174576585485293,2.0721943166608807
2022-04-14 02:00:00+00:00,-0.000517557476098896,-2.109477922956274,-1.8686950272837284
2022-04-14 03:00:00+00:00,-0.000562489399386942,-1.6927714314071185,0.05341598096148297
2022-04-14 04:00:00+00:00,0.002292886085290807,-0.08837659164341005,-0.12486611548997238
2022-04-14 05:00:00+00:00,0.0012185201817173504,0.5987220386243266,-0.23461469937617851
2022-04-14 06:00:00+00:00,0.0018515159653315551,-2.9226867112153445,0.5884816815298689
2022-04-14 07:00:00+00:00,-0.0004907902289501586,1.0554414118307252,-0.3451140567638221
2022-04-14 08:00:00+00:00,-0.0007889270811943292,-1.5616605585988528,0.051569996315894304
2022-04-14 09:00:00+00:00,0.006346778634307082,-1.8025677208838966,-0.046623630746501145
2022-04-14 10:00:00+00:00,0.002920504901514218,-5.443688254670062,-0.45783584776959735
2022-04-14 11:00:00+00:00,0.0045183835980787505,-0.8369443882460291,1.002421331169107
2022-04-14 12:00:00+00:00,-0.003827392421799507,5.206631811415329,-0.3254577467734694
2022-04-14 13:00:00+00:00,0.009606614336118523,-10.87396512315987,0.3919148746436064
2022-04-14 14:00:00+00:00,0.0013929995695193332,0.36603794692847347,-0.7344821039779691
2022-04-14 15:00:00+00:00,0.009876125548913449,-9.65811955837678,-0.029326614259688903
2022-04-14 16:00:00+00:00,0.001813328169375624,-0.9791216355191997,-0.1577612247366873
2022-04-14 17:00:00+00:00,-0.0018376725004796493,3.0758130681865676,-0.4120399784651125
2022-04-14 18:00:00+00:00,0.005349058233640543,-7.332126419741569,-0.09446349363873531
2022-04-14 19:00:00+00:00,-0.0022761024813598048,3.0823404621994213,-0.5010479471445559
2022-04-14 20:00:00+00:00,-0.0044190761841384225,3.4835547733065355,-0.13099698737296964
2022-04-14 21:00:00+00:00,-0.003897337560121565,3.03685163294226,-0.16606748442046085
2022-04-14 22:00:00+00:00,0.0019700135072230796,-2.526783010660589,-0.10687034908669936
2022-04-14 23:00:00+00:00,-0.0003963686475103219,1.4427779625579977,0.6927833828701173
2022-04-15 00:00:00+00:00,-0.0014640687838220763,-0.13362324816709506,0.3651927332057828
2022-04-15 01:00:00+00:00,-0.005358634733200076,3.1159977404979022,-1.023031671827713
2022-04-15 02:00:00+00:00,-0.0038396813528563545,2.5722177467443426,-0.31440379774080707
2022-04-15 03:00:00+00:00,-0.006965790113213252,5.8147363900756845,-0.8602800029456547
2022-04-15 04:00:00+00:00,0.0014924443248315903,-2.2361733966851034,-0.07082536961027967
2022-04-15 05:00:00+00:00,-0.0009410325968877051,0.6848219147504121,-0.15134144039009997
2022-04-15 06:00:00+00:00,0.0013139028261417408,-4.040552438287293,-0.253802870153722
2022-04-15 07:00:00+00:00,0.002115243211005781,3.264696428323241,-0.14894371190227437
2022-04-15 08:00:00+00:00,0.0004962830576161312,-1.8704068358178745,-0.2909432684386379
2022-04-15 09:00:00+00:00,-0.0003440334047507478,-0.9659435690889726,0.6370726227947556
2022-04-15 10:00:00+00:00,-0.003020498064046923,2.8351790950818616,-0.12544415962075067
2022-04-15 11:00:00+00:00,0.00013630951744304708,-0.8026489287664058,0.22577911172680265
2022-04-15 12:00:00+00:00,0.002461599394378282,-2.427284231427474,0.4406516906953663
2022-04-15 13:00:00+00:00,0.004012744167009538,-4.212184382915186,-0.9057158763913603
2022-04-15 14:00:00+00:00,-0.007739560372747893,6.005542885331208,0.057725543269915434
2022-04-15 15:00:00+00:00,-0.005750425668938602,1.1386023705933381,0.2743580327638986
2022-04-15 16:00:00+00:00,0.00022067018993637304,0.6986652937297293,0.36976635313674133
2022-04-15 17:00:00+00:00,0.0009276379720468826,0.879883367101997,-0.19853055654162657
2022-04-15 18:00:00+00:00,-0.0007366292371289436,-1.125213112592305,1.9738642758623461
2022-04-15 19:00:00+00:00,0.002009559756740938,-1.6861430099438823,0.3910830980245132
2022-04-15 20:00:00+00:00,-0.0008071134064396453,2.453419250013102,-0.894934492697876
2022-04-15 21:00:00+00:00,0.0009449246807433166,0.09209364079224955,-0.10219038035847777
2022-04-15 22:00:00+00:00,0.0015613290637686663,0.6882436841449862,-0.008233494834987294
2022-04-15 23:00:00+00:00,-0.0016550268895036027,1.1339424749656957,0.9763368694008501
2022-04-16 00:00:00+00:00,-0.005865174704075872,1.1672391425560649,-0.7040146429206756
2022-04-16 01:00:00+00:00,-0.0011382983905923248,1.4333982801065677,-0.9359130710325603
2022-04-16 02:00:00+00:00,0.002555381071878384,-1.7505765472976815,-0.08391689172928511
2022-04-16 03:00:00+00:00,0.0007697863675480195,-2.303602671064342,0.3804003802830761
2022-04-16 04:00:00+00:00,-0.0005162510687181332,3.0243577531906136,-0.5322702699007404
2022-04-16 05:00:00+00:00,-0.0006777966343433693,-1.2604394533073946,0.3481741122655981
2022-04-16 06:00:00+00:00,0.003141357956381393,-0.17703738517552792,0.2376083184356282
2022-04-16 07:00:00+00:00,0.00037670556762917133,-1.3009794916893611,1.4388215746551138
2022-04-16 08:00:00+00:00,-0.0006281425900473922,-0.23919078920121076,0.17226307422529918
2022-04-16 09:00:00+00:00,0.0012757399799228838,-1.0503389979553766,-0.23608496347169353
2022-04-16 10:00:00+00:00,-0.001998417798061154,2.304147273998411,0.2901044217928704
2022-04-16 11:00:00+00:00,0.0003971092784067618,-0.6304233054975789,0.8263321828709477
2022-04-16 12:00:00+00:00,-0.00578532825902061,1.3383085803576353,-0.6758232878909957
2022-04-16 13:00:00+00:00,0.001991965457932521,-1.1703014661027296,-0.5842289552202379
2022-04-16 14:00:00+00:00,-0.004494914100957843,1.4257651275264267,-0.34492308020943085
2022-04-16 15:00:00+00:00,0.0142906236921752,-10.686445681272387,-0.28208807751086773
2022-04-16 16:00:00+00:00,-0.0019090416992108257,2.408064823819629,0.4109921657317834
2022-04-16 17:00:00+00:00,0.004065626393579084,-2.023752119067653,0.2502693924676826
2022-04-16 18:00:00+00:00,-0.0010681356862374356,0.8949562701855498,0.33584818725978927
2022-04-16 19:00:00+00:00,0.001486997482368681,0.07269870225759612,0.35082148975207195
2022-04-16 20:00:00+00:00,-0.0019899362378161998,1.8269758154413245,0.1402301679632046
2022-04-16 21:00:00+00:00,-0.006511182272032987,3.621987766001194,-0.3100152816286489
2022-04-16 22:00:00+00:00,-0.005604646583343613,0.5046754515393824,0.31143677632727124
2022-04-16 23:00:00+00:00,-0.006920124944744941,0.6049532156854421,-1.231128051214551
2022-04-17 00:00:00+00:00,-0.0026892380562175237,-0.2147144545543078,-0.17271244285206547
2022-04-17 01:00:00+00:00,0.0020345059251143066,0.3008128180439171,-0.14576915154829223
2022-04-17 02:00:00+00:00,0.003804716359745932,-5.179180859697995,0.6715859111631522
2022-04-17 03:00:00+00:00,0.00027406744019859065,1.4503104746891198,-0.3670326933386792
2022-04-17 04:00:00+00:00,-0.0011562698452407252,1.854020841294848,0.2317699752412796
2022-04-17 05:00:00+00:00,-0.0009695359100982946,2.0318565026749575,0.18577865726534956
2022-04-17 06:00:00+00:00,0.002819724996203887,-0.5261036858593049,0.029338851485626625
2022-04-17 07:00:00+00:00,0.0007118947059921752,-0.9267133686517972,1.1283936205787097
2022-04-17 08:00:00+00:00,-8.058189986372117e-06,1.0971353481410229,0.4405217819472308
2022-04-17 09:00:00+00:00,-0.0032072684504140738,2.0119563058695187,-0.3175980598538824
2022-04-17 10:00:00+00:00,-0.00012520271433243783,0.8436803477956883,-0.6321666141328287
2022-04-17 11:00:00+00:00,-0.002345353917321257,1.6399899803728775,-0.5642205141882601
2022-04-17 12:00:00+00:00,0.0029885429359158408,0.8131360478864761,0.027440035303015337
2022-04-17 13:00:00+00:00,0.0007118641707458344,0.6653831316662978,0.6178065476044825
2022-04-17 14:00:00+00:00,0.0008960598721100488,0.8566003962260358,-0.05639560665881504
2022-04-17 15:00:00+00:00,-0.0011388326254443697,2.0129380185824766,0.8653463283076136
2022-04-17 16:00:00+00:00,0.006138563718889635,-3.97791699859905,0.22467653729598924
2022-04-17 17:00:00+00:00,0.0036588203735329035,-2.8299464045269795,-0.6455647282291248
2022-04-17 18:00:00+00:00,0.0039676729914240195,-3.889433731417111,1.0298486712224209
2022-04-17 19:00:00+00:00,-0.0051540756284212605,3.442057664185646,-0.08911954428669615
2022-04-17 20:00:00+00:00,0.005198303357297755,-2.6474430036454466,-0.11200537558613442
2022-04-17 21:00:00+00:00,-0.003118537650840055,0.876921112801579,0.25207080468386206
2022-04-17 22:00:00+00:00,0.0055024447653906775,-5.105858614005135,-0.3677810008682112
2022-04-17 23:00:00+00:00,0.007253378696483517,-14.725518955116698,-1.4520408685666575
2022-04-18 00:00:00+00:00,-0.003451562738719506,1.0846138291777982,-1.7711495204212033
2022-04-18 01:00:00+00:00,-0.003800952129141128,1.7783345626825517,-0.20949487465629654
2022-04-18 02:00:00+00:00,0.0018298512788372631,1.7045951803907644,0.6373683789804637
2022-04-18 03:00:00+00:00,-0.00022227529005699057,-1.1867851530380942,-0.3647988894706098
2022-04-18 04:00:00+00:00,0.021984007086368367,-27.300395630149573,-0.8494209571644319
2022-04-18 05:00:00+00:00,0.0010316040548598699,2.627194893677633,-0.02100597175370506
2022-04-18 06:00:00+00:00,-0.0004806675667322823,1.7561593672827451,-0.09964818171758144
2022-04-18 07:00:00+00:00,0.0053016261413392695,-4.100874731234424,-1.073532643994144
2022-04-18 08:00:00+00:00,0.0046268708169788465,-0.6241352124434166,0.7290326344122047
2022-04-18 09:00:00+00:00,-0.0022519235351984314,4.015389979537881,0.7861829998385126
2022-04-18 10:00:00+00:00,-0.002164148097741612,-0.1175009402155606,1.4783563405747646
2022-04-18 11:00:00+00:00,0.0046850190471834285,2.1356119915290948,0.37040733919941843
2022-04-18 12:00:00+00:00,-0.01534319683651505,9.8365017933699,4.496702834668919
2022-04-18 13:00:00+00:00,-0.006988915151684254,-2.4044192332333876,0.9275282802317301
2022-04-18 14:00:00+00:00,-0.013188958611418587,3.4696003132438413,4.304117319179616
2022-04-18 15:00:00+00:00,-0.00760173793975958,-3.163443442331212,-0.19988478305511476
2022-04-18 16:00:00+00:00,-0.008734477259538046,3.269064598392606,1.1878259619391054
2022-04-18 17:00:00+00:00,-0.007218563080180013,12.697223177190644,-0.8749397150524584
2022-04-18 18:00:00+00:00,-0.0013174062069614262,5.965695954540785,1.8211808819367692
2022-04-18 19:00:00+00:00,-0.00016933386379948336,-1.3280962357371586,0.5742188546833605
2022-04-18 20:00:00+00:00,-0.009209414846732432,1.4619108906334684,2.6106730806471896
2022-04-18 21:00:00+00:00,-0.0034569194633463592,3.5676877633408703,1.5570815501736395
2022-04-18 22:00:00+00:00,0.004004824583708292,2.0868564973360906,-1.7276023190612535
2022-04-18 23:00:00+00:00,-0.0020716231575130554,0.431331114073755,0.4380155832929681
2022-04-19 00:00:00+00:00,-0.001694650245855343,1.8992683218520403,0.9574681768005374
2022-04-19 01:00:00+00:00,0.004633716741277226,-4.26188151495797,0.5365305013457597
2022-04-19 02:00:00+00:00,0.002393289235210714,-2.8848940384329347,-1.2533061905330487
2022-04-19 03:00:00+00:00,0.0021841322243582695,1.832334326185908,0.9124690217276151
2022-04-19 04:00:00+00:00,-0.006551728563711779,3.8906527857399844,-0.11620217226465238
2022-04-19 05:00:00+00:00,-0.0013360225086249213,-2.275181989017546,0.7769117001826729
2022-04-19 06:00:00+00:00,-0.00014445499768460761,-0.30313802642322696,-0.30440497941054007
2022-04-19 07:00:00+00:00,-0.0024046344469715827,-0.7401484988642225,0.897760173218809
2022-04-19 08:00:00+00:00,-0.0017520833315982393,1.3893183210629836,-0.3375046530898121
2022-04-19 09:00:00+00:00,0.004228983440627311,-1.8238768435798465,-1.0840643094965638
2022-04-19 10:00:00+00:00,-0.00032467460080356066,7.236504707424774,-0.46333861267535037
2022-04-19 11:00:00+00:00,0.0042729371504498575,-2.330620670035409,-1.5321196317469707
2022-04-19 12:00:00+00:00,-0.004070037293120095,5.12446461954711,1.0674594190199997
2022-04-19 13:00:00+00:00,-0.004998751556406819,6.855473567601879,-1.267084444498736
2022-04-19 14:00:00+00:00,-0.00393064024327562,2.7887098736964187,1.2362222985165487
2022-04-19 15:00:00+00:00,8.789074077173131e-05,-1.193269151905271,3.781774943521981
2022-04-19 16:00:00+00:00,0.003420392998990254,-0.8761837369413517,1.5904407686324893
2022-04-19 17:00:00+00:00,0.001039139164831068,-0.6716469810874945,-0.41985151482889527
2022-04-19 18:00:00+00:00,-2.7490676218649628e-05,0.25985346951335137,0.35353603653353843
2022-04-19 19:00:00+00:00,-0.0031275238685404515,1.299732967595694,-0.17746486185422133
2022-04-19 20:00:00+00:00,9.837048458629242e-05,-2.1547184462969873,-0.627339572346282
2022-04-19 21:00:00+00:00,0.0037734240295176644,1.1722565798055375,0.19006289373293395
2022-04-19 22:00:00+00:00,9.389934053929418e-05,0.482154843700413,-0.4261643727804738
2022-04-19 23:00:00+00:00,-0.006520005575781621,3.0746183600213364,0.5360077258526342
2022-04-20 00:00:00+00:00,0.007700612761649661,-5.31885229667897,-0.2569455505775506
2022-04-20 01:00:00+00:00,-0.001842267249129596,3.162170870485417,0.04396675954315131
2022-04-20 02:00:00+00:00,-0.001067710288314905,2.616846217408577,-0.7986537657317679
2022-04-20 03:00:00+00:00,-0.0033380127696978,0.0499540257229801,1.6070369209973743
2022-04-20 04:00:00+00:00,0.0020339979484611673,-0.7905898855090117,0.31685856286677383
2022-04-20 05:00:00+00:00,0.0018727565415995167,3.9276494636857273,1.0955426746871897
2022-04-20 06:00:00+00:00,-0.001094737308169743,1.5895827928733708,0.42608668726521925
2022-04-20 07:00:00+00:00,-0.0002829106173963073,-2.511196208307305,0.7318758181767149
2022-04-20 08:00:00+00:00,0.0023713672858775717,2.5114564551667886,0.013566421387826166
2022-04-20 09:00:00+00:00,0.001516076060729359,1.267096866059448,0.17582171272025499
2022-04-20 10:00:00+00:00,0.0005596119002549481,6.231170550146878,0.5054132502219563
2022-04-20 11:00:00+00:00,0.0034648388184571983,1.4586962367593104,0.4741763286267347
2022-04-20 12:00:00+00:00,0.004183613936521239,-1.2232832517054144,-0.5951076588058611
2022-04-20 13:00:00+00:00,-0.0037095605461301474,-11.131436381338121,1.3020595208929249
2022-04-20 14:00:00+00:00,0.0084815026995122,-1.7010124668107203,-0.4012486953463675
2022-04-20 15:00:00+00:00,0.005648222302531608,-5.6585299812941265,-0.3406784807210549
2022-04-20 16:00:00+00:00,-0.005884366233068405,1.5730448588059978,-0.15522454531475605
2022-04-20 17:00:00+00:00,-0.0025963414998474658,-0.7626869452518569,0.5888530024483302
2022-04-20 18:00:00+00:00,0.0026395656410970053,-8.04555654926105,-0.04927759000016727
2022-04-20 19:00:00+00:00,0.0013725090934986496,3.321064655053268,0.210112923425199
2022-04-20 20:00:00+00:00,0.0018658336703044859,4.396188793939575,0.3849201543983128
2022-04-20 21:00:00+00:00,-0.001764424467334672,1.0765470507117463,-0.6074037524912084
2022-04-20 22:00:00+00:00,0.004640613148354949,1.14746442989876,1.035813424780191
2022-04-20 23:00:00+00:00,-0.0003201965614809976,-2.8154115921896956,-0.5409981207328707
2022-04-21 00:00:00+00:00,-0.0029109076984792496,3.652003363106777,0.038489172353810164
2022-04-21 01:00:00+00:00,0.0015178925229927763,2.533610876750088,-0.19103044047800638
2022-04-21 02:00:00+00:00,-0.0018608153714979312,-1.3778476734125558,0.31941940864015256
2022-04-21 03:00:00+00:00,-6.418811105629955e-05,1.4164850140665353,0.7584836797524697
2022-04-21 04:00:00+00:00,-0.0011521648028813198,-1.116555200809156,-0.8275742998717655
2022-04-21 05:00:00+00:00,-0.00037630660505102114,-6.498135539459341,-1.755186341518603
2022-04-21 06:00:00+00:00,-0.0038809812894193226,0.6577608196959349,-0.11697636657842783
2022-04-21 07:00:00+00:00,-0.008074232611007145,5.479611783520624,0.26548467534277054
2022-04-21 08:00:00+00:00,-0.0015735988255472964,0.9275466744141089,-0.40004962437871094
2022-04-21 09:00:00+00:00,0.0028531823778199595,-5.137014388355003,0.31404860571503646
2022-04-21 10:00:00+00:00,-0.010785872808068113,8.336886919950386,-2.5140631959161177
2022-04-21 11:00:00+00:00,-0.004355565753415348,4.500591096221785,0.22658699520115186
2022-04-21 12:00:00+00:00,-0.005122833138236697,3.9088992032146774,0.43839497952409895
2022-04-21 13:00:00+00:00,-0.00018805705844118502,3.414221000927789,-1.232147289569915
2022-04-21 14:00:00+00:00,0.004048942629234227,-2.000647508891943,-0.34533022068237207
2022-04-21 15:00:00+00:00,0.008836982147094675,-4.867204185393693,1.294558581239895
2022-04-21 16:00:00+00:00,0.007729253756898954,-5.907249742583663,0.9190405806020115
2022-04-21 17:00:00+00:00,0.006270484716345874,-1.16279042739052,-0.4415246623725344
2022-04-21 18:00:00+00:00,0.0022760735223635352,-2.610058330148606,-0.11154281299035139
2022-04-21 19:00:00+00:00,0.005538214675359408,-8.600395333432484,0.2345158558624167
2022-04-21 20:00:00+00:00,0.014984142869524208,-11.2226501994193,-0.25604109692305643
2022-04-21 21:00:00+00:00,-0.002936571454312878,0.009596998557396881,-0.31421207285451735
2022-04-21 22:00:00+00:00,0.007719166861475901,-4.588359302414676,0.6040139642877964
2022-04-21 23:00:00+00:00,-0.0016214732911536433,0.39973180105193856,0.4190751664734314
2022-04-22 00:00:00+00:00,0.001127060085381202,5.517535417673471,-0.7628185093052415
2022-04-22 01:00:00+00:00,-0.001625096519486894,0.9940455014704974,-0.73558572804706
2022-04-22 02:00:00+00:00,0.00020879484633363977,-1.5431048651881099,0.625084536772439
2022-04-22 03:00:00+00:00,-0.00024238668023949243,0.2603428948808388,-0.10549911384274721
2022-04-22 04:00:00+00:00,-0.002952273002434894,4.206962248862952,-1.3734142295350584
2022-04-22 05:00:00+00:00,-0.001254110475928723,1.0913108707668735,0.6600386777942895
2022-04-22 06:00:00+00:00,-0.0002826604914065415,1.0725948689418516,0.43469800928513763
2022-04-22 07:00:00+00:00,-0.0006546874686281618,-1.1189649494702398,-0.16142801341831226
2022-04-22 08:00:00+00:00,0.00738585825321833,-4.23366022744756,-1.8209194493658087
2022-04-22 09:00:00+00:00,0.002633361144405888,-3.050057460511451,-0.1256697901689517
2022-04-22 10:00:00+00:00,-0.0039036266929724658,4.085773872970971,-0.10108968382909106
2022-04-22 11:00:00+00:00,-0.0030903148536490033,2.07027093206442,0.9087536946049385
2022-04-22 12:00:00+00:00,0.004315667053072635,-2.712516691214549,-0.46261416711115444
2022-04-22 13:00:00+00:00,0.004046118722370046,-4.841349334021331,0.46298965021462934
2022-04-22 14:00:00+00:00,0.007627817508585005,-5.187310782127741,0.5937978369679804
2022-04-22 15:00:00+00:00,-0.001363746890244874,-2.7624965855593238,0.6355544508383968
2022-04-22 16:00:00+00:00,-0.0026346524921387034,1.4626870485685919,-2.1140932724860364
2022-04-22 17:00:00+00:00,0.008654667787967574,0.6778910908741173,-1.0669958665677446
2022-04-22 18:00:00+00:00,-0.002293538263634758,3.403596877960855,0.227705288188098
2022-04-22 19:00:00+00:00,-0.0010693684339326637,-1.9559677305154688,0.11939673233047365
2022-04-22 20:00:00+00:00,-0.002489552124629551,3.358562566313972,-0.5838781628737479
2022-04-22 21:00:00+00:00,-0.0015154549036614372,-2.068427274842441,0.43353776002023464
2022-04-22 22:00:00+00:00,0.0011643545046567906,-0.5029783319767123,-0.35611339086997673
2022-04-22 23:00:00+00:00,-0.003867110915176452,-0.12624766680598482,-0.36205709914934037
2022-04-23 00:00:00+00:00,0.0036415517871827567,-3.3802833340647416,0.35236335957657183
2022-04-23 01:00:00+00:00,0.00015544291018588642,3.0014579138230233,-0.1694428725109309
2022-04-23 02:00:00+00:00,-0.0004006426602276859,-3.387595715230268,0.30076039194182536
2022-04-23 03:00:00+00:00,-0.000112992838285456,-0.21323655481221376,-0.7052914571783978
2022-04-23 04:00:00+00:00,0.005014908843894899,0.1381588280829387,0.2784160168335914
2022-04-23 05:00:00+00:00,-0.0003985025569086747,0.6639515059136607,0.414705529635943
2022-04-23 06:00:00+00:00,0.0006508565276659917,0.7737553251271727,0.5730648098030094
2022-04-23 07:00:00+00:00,0.0008016556959841737,1.4197655902553008,0.6131903199483668
2022-04-23 08:00:00+00:00,-0.0009678721640602434,2.5719366174262572,1.2226482274497892
2022-04-23 09:00:00+00:00,-0.0007327092209295967,-1.4143663594743145,0.8744318911952489
2022-04-23 10:00:00+00:00,0.0004987350894041025,1.2384194323468045,-1.632571584606849
2022-04-23 11:00:00+00:00,0.0005322661008545,0.07394659481669238,-0.26109361125179437
2022-04-23 12:00:00+00:00,-0.0006075552093362303,0.1952629677202557,-1.3085190783857497
2022-04-23 13:00:00+00:00,-0.0012937869029062924,0.8708523478093911,0.9899510129839167
2022-04-23 14:00:00+00:00,-0.0009322591113378809,0.24741141516029777,0.6629968292610436
2022-04-23 15:00:00+00:00,8.24706774758379e-05,1.2639012096335744,-1.1638786298562498
2022-04-23 16:00:00+00:00,-0.0007549193417115079,1.161292106020555,-0.19145796525995365
2022-04-23 17:00:00+00:00,-0.0009591556244404017,-0.02444181995230492,1.5893236732723428
2022-04-23 18:00:00+00:00,-0.0019083992638680666,-4.215231097944806,-0.5783692452943117
2022-04-23 19:00:00+00:00,0.0012066083511040695,0.7061051488388485,-0.26234415277792916
2022-04-23 20:00:00+00:00,0.0014014562498252893,1.2102680793439515,0.8259208812423536
2022-04-23 21:00:00+00:00,-0.0004966615756958457,0.3468809816634618,-0.5146422497127172
2022-04-23 22:00:00+00:00,-0.001645488740780892,-2.065945317964258,0.551046514024011
2022-04-23 23:00:00+00:00,-0.0027944333162329147,-6.503962279656895,1.1027837193924375
2022-04-24 00:00:00+00:00,0.00030856462845781383,2.2376953687940913,-0.0886598250062336
2022-04-24 01:00:00+00:00,-0.0006205505494911009,-2.705966006052846,0.49060924293910124
2022-04-24 02:00:00+00:00,-0.0004904093809786938,1.7960407390657787,1.0622076831161396
2022-04-24 03:00:00+00:00,0.001598121191227799,3.9558204720219075,-0.21995493983118491
2022-04-24 04:00:00+00:00,0.0008212568846444636,-1.4703015867647522,-0.5081451486859014
2022-04-24 05:00:00+00:00,-0.0002121182753300834,-0.8004862167032695,0.029407175196396428
2022-04-24 06:00:00+00:00,0.001429216970072558,1.779530977641466,0.32893676798823174
2022-04-24 07:00:00+00:00,-0.0008171487808876828,-0.1725668967137451,0.10065330458824313
2022-04-24 08:00:00+00:00,-0.0005114703725225078,-1.9878474889759197,-0.6198006837509639
2022-04-24 09:00:00+00:00,0.001394358319213999,0.9699207375376278,-0.5629505464847726
2022-04-24 10:00:00+00:00,7.716380308783048e-05,-0.6922308608103508,-0.5888570213335027
2022-04-24 11:00:00+00:00,-0.0015663246610126734,-3.9767504823835966,-0.08867317659283824
2022-04-24 12:00:00+00:00,0.00044919065398139776,-0.9013933768029375,-0.19225750065717254
2022-04-24 13:00:00+00:00,-0.0015585104271668563,-1.24361115302577,-0.3627299002437762
2022-04-24 14:00:00+00:00,0.002285541312234971,2.365877432538338,1.585978048179918
2022-04-24 15:00:00+00:00,-0.0006211173443621453,-1.6347996969484047,1.055713495039745
2022-04-24 16:00:00+00:00,0.0001958826548162974,-4.2553479015597055,-0.32998353074231446
2022-04-24 17:00:00+00:00,-0.002959390373360657,-4.597454855416388,-0.4600884650114965
2022-04-24 18:00:00+00:00,0.0018346802664267854,6.688317797544033,0.24026903550402076
2022-04-24 19:00:00+00:00,0.002979659769410894,1.9635115580988103,0.3320223988272484
2022-04-24 20:00:00+00:00,-0.0003844517936902397,-5.452051351199884,0.5934976324522316
2022-04-24 21:00:00+00:00,0.0022886277307483747,3.990488318484929,-0.3912011156516257
2022-04-24 22:00:00+00:00,2.301096608055651e-05,-2.0757801961142985,0.5646446529216136
2022-04-24 23:00:00+00:00,-0.004184265314199353,-2.7792349726199848,0.3011815810898315
2022-04-25 00:00:00+00:00,-0.00610022882632717,-22.583492911554302,0.9205873803122551
2022-04-25 01:00:00+00:00,-0.0006385531098913555,4.655630260653409,-0.966071969709213
2022-04-25 02:00:00+00:00,-0.0039180126873768015,-0.25675628867036443,0.1266772690718105
2022-04-25 03:00:00+00:00,0.0016757654151232564,5.197984819438397,-0.7197596130924835
2022-04-25 04:00:00+00:00,-0.001747880359491944,-1.9171601650778904,-0.7772555854580108
2022-04-25 05:00:00+00:00,-0.002238818390981132,-6.906542224819206,0.284581967467663
2022-04-25 06:00:00+00:00,-0.004696567329975002,-12.437264655960947,-0.0030638196860435785
2022-04-25 07:00:00+00:00,0.0031197547514194165,-6.497006508193685,0.9633893930187268
2022-04-25 08:00:00+00:00,0.0020664891094404362,0.10485639322321644,-0.19568096099013807
2022-04-25 09:00:00+00:00,0.0030825557881187815,6.45921400735929,-0.5830959982349065
2022-04-25 10:00:00+00:00,-0.0025085269412048338,-1.8586178630916383,-0.15878413414642273
2022-04-25 11:00:00+00:00,0.016693945601333745,14.982574504649126,-0.379151964496391
2022-04-25 12:00:00+00:00,-0.0012261405179971288,-0.05044185179445401,0.7411915967055882
2022-04-25 13:00:00+00:00,-0.0012673202662444546,-1.9395319824490787,0.03040236506846885
2022-04-25 14:00:00+00:00,0.0034879849874984692,4.5138737587513225,-0.7610029486316144
2022-04-25 15:00:00+00:00,-0.0014281009046478521,-1.5723776254353146,0.2314562207504137
2022-04-25 16:00:00+00:00,0.0132847597931513,12.164572655214716,-0.033115120266317424
2022-04-25 17:00:00+00:00,0.0012909181982492604,-0.37065300444396726,-0.28214876552033474
2022-04-25 18:00:00+00:00,0.007255006416283358,6.704746605737128,0.0642047361597147
2022-04-25 19:00:00+00:00,0.011962439420513131,7.313460140559514,-1.3228630444629483
2022-04-25 20:00:00+00:00,-0.0011175736596845604,-0.989879069345924,0.7555521254558573
2022-04-25 21:00:00+00:00,-0.0015546526269575184,2.1568703257450896,-0.08726707359800126
2022-04-25 22:00:00+00:00,0.005256681175156839,0.618342958347491,0.7137741875338615
2022-04-25 23:00:00+00:00,-0.002563802414055067,1.8668725110007045,2.4488057463861774
2022-04-26 00:00:00+00:00,0.0012550097054573937,2.828402619858796,-0.053680641157474764
2022-04-26 01:00:00+00:00,-0.007868417010574225,-4.467744308393562,-0.7018177126715243
2022-04-26 02:00:00+00:00,-0.004633607505224476,-0.20338545356763119,0.40647683536417273
2022-04-26 03:00:00+00:00,0.0019372603363195609,-0.4371549588535257,-0.384695092964919
2022-04-26 04:00:00+00:00,0.00443801699964061,2.5712084982707966,-0.023857410255300943
2022-04-26 05:00:00+00:00,0.0035458213565143135,1.4992560058438567,-0.5980884108672062
2022-04-26 06:00:00+00:00,-0.0019605795566091707,-3.7681414479474014,1.1498191035376495
2022-04-26 07:00:00+00:00,-0.002194905831925999,1.6896579135142902,-0.5895090959022611
2022-04-26 08:00:00+00:00,0.004694882760102626,0.5485543256719696,0.5357010155174269
2022-04-26 09:00:00+00:00,-0.006335000960720982,-2.894381453004665,0.8060318189019559
2022-04-26 10:00:00+00:00,0.0026770071091418305,-0.8481190488546834,0.388695295248549
2022-04-26 11:00:00+00:00,-0.0010531713176048778,0.4065395949762023,-0.052650987947336275
2022-04-26 12:00:00+00:00,-0.007518285039869892,-5.374532713357894,1.7683814753067384
2022-04-26 13:00:00+00:00,-0.0140145985587521,-9.506073642324349,0.10824904307907869
2022-04-26 14:00:00+00:00,-0.017039277333100098,-9.358863629069928,1.3403515456213122
2022-04-26 15:00:00+00:00,-0.006921541867534543,-7.711417576731526,1.2581863936571502
2022-04-26 16:00:00+00:00,0.011644084740533477,5.265130681873079,0.5928846500612028
2022-04-26 17:00:00+00:00,0.00013845655065773476,-6.154702418004719,-4.621224399424394
2022-04-26 18:00:00+00:00,-0.002292122984703048,-1.3180307389369852,-1.1853326358262035
2022-04-26 19:00:00+00:00,-0.003652792408080465,-7.233896149586689,1.714564015741985
2022-04-26 20:00:00+00:00,-0.005982738579550039,-2.2066182757358295,-0.1006789446134022
2022-04-26 21:00:00+00:00,0.0044685878290100095,5.078050738434941,0.975861878335148
2022-04-26 22:00:00+00:00,-0.003586816495574521,-3.992255453367402,0.018225701807670726
2022-04-26 23:00:00+00:00,-0.009873270072813538,-5.511416778777768,-0.08802752728719516
2022-04-27 00:00:00+00:00,0.01040877784321343,1.2519532992068512,-0.053325152219326585
2022-04-27 01:00:00+00:00,0.0017044755757711148,5.540889132087219,-0.6691309206899102
2022-04-27 02:00:00+00:00,0.003331660809123611,3.4201321187584344,0.7475890879938532
2022-04-27 03:00:00+00:00,-0.001600190372837252,-3.1382340907948865,0.4194363872704836
2022-04-27 04:00:00+00:00,-0.00012834145434910597,3.139448774542128,0.23413387158076152
2022-04-27 05:00:00+00:00,0.0034046207582834566,0.9252509257995253,0.04104266275200229
2022-04-27 06:00:00+00:00,0.006607806091603041,6.456383163244235,0.03209035210820084
2022-04-27 07:00:00+00:00,0.008664214683871251,4.919019746397715,-0.4558400860356971
2022-04-27 08:00:00+00:00,-0.0001371766848109718,-5.714788024537913,0.9333263363637415
2022-04-27 09:00:00+00:00,0.007476822364162602,2.8250973379159183,0.18881448209653537
2022-04-27 10:00:00+00:00,-0.001005466941466714,-0.2884835901816591,0.5377156085860421
2022-04-27 11:00:00+00:00,-0.004519767036230224,-4.4152563775274905,0.6886137433604035
2022-04-27 12:00:00+00:00,0.004280207805604938,-2.720022955204312,-0.3582917768832144
2022-04-27 13:00:00+00:00,0.009145498161351453,10.54990340384743,0.17209713239168584
2022-04-27 14:00:00+00:00,0.019780398075386244,-9.980069774056346,0.45414442016633333
2022-04-27 15:00:00+00:00,0.012408313672599324,4.314463498470374,-0.3938995812723466
2022-04-27 16:00:00+00:00,-0.0003247252101930851,1.026985841208036,4.179574226818036
2022-04-27 17:00:00+00:00,-0.004836897496373743,-0.37607775655705966,1.7814705821967287
2022-04-27 18:00:00+00:00,-0.005884907776357261,-5.988755281975325,0.3125747133640932
2022-04-27 19:00:00+00:00,0.00678966741586933,-0.04524838016724089,-0.0982529249280141
2022-04-27 20:00:00+00:00,-0.002243665059759417,3.179451269181689,-1.4475989036174122
2022-04-27 21:00:00+00:00,0.008152934903218384,2.7104803173204877,-0.4691904651330075
2022-04-27 22:00:00+00:00,0.00454334848730009,-2.366526426233406,-0.1399287591719864
2022-04-27 23:00:00+00:00,0.004055853524014289,4.833554841969095,-0.4471840501170619
2022-04-28 00:00:00+00:00,-0.0009039935184067006,-0.11814204359742607,-0.19141705775591952
2022-04-28 01:00:00+00:00,0.0036964147557590307,-4.263232576278725,-0.27698124548846026
2022-04-28 02:00:00+00:00,-0.00027644752577913933,3.917951497863208,0.19681993012100676
2022-04-28 03:00:00+00:00,-0.006133608338393794,-2.17154692456236,1.3649347509081051
2022-04-28 04:00:00+00:00,-0.003689079481320804,2.34033753686611,0.07851447056159522
2022-04-28 05:00:00+00:00,-0.004852129071768339,-2.1764384558554215,0.5672173398288655
2022-04-28 06:00:00+00:00,0.001892720342487397,2.7787646893777125,0.4967842510259959
2022-04-28 07:00:00+00:00,0.0004185068817688288,2.013089743749362,-0.4888708909785752
2022-04-28 08:00:00+00:00,0.005623681559600645,6.4883947828506265,-1.5263591986882679
2022-04-28 09:00:00+00:00,0.005463630635298632,2.0173447133147198,1.3788346641274463
2022-04-28 10:00:00+00:00,-0.0031026872351814306,-3.157751586201284,-0.2436063550903138
2022-04-28 11:00:00+00:00,-0.0032258110908099514,0.9390314488102758,-0.033812317080727745
2022-04-28 12:00:00+00:00,-0.0006264116888313213,-5.63850150904594,0.13950690896978177
2022-04-28 13:00:00+00:00,-0.007704343262650896,-8.84251708915052,0.7156213168217515
2022-04-28 14:00:00+00:00,-0.006934225370060027,1.432566424191178,-0.5555851177667938
2022-04-28 15:00:00+00:00,-0.0012473811818886048,-1.1441377524477487,0.22978907024512163
2022-04-28 16:00:00+00:00,0.01549331517303841,6.965924830306904,-1.2424239582744232
2022-04-28 17:00:00+00:00,0.009480297231155323,6.025369572120287,-0.28494917527452573
2022-04-28 18:00:00+00:00,0.00480353656702024,-3.0060349226293215,0.7861918384193312
2022-04-28 19:00:00+00:00,-0.005826879021741534,-3.099322156759354,-0.8854123261071907
2022-04-28 20:00:00+00:00,-0.007208486508062041,-0.5790784947769351,0.24745975099458573
2022-04-28 21:00:00+00:00,-0.0019944963777894136,-1.8938875793231758,1.2064616041938885
2022-04-28 22:00:00+00:00,-0.0025042023900584093,-1.2326602900172108,-0.49649699346690246
2022-04-28 23:00:00+00:00,-0.0019529998044008944,0.04945874936606187,-0.2732264663263538
2022-04-29 00:00:00+00:00,0.0006549122509413372,2.9905471175377185,-0.7695359484560729
2022-04-29 01:00:00+00:00,-0.0004295954769686379,-1.2076545653456336,0.003295867896559175
2022-04-29 02:00:00+00:00,-0.004963038909993895,-8.446275038631981,-1.4040737431407762
2022-04-29 03:00:00+00:00,0.005578702369132679,0.6322183493258321,-1.0909098578446894
2022-04-29 04:00:00+00:00,-0.0016580333458611962,,
2022-04-29 05:00:00+00:00,0.0013866180480087752,,
2022-04-29 06:00:00+00:00,-0.00046305897119553255,,
2022-04-29 07:00:00+00:00,0.0016935630810506928,,
2022-04-29 08:00:00+00:00,0.005292860482201284,,
2022-04-29 09:00:00+00:00,0.0008089643938585014,,
2022-04-29 10:00:00+00:00,0.010698292965068528,,
2022-04-29 11:00:00+00:00,-0.0008869085286497227,,
2022-04-29 12:00:00+00:00,0.0005888738008288343,,
2022-04-29 13:00:00+00:00,0.006711968313197909,,
2022-04-29 14:00:00+00:00,-0.0020444158801384894,,
2022-04-29 15:00:00+00:00,-0.000998353156450076,0.20338449312831394,0.5857864760130772
2022-04-29 16:00:00+00:00,-0.017076259709075545,-9.759321759429449,-0.3819756746940558
2022-04-29 17:00:00+00:00,-0.0038564912364716262,0.9840833766115653,-0.05162667237218743
2022-04-29 18:00:00+00:00,-0.00633479193581053,-6.475199412880884,-1.4689016917505744
2022-04-29 19:00:00+00:00,-0.005642311723311876,-10.142302382876979,-3.5444255767246258
2022-04-29 20:00:00+00:00,0.005250642522789921,4.592156605911113,0.13884874765382507
2022-04-29 21:00:00+00:00,-0.002951195921983824,-0.16881599910174136,-1.412569219428817
2022-04-29 22:00:00+00:00,-0.002997178200568817,1.9119196729721548,-0.36991763854653764
2022-04-29 23:00:00+00:00,0.0005598088706099193,0.8644504589350557,0.7999829795446969
2022-04-30 00:00:00+00:00,-0.0033074416123055413,4.688518710412318,2.1317430532269475
2022-04-30 01:00:00+00:00,0.0009227871869420825,1.6206396329189947,0.9576324109968225
2022-04-30 02:00:00+00:00,-0.0025825067574596315,-1.6543550269736658,2.995127050950484
2022-04-30 03:00:00+00:00,-0.0023372273429271852,-0.9240224998216767,-0.8054598054862107
2022-04-30 04:00:00+00:00,-0.0007297579791408643,0.843216196388391,0.47761357282804173
2022-04-30 05:00:00+00:00,0.001414554832922094,3.23212776815659,-0.19613372994432862
2022-04-30 06:00:00+00:00,-0.0010493670166730037,-0.26825575190091394,2.0475056291418574
2022-04-30 07:00:00+00:00,0.0006032029985994919,-4.8114886213021855,-1.827710857329698
2022-04-30 08:00:00+00:00,0.006638474886676415,-4.1342193186132326,-1.3354588239884146
2022-04-30 09:00:00+00:00,0.0023041246893050578,0.18891892451293418,-0.13378159782405769
2022-04-30 10:00:00+00:00,0.007270205750364837,-0.9227571880193685,-0.7052669487540444
2022-04-30 11:00:00+00:00,-0.0021043047799642746,1.7072875533907454,0.7165804498177978
2022-04-30 12:00:00+00:00,-0.000924214501180558,-0.9359885216184831,1.1884721325835201
2022-04-30 13:00:00+00:00,0.0061878711754271625,-4.331021499713367,-1.9723144769513343
2022-04-30 14:00:00+00:00,0.008454876917446104,-12.750468025571365,-2.6099823821165007
2022-04-30 15:00:00+00:00,-0.0062588351893760235,5.578271075345188,-0.46615181520827564
2022-04-30 16:00:00+00:00,0.0044668762190942755,-5.095938449082599,-1.6235591851171276
2022-04-30 17:00:00+00:00,0.00449018016502153,-8.81058552187463,-0.8365193131374826
2022-04-30 18:00:00+00:00,-0.0006728565989951169,2.3146268713793483,0.03776116501703977
2022-04-30 19:00:00+00:00,-0.00409560975518691,4.81227207708639,0.9483552419696551
2022-04-30 20:00:00+00:00,0.0053961179201310015,-5.147735726395826,-0.34242469053360003
2022-04-30 21:00:00+00:00,-0.001134718607702342,-2.6779974673970077,-2.1362142415094794
2022-04-30 22:00:00+00:00,0.005179469632148502,-12.153339224014593,-1.1773737654602199
2022-04-30 23:00:00+00:00,0.0193011849103099,-20.963745704482985,0.11776763908934529
2022-05-01 00:00:00+00:00,-0.00368139336391932,0.4820438618063444,-2.320976679060314
2022-05-01 01:00:00+00:00,-0.007279061366864286,7.669738038733568,-0.1904632435223723
2022-05-01 02:00:00+00:00,0.0032022432937155935,-3.6425844103877867,-0.8672561511729435
2022-05-01 03:00:00+00:00,-0.005957597065305202,6.290866209262107,0.017504548290960903
2022-05-01 04:00:00+00:00,0.002449130245600793,-3.9288428259592223,-2.43966898305644
2022-05-01 05:00:00+00:00,-0.0029451463185564027,11.868375427445926,3.410998058117881
2022-05-01 06:00:00+00:00,0.0028671020138195933,-3.5705105329904994,0.2669531731054651
2022-05-01 07:00:00+00:00,-7.822263976159168e-05,-1.1121009865604967,0.4537872145519476
2022-05-01 08:00:00+00:00,-0.0020851054782095335,7.864704295230333,2.414653250194665
2022-05-01 09:00:00+00:00,0.0017233363383381876,-3.7289363979038983,-1.1935131151137126
2022-05-01 10:00:00+00:00,-0.0012327240554092559,0.7230895201807834,0.16914120998220325
2022-05-01 11:00:00+00:00,0.002415718187963577,-4.7045755180799915,-1.6622968088978038
2022-05-01 12:00:00+00:00,-0.0011457948916784243,1.4293663519967725,-0.3872001163134069
2022-05-01 13:00:00+00:00,0.0014414687459807767,-2.4762150462690466,1.172400528407495
2022-05-01 14:00:00+00:00,-0.001582726165390302,-4.046408565656863,0.4318560662284731
2022-05-01 15:00:00+00:00,-0.013442070969789239,20.351377255827234,1.0673101610395255
2022-05-01 16:00:00+00:00,-0.0002292142309399282,2.8748884862717756,2.285674957096827
2022-05-01 17:00:00+00:00,0.002810914874640435,-3.2285300871339597,-1.8163759339183223
2022-05-01 18:00:00+00:00,0.011737127606933885,-14.748139971202724,-1.784176725177447
2022-05-01 19:00:00+00:00,0.003337028483973297,0.1580446225287285,1.9356290223857342
2022-05-01 20:00:00+00:00,-0.01348097152921506,10.533281464284515,-0.21739102594061988
2022-05-01 21:00:00+00:00,-0.0009497717051991909,-3.2034920342429425,-1.1188822771561597
2022-05-01 22:00:00+00:00,0.0009481672638296789,0.8817370957092493,0.014159307309541708
2022-05-01 23:00:00+00:00,-0.004030696360046086,6.778397947705693,1.077885152352765
2022-05-02 00:00:00+00:00,-0.0056002593682355425,4.366981180220062,0.35802848130900744
2022-05-02 01:00:00+00:00,0.00474728518446261,-4.9308194902194,-0.5296641653245091
2022-05-02 02:00:00+00:00,-0.0033121115425411535,1.0052693794860617,-0.5999789814837013
2022-05-02 03:00:00+00:00,-0.0037152110114374443,-0.3930727063890285,-0.06590148090531345
2022-05-02 04:00:00+00:00,-0.00283751466015586,5.5005923113398945,1.2051374787791664
2022-05-02 05:00:00+00:00,-0.0005421621857838451,1.1564585222843173,-0.7168506251295076
2022-05-02 06:00:00+00:00,0.0008228949211805072,-3.499260123062881,-0.852474859133374
2022-05-02 07:00:00+00:00,0.001889657893461967,-2.0612667782815204,0.31537255662811436
2022-05-02 08:00:00+00:00,-0.0009436188291102298,-4.000534431832172,-1.6459927399366483
2022-05-02 09:00:00+00:00,0.003701576516567955,-5.752772122895587,-0.24071008933879562
2022-05-02 10:00:00+00:00,0.001062262205095903,-3.108260195222872,-1.5846666984361832
2022-05-02 11:00:00+00:00,0.0007276088464468549,-4.910447392980826,0.09564212582783846
2022-05-02 12:00:00+00:00,-0.0008431717571716688,0.5455414278237589,-0.03283078093102779
2022-05-02 13:00:00+00:00,-0.005542474387530591,9.051235616117273,0.34512854819206656
2022-05-02 14:00:00+00:00,0.0012168024822105349,1.530604474530764,0.5613345908903535
2022-05-02 15:00:00+00:00,0.00303787805834343,-2.08633375050662,-0.7188830453512036
2022-05-02 16:00:00+00:00,0.0025583535459301862,-5.196525865854178,-1.175102293521117
2022-05-02 17:00:00+00:00,-0.0033906983019356056,-7.4184306325965865,-1.8697440952252709
2022-05-02 18:00:00+00:00,-0.00021627807420128775,1.6633808798622527,-0.8137136898966439
2022-05-02 19:00:00+00:00,-0.008503525102621073,8.460318858673118,0.4930871724236255
2022-05-02 20:00:00+00:00,0.0018352198363409747,-4.744435740061303,-0.2892262491755357
2022-05-02 21:00:00+00:00,-0.003951103823758823,9.980588725494313,0.7158825088807167
2022-05-02 22:00:00+00:00,0.0032379806552096054,-2.1723428902362936,0.36531683262727427
2022-05-02 23:00:00+00:00,0.00038335798213191694,-0.14620933649048995,0.9388248610256884
2022-05-03 00:00:00+00:00,0.0028934644756751665,-2.0970458624862327,0.20231092467048767
2022-05-03 01:00:00+00:00,-0.0050288510017905,6.785314428450255,1.8801625258034853
2022-05-03 02:00:00+00:00,0.0014971630407098616,-1.3023377039872428,-1.0004080182506572
2022-05-03 03:00:00+00:00,-0.0005446889052394487,3.1647015260337774,-1.6912002747220216
2022-05-03 04:00:00+00:00,0.0016917024828302502,2.954663759280029,0.8085573500576072
2022-05-03 05:00:00+00:00,0.0009424727398081526,0.7924416319599845,0.5501996260375576
2022-05-03 06:00:00+00:00,0.002424755354776292,-0.1448275510504842,0.5701643805113834
2022-05-03 07:00:00+00:00,-0.00028382748525709384,0.9015112781879385,-0.12339694664599811
2022-05-03 08:00:00+00:00,-0.002836614502495645,-0.7304420598225332,-0.13145311442463664
2022-05-03 09:00:00+00:00,0.0071415066224028425,-3.1307174115481153,-0.5154795925264313
2022-05-03 10:00:00+00:00,-0.0028539515235107824,-2.1485361098846587,-1.0287567496725707
2022-05-03 11:00:00+00:00,-0.005786727433462409,9.582456306475969,2.143497640018996
2022-05-03 12:00:00+00:00,0.0021997537929681105,-4.454641822532326,-0.716872098400585
2022-05-03 13:00:00+00:00,0.007502946924384029,-2.7071834488164197,-0.5199880533907246
2022-05-03 14:00:00+00:00,-8.340560768605002e-05,-2.201132435732359,-0.12701470371870696
2022-05-03 15:00:00+00:00,-0.0071571115587610035,1.240578568884382,0.7239056127014851
2022-05-03 16:00:00+00:00,0.004369789685070807,-5.602005728826668,-0.5507502002771709
2022-05-03 17:00:00+00:00,0.0015482062717838418,-1.3287369057232514,-0.050241516102620204
2022-05-03 18:00:00+00:00,0.009423186995793946,-5.098957115628958,1.413927414979749
2022-05-03 19:00:00+00:00,0.005230760196450952,-4.865102614507636,-1.2648665973372357
2022-05-03 20:00:00+00:00,-0.0033970673725959924,2.8605149210236815,-1.6943381160539732
2022-05-03 21:00:00+00:00,-0.002748511434810214,1.494431594659167,0.29181287663238387
2022-05-03 22:00:00+00:00,-0.0022669934084061194,0.9565743432523417,0.46720988896225135
2022-05-03 23:00:00+00:00,-0.0021492885579499675,0.5929190149152559,0.3942993591474466
2022-05-04 00:00:00+00:00,-0.007762684677017784,7.709993102892105,1.3195626068081825
2022-05-04 01:00:00+00:00,0.0033305177960781646,-3.493287694958458,-1.1314905945217513
2022-05-04 02:00:00+00:00,0.00037758102385867067,3.0300672778428748,1.3922126000639792
2022-05-04 03:00:00+00:00,0.0007805834145933447,0.8941996548883475,0.7901818224260394
2022-05-04 04:00:00+00:00,0.0028844683200050904,-2.8005463675514557,-1.0109662265939994
2022-05-04 05:00:00+00:00,0.003081452430014971,-0.9853613917278682,-0.850914552171943
2022-05-04 06:00:00+00:00,-0.0019794520515304488,6.333880605844834,0.3197337176908535
2022-05-04 07:00:00+00:00,-0.006748765452891162,4.4930894868937195,-1.0416707934778782
2022-05-04 08:00:00+00:00,-0.007006329295405765,5.270769856351103,0.7914279323836109
2022-05-04 09:00:00+00:00,0.004550780100226514,-3.4510145647058375,-0.7151681502380747
2022-05-04 10:00:00+00:00,-0.0023234555643582367,7.047340717846075,4.0850055312666695
2022-05-04 11:00:00+00:00,0.0003615158537316162,-1.192689442787131,-2.6933975109654726
2022-05-04 12:00:00+00:00,0.00348809794063432,-4.2384087393688334,0.08902403273006734
2022-05-04 13:00:00+00:00,0.006816092966949692,-6.452143449716984,-0.4559121910001063
2022-05-04 14:00:00+00:00,-0.0006196968910780738,0.18499853252538728,-0.6896779398237747
2022-05-04 15:00:00+00:00,-0.006116910866598206,2.364050731628401,-0.28234685165889695
2022-05-04 16:00:00+00:00,-0.008271439560889427,5.237377177055081,0.9768963918952083
2022-05-04 17:00:00+00:00,0.00436535734521749,-0.5131627596762921,0.8600255652237139
2022-05-04 18:00:00+00:00,-0.015200327704822438,19.161325044709955,-0.8416617227781257
2022-05-04 19:00:00+00:00,-0.00900361478494028,8.12265881635889,0.2552208129086833
2022-05-04 20:00:00+00:00,-0.0001718210444373341,2.911322144534828,0.9036976008124946
2022-05-04 21:00:00+00:00,0.004205126792557849,-0.899677302365294,-0.4276825630550499
2022-05-04 22:00:00+00:00,-0.002391257608477201,0.14914044202027082,0.1702875363460834
2022-05-04 23:00:00+00:00,-0.0054966556945919,4.020984330499665,0.4342354132631564
2022-05-05 00:00:00+00:00,-0.0008719936261953771,1.0517935928580746,-0.3312894126265247
2022-05-05 01:00:00+00:00,0.0014649129714088313,-0.9315742655948449,-0.13693334330954787
2022-05-05 02:00:00+00:00,-0.0005758610244945131,3.3378569316045863,0.8557313705240978
2022-05-05 03:00:00+00:00,-0.0020235233074230516,-1.6090726959691388,-0.21743381907977596
2022-05-05 04:00:00+00:00,0.0013926016171141966,-0.9929695307083678,0.7495655915618693
2022-05-05 05:00:00+00:00,-0.004554007827715526,-4.875169841379351,-1.0708062564556027
2022-05-05 06:00:00+00:00,-0.0012176668527105687,-0.6056568788086921,0.3417220579503767
2022-05-05 07:00:00+00:00,0.0016206899797945216,1.4024665793753488,0.270998717338918
2022-05-05 08:00:00+00:00,-0.0026246967405561946,-4.6514606192848165,-0.7619842701611388
2022-05-05 09:00:00+00:00,-8.610103746160434e-05,-1.0505780696330573,-0.11790187684402881
2022-05-05 10:00:00+00:00,0.0010378651491632094,2.7275745494819,-1.0434361033127804
2022-05-05 11:00:00+00:00,-0.0005786776332342391,-2.262293361759797,0.41525779793782697
2022-05-05 12:00:00+00:00,0.0011937238712338382,2.4992574611171054,0.5314209234801729
2022-05-05 13:00:00+00:00,-0.011864062452313502,-11.61679042129086,0.07362563881880735
2022-05-05 14:00:00+00:00,-0.021792455697795858,-15.665751038491479,2.546895691321642
2022-05-05 15:00:00+00:00,-0.02951142291074493,-24.54692267689888,-2.064961119272214
2022-05-05 16:00:00+00:00,0.006884990667288637,1.1412225576783286,-0.10678312116067988
2022-05-05 17:00:00+00:00,-0.006192642425925899,-5.377496384119484,-0.6199696383255435
2022-05-05 18:00:00+00:00,-0.01145241599648771,-2.8105760074016652,0.9601918033536476
2022-05-05 19:00:00+00:00,-0.0017006715086518229,3.3828037520228604,0.8584152178779206
2022-05-05 20:00:00+00:00,0.004599798064900861,4.954499821917854,0.09744047959013458
2022-05-05 21:00:00+00:00,-0.0007652255264977703,-2.72603199419538,-0.27564127873952315
2022-05-05 22:00:00+00:00,-0.005400784030514333,-4.256196105303726,-0.6505578451083192
2022-05-05 23:00:00+00:00,0.008224563993933042,5.9840541146477815,0.17551404250875097
2022-05-06 00:00:00+00:00,-0.0047794431095614315,-3.5700015991140908,0.3089832994033965
2022-05-06 01:00:00+00:00,-0.0016788067107306002,-0.4703945881659816,-0.08609608325884947
2022-05-06 02:00:00+00:00,0.0033889892551297544,3.311518059642465,-0.2744122311373123
2022-05-06 03:00:00+00:00,0.0006930662863623299,0.371963726214067,0.18961416936222847
2022-05-06 04:00:00+00:00,-0.0006901736362526755,-1.399026966324447,-0.24136432748684042
2022-05-06 05:00:00+00:00,0.0017292081761538618,2.7669097391712576,0.7173224415866567
2022-05-06 06:00:00+00:00,-0.0022724287505013117,-2.007930895809809,-0.4599754314965204
2022-05-06 07:00:00+00:00,-0.001304919719481292,-5.57188591605851,-0.8546173766429442
2022-05-06 08:00:00+00:00,-0.004277507489019678,-1.8014676830120018,-0.4028608837940375
2022-05-06 09:00:00+00:00,0.005079921838656885,5.023489732090428,0.6554878402331775
2022-05-06 10:00:00+00:00,-0.012715798888820372,-8.916017024609868,-0.09057553145763536
2022-05-06 11:00:00+00:00,-0.0045865091514409725,-3.366935028927034,1.1466525432349044
2022-05-06 12:00:00+00:00,0.001477238354521274,2.5747607775458814,0.47592305918465566
2022-05-06 13:00:00+00:00,-0.0027423123895292593,-5.333755605258119,1.2921857135205737
2022-05-06 14:00:00+00:00,0.011129415110291389,9.947604853210024,-0.29999800597605103
2022-05-06 15:00:00+00:00,-0.003823824133789449,-1.2417189192532125,0.5570168496540446
2022-05-06 16:00:00+00:00,0.0061582563869288,4.6501542442965995,-0.7506602258586057
2022-05-06 17:00:00+00:00,-0.008935075770102496,-5.528053713214052,0.5699788571271793
2022-05-06 18:00:00+00:00,0.001186381405204392,0.6283466368379486,0.09035865278030213
2022-05-06 19:00:00+00:00,0.0017306486248178487,2.610502575280046,-0.1833835345695325
2022-05-06 20:00:00+00:00,0.0025372633300192776,1.8881025752950649,-0.3815397464404274
2022-05-06 21:00:00+00:00,-0.003672227575395386,-2.7824508792297813,0.17065612236223568
2022-05-06 22:00:00+00:00,0.0012885399143382408,2.6397880649078393,-0.04267943658817315
2022-05-06 23:00:00+00:00,0.00022997818692875103,-0.8883555998351077,0.41392863164548427
2022-05-07 00:00:00+00:00,-0.0006607450770488925,-1.226002377602235,0.12189192202365645
2022-05-07 01:00:00+00:00,0.0004945939099407743,0.3085347520475742,-0.04531389585179767
2022-05-07 02:00:00+00:00,-0.0017555023721768366,-3.6426795740817175,-1.4036278524659485
2022-05-07 03:00:00+00:00,-0.003976034963215237,-3.7551056412234916,-0.6130251143061445
2022-05-07 04:00:00+00:00,-0.0020295231367608866,-5.2787594856345414,-0.519156107104885
2022-05-07 05:00:00+00:00,0.004564114965191058,7.129931301719868,-0.22952646115027736
2022-05-07 06:00:00+00:00,-0.002639251748979456,-3.6504583583266697,-0.20967751393702655
2022-05-07 07:00:00+00:00,0.0030736751179040295,6.247853004936531,1.7245970594049806
2022-05-07 08:00:00+00:00,0.0026206984559854042,3.1053837366180583,0.7818172910931109
2022-05-07 09:00:00+00:00,-0.000831024192695679,-1.8571692935039605,-0.8907057601952555
2022-05-07 10:00:00+00:00,0.0029615373943078305,2.7350611096378574,0.8636800343301204
2022-05-07 11:00:00+00:00,-0.0007177380499397783,-0.4743245502639276,-0.0911612622863808
2022-05-07 12:00:00+00:00,-0.0006310552721567054,-0.8427722923667563,-0.942706140973723
2022-05-07 13:00:00+00:00,-0.0037096952804379106,-3.078521475712794,-0.2674970303242163
2022-05-07 14:00:00+00:00,0.0018458108367063345,2.6846556876014716,-0.6488632764614777
2022-05-07 15:00:00+00:00,0.00011541170437328398,0.8817844899897551,-0.9116928698098629
2022-05-07 16:00:00+00:00,-8.098638406021809e-06,-0.06837696323294887,0.763661601916657
2022-05-07 17:00:00+00:00,-0.0023713242914377053,-2.3206179318144153,-0.16609164934995369
2022-05-07 18:00:00+00:00,0.0004872038085423995,1.3422494104472036,0.537022491048979
2022-05-07 19:00:00+00:00,-0.0006563600850508946,-1.005062003105331,-0.042772692762411635
2022-05-07 20:00:00+00:00,-0.002783659139678019,-3.0895143033743913,-0.24724373592502327
2022-05-07 21:00:00+00:00,-0.020395361150391894,-16.538741545865825,3.5884245804007318
2022-05-07 22:00:00+00:00,-0.00025704288264977117,-4.42200515861495,1.0932842412763315
2022-05-07 23:00:00+00:00,0.012072360345997905,7.8720378793141395,-1.7101133735391794
2022-05-08 00:00:00+00:00,-0.010128330587782107,-4.713906761986104,0.788999497675168
2022-05-08 01:00:00+00:00,-0.008073424842852124,-4.818034443200442,-0.07990727532500347
2022-05-08 02:00:00+00:00,-0.007702197945041248,-2.5270459143705017,1.0843860313438762
2022-05-08 03:00:00+00:00,-0.0027724999951837426,1.6432517699264764,1.2514462041728318
2022-05-08 04:00:00+00:00,-0.002196739171168555,-1.4049705890412398,0.577828010194025
2022-05-08 05:00:00+00:00,0.0013566064456430012,0.5441761931533039,-0.30974551235477926
2022-05-08 06:00:00+00:00,0.00939044801780939,6.0808847939374395,0.22845699016162807
2022-05-08 07:00:00+00:00,-0.004755041982535349,-2.7790865532054867,0.07466784485256567
2022-05-08 08:00:00+00:00,0.0018766144400948653,1.7465159604587979,0.46903229307788274
2022-05-08 09:00:00+00:00,-0.0028794587614188135,-1.9403464356606954,0.2562778535509463
2022-05-08 10:00:00+00:00,0.004899117020835305,5.853325584416586,0.8395809744702712
2022-05-08 11:00:00+00:00,0.0012270357880229538,0.8537028863001471,0.6839675358799326
2022-05-08 12:00:00+00:00,-0.0044416158345865165,-6.73537848959171,-0.29908557775456746
2022-05-08 13:00:00+00:00,-0.00794763315085098,-6.673941813329656,0.28222898671707847
2022-05-08 14:00:00+00:00,0.0022419150219272423,5.463606587220095,0.292020418566637
2022-05-08 15:00:00+00:00,-0.002518289098054548,-1.29736721996299,0.6158490448795999
2022-05-08 16:00:00+00:00,0.0006512337754601369,0.7519348827888364,-0.042048682493774144
2022-05-08 17:00:00+00:00,-0.00818718548097913,-4.847064460054992,0.6599059013534014
2022-05-08 18:00:00+00:00,0.012975517893554632,8.010273674061965,-0.13240942604106753
2022-05-08 19:00:00+00:00,0.001956866421942279,1.1041861301178906,-0.7823736232890738
2022-05-08 20:00:00+00:00,-0.010093392812150688,-4.167492785537241,0.6476261189611282
2022-05-08 21:00:00+00:00,0.006516745641731755,4.454115817027543,-0.8191064991445091
2022-05-08 22:00:00+00:00,-0.005287272128285619,-4.686375274024342,0.5549395679779319
2022-05-08 23:00:00+00:00,-0.006857985049671143,-3.3014255667317025,1.1691434911686287
2022-05-09 00:00:00+00:00,0.002911978038208238,5.780171260863653,0.4070810882668622
2022-05-09 01:00:00+00:00,-0.0029487763491083136,-5.625259613694273,-1.0332211291266993
2022-05-09 02:00:00+00:00,-0.016661430131786337,-12.534805086605331,2.950685923470745
2022-05-09 03:00:00+00:00,0.001903287898289475,1.7426214605105224,-0.5613990063857274
2022-05-09 04:00:00+00:00,0.002290208129012805,1.3921937107187603,-0.41872832023788686
2022-05-09 05:00:00+00:00,-0.0043263872454707706,-5.592425871440575,0.9050228409386462
2022-05-09 06:00:00+00:00,0.0020916549038343404,-0.7914033861888272,-0.05620078597022475
2022-05-09 07:00:00+00:00,-0.0013019681050344637,-2.939267710055009,1.019523547456855
2022-05-09 08:00:00+00:00,0.004415671520567078,2.514824282635603,-0.09177792269078816
2022-05-09 09:00:00+00:00,-0.005149851401712484,-3.7368546908698947,0.4926415940007596
2022-05-09 10:00:00+00:00,-0.020686434858649082,-19.30017613234449,2.9953220046848825
2022-05-09 11:00:00+00:00,0.009177567334229943,6.917215670908219,-0.1532777922357808
2022-05-09 12:00:00+00:00,-0.007608122242558939,-5.676018993535282,0.2644167141266567
2022-05-09 13:00:00+00:00,0.005715729483945729,5.970365012864459,0.4091410364116328
2022-05-09 14:00:00+00:00,-0.017773077932578332,-8.726966502012484,2.416637313828281
2022-05-09 15:00:00+00:00,-0.0025716440113848133,-5.887408279170612,-0.6916062865550301
2022-05-09 16:00:00+00:00,-0.020447126154034233,-20.282623737720744,1.7123745714856
2022-05-09 17:00:00+00:00,-0.013312247213670438,-0.39441063584786584,2.9964550510098733
2022-05-09 18:00:00+00:00,0.008752811186402405,-10.614354103830852,-1.5696173146645833
2022-05-09 19:00:00+00:00,0.005260856187117572,0.8630770413341803,-0.8994768337004911
2022-05-09 20:00:00+00:00,0.009326601634188504,7.805498797421078,-2.0957286520914495
2022-05-09 21:00:00+00:00,-0.00639807161291216,-6.961687474663168,0.4057826833662388
2022-05-09 22:00:00+00:00,0.00035864807910519504,1.3837735037101697,-1.4374920585651103
2022-05-09 23:00:00+00:00,0.014789899949782291,-25.721762087090028,0.1762722556356925
2022-05-10 00:00:00+00:00,-0.012186827498460586,15.714188839225613,-2.1016655935687107
2022-05-10 01:00:00+00:00,-6.772839656164217e-05,2.538869993752006,2.4840531806610993
2022-05-10 02:00:00+00:00,0.002786439604928177,2.060364507193079,1.6725035323033097
2022-05-10 03:00:00+00:00,0.0028570164535944133,-5.525598994280662,1.0330011174948028
2022-05-10 04:00:00+00:00,-0.015260367001417962,17.85335413154031,-2.027391552535141
2022-05-10 05:00:00+00:00,-0.01861240090315919,16.53888410438319,1.1853413110669326
2022-05-10 06:00:00+00:00,-0.0013908980463563112,4.3532524690091146,0.4807042065232671
2022-05-10 07:00:00+00:00,0.008658101966264004,-8.709797993633183,-0.8463650834034138
2022-05-10 08:00:00+00:00,-0.0075372790457686025,5.986648972314803,0.6428535174332866
2022-05-10 09:00:00+00:00,0.00831610363770059,-6.9307291001423055,-0.8014116361723166
2022-05-10 10:00:00+00:00,0.007217784790788199,0.7898422413389967,0.2684182565173627
2022-05-10 11:00:00+00:00,0.008449496032596976,10.296599726561178,0.3238516533342232
2022-05-10 12:00:00+00:00,0.016786133134980622,8.89662279195625,1.8575254197749949
2022-05-10 13:00:00+00:00,-0.010710455119577314,-6.698977994910582,-1.6395207023172957
2022-05-10 14:00:00+00:00,-0.022174656068602784,-15.125976304493284,-0.19640135206412945
2022-05-10 15:00:00+00:00,0.0071479384800777705,4.090765424403965,-0.0468978677666048
2022-05-10 16:00:00+00:00,-0.0033952804476217345,-2.5173448147990327,1.518504843726443
2022-05-10 17:00:00+00:00,0.01500762761735517,9.550528901441957,0.5221079956428853
2022-05-10 18:00:00+00:00,-0.001582988994400383,-6.759002510691747,0.14467447029495106
2022-05-10 19:00:00+00:00,-0.009836945898784347,-6.178803459956407,0.5968264968766553
2022-05-10 20:00:00+00:00,-0.010341990636357712,-7.832613789649603,0.7710543870914577
2022-05-10 21:00:00+00:00,-0.02468128373393629,-15.636529725756107,-0.7391455356287564
2022-05-10 22:00:00+00:00,0.018126484519035032,9.582948783310544,1.2190076607675382
2022-05-10 23:00:00+00:00,0.007407663251837203,6.368316210866419,-0.4312816054630639
2022-05-11 00:00:00+00:00,0.0008067989076113822,2.0286203725989056,-0.25040955479782495
2022-05-11 01:00:00+00:00,-0.008830426233582168,-9.912465525507745,1.885430029491164
2022-05-11 02:00:00+00:00,0.02317384874765838,12.323752871135335,0.32421468463991165
2022-05-11 03:00:00+00:00,-0.008834237627397618,-6.2659804593537025,-0.5138090672751445
2022-05-11 04:00:00+00:00,0.00048699934583136566,-5.445065541920866,1.2259250533243309
2022-05-11 05:00:00+00:00,0.0068240284284998,0.4852947238666103,-1.5472745244319257
2022-05-11 06:00:00+00:00,-0.029869165265168866,-20.456582489396894,-1.3141765495014972
2022-05-11 07:00:00+00:00,0.004840153284171355,-0.7240061035014447,-1.1311195169435315
2022-05-11 08:00:00+00:00,0.02817820636058341,11.906845325591506,-0.412644753368947
2022-05-11 09:00:00+00:00,0.0077967521402836,9.665173110317678,2.323789242124578
2022-05-11 10:00:00+00:00,-0.001389332435915167,-6.51658849440489,1.430731563550945
2022-05-11 11:00:00+00:00,0.026773387934912414,-14.644928541973629,1.9800237063437576
2022-05-11 12:00:00+00:00,0.1039565046854387,-53.1235514064559,4.7260592922869025
2022-05-11 13:00:00+00:00,-0.08077279574006227,49.24002495040864,7.4415999854960795
2022-05-11 14:00:00+00:00,-0.017849537824466993,2.7428259243016573,-1.0693474114280301
2022-05-11 15:00:00+00:00,-0.016002804595080706,-11.145280207427401,0.06749938142760598
2022-05-11 16:00:00+00:00,-0.015614924547163811,-12.22284244313353,0.5766395571323666
2022-05-11 17:00:00+00:00,-0.04740006179643803,-3.670058109754621,1.545800349890705
2022-05-11 18:00:00+00:00,-0.0053566084152835555,-2.477562570350076,0.10794869519583869
2022-05-11 19:00:00+00:00,-0.0033638674138903157,-7.252958882741657,0.13428618210092153
2022-05-11 20:00:00+00:00,0.008321023147837232,-13.46348550441335,-0.32967209641289064
2022-05-11 21:00:00+00:00,0.0271498143588054,11.628705982715083,1.3448335899811097
2022-05-11 22:00:00+00:00,-0.015526242278771536,1.1628894256407971,1.051780782617935
2022-05-11 23:00:00+00:00,-0.00732976376900448,1.15831188894782,-0.1543618793818893
2022-05-12 00:00:00+00:00,0.028854421239087776,9.438651917330285,0.5945480935321417
2022-05-12 01:00:00+00:00,-0.00797994996618173,-7.840009335716018,0.3469401995302751
2022-05-12 02:00:00+00:00,0.011001062723112225,-9.483944503355675,-0.10786954604551934
2022-05-12 03:00:00+00:00,-0.01339712831509647,-10.574912405026792,0.7351710658416578
2022-05-12 04:00:00+00:00,-0.030606808499422943,-8.915904762109694,0.6571495882742799
2022-05-12 05:00:00+00:00,-0.030049017485303458,-10.454734912666027,3.6610515187068113
2022-05-12 06:00:00+00:00,-0.019734676174431524,-5.120013118779969,-2.8992766926981846
2022-05-12 07:00:00+00:00,-0.006189765039850361,16.071490147675007,-2.231166040118376
2022-05-12 08:00:00+00:00,0.007746794096156114,-2.448558175770175,-0.5229795208609457
2022-05-12 09:00:00+00:00,-0.00397095234646227,-1.928804409585872,0.06416503668372181
2022-05-12 10:00:00+00:00,-0.0029065982570425425,11.356419566615834,-1.7093837986812148
2022-05-12 11:00:00+00:00,0.018955225012705086,-0.9914367000394174,-2.130934181215571
2022-05-12 12:00:00+00:00,0.0005631833453090469,3.4182862464623054,0.206014579266569
2022-05-12 13:00:00+00:00,-0.0019445874961375956,-6.865055731854123,1.381033517113336
2022-05-12 14:00:00+00:00,-0.03515042917752479,17.43614134468578,0.4552034665428803
2022-05-12 15:00:00+00:00,0.021607027254645625,-2.9360529770539947,-0.4959506649254809
2022-05-12 16:00:00+00:00,0.001257862493720861,10.945832141085871,-0.8110492341801359
2022-05-12 17:00:00+00:00,0.024073322601586462,-9.98511908917463,-0.13326252005098807
2022-05-12 18:00:00+00:00,0.015341766103373218,-6.356879063352258,-0.9428588971576388
2022-05-12 19:00:00+00:00,-0.005094959521283065,4.3033801133869,0.7279468813515524
2022-05-12 20:00:00+00:00,0.016969323086548565,-3.367437070188981,-0.721153572759555
2022-05-12 21:00:00+00:00,0.019515372278629355,-3.248809258541914,-1.0658697569198095
2022-05-12 22:00:00+00:00,-0.00834402373743702,1.0871923971106863,0.1260312586736282
2022-05-12 23:00:00+00:00,-0.026493517652371866,5.070408365546318,0.5612779654759972
2022-05-13 00:00:00+00:00,-0.015677247938745614,7.659252594940884,0.3413328825950537
2022-05-13 01:00:00+00:00,0.001826250727499962,-0.31778811184526284,-0.33283732007140987
2022-05-13 02:00:00+00:00,-0.017304598911805587,8.605456782163824,1.478550427340088
2022-05-13 03:00:00+00:00,-0.021340222595327862,10.031591474901095,1.325508961706203
2022-05-13 04:00:00+00:00,-0.017735904053410988,0.8136589710790202,0.05234838263006178
2022-05-13 05:00:00+00:00,-0.011480341900315556,3.7240031000513967,0.7990715344348621
2022-05-13 06:00:00+00:00,0.004160308569750725,0.40714747864325845,-0.5414141264241752
2022-05-13 07:00:00+00:00,0.015602551114639736,-6.659726848731921,-0.1178886258020093
2022-05-13 08:00:00+00:00,-0.019082647287714197,5.135251514082203,0.3008784606718939
2022-05-13 09:00:00+00:00,0.014363783348594833,0.6589268776467886,0.6776130381431678
2022-05-13 10:00:00+00:00,-0.006046015548393601,3.21917502471835,-0.10377617076057707
2022-05-13 11:00:00+00:00,-0.006768860565787845,3.9073056730966687,0.8011915677071547
2022-05-13 12:00:00+00:00,0.008700856704965185,-0.6863929711600425,-0.19042568350975117
2022-05-13 13:00:00+00:00,-0.009966571615614716,1.4608149824131178,0.15875274168859047
2022-05-13 14:00:00+00:00,0.010760348499385388,-0.0003039940893928197,0.23747032002658527
2022-05-13 15:00:00+00:00,-0.00619558232425688,-5.822348116461017,-0.33424183880187164
2022-05-13 16:00:00+00:00,-0.0073779447802926725,-5.8343859981770345,-0.41668494769849707
2022-05-13 17:00:00+00:00,-0.007768225577153219,-2.8512382139442485,0.5598458362873715
2022-05-13 18:00:00+00:00,0.01787947642815411,4.307156849163833,0.26782787430545946
2022-05-13 19:00:00+00:00,-0.004291423936236968,-2.4409096251116114,-0.5410597802666465
2022-05-13 20:00:00+00:00,-0.017331015861227407,-1.7120383775152477,0.08253720883893037
2022-05-13 21:00:00+00:00,0.007893552281132756,4.97175542822865,0.10845438080558659
2022-05-13 22:00:00+00:00,-0.00595624218806099,-4.0582493824014305,-0.33215304707579657
2022-05-13 23:00:00+00:00,-0.008404775633356022,-3.7465697531295357,-0.6414467917575765
2022-05-14 00:00:00+00:00,0.008760241248796145,3.904523968919832,0.3536522587960171
2022-05-14 01:00:00+00:00,0.004456646560888748,4.73631340104746,0.17373861993112938
2022-05-14 02:00:00+00:00,-0.004407185863658936,-1.8636438103742166,-0.07228225371084578
2022-05-14 03:00:00+00:00,-0.0020870664523798058,-0.8528539496086053,-0.38481511853903855
2022-05-14 04:00:00+00:00,-0.019199079295169886,-5.355471576389555,-0.3349018547692574
2022-05-14 05:00:00+00:00,0.010684735999588583,2.005683596047129,0.12405166953736034
2022-05-14 06:00:00+00:00,-0.0015577202446872556,0.7827056883854968,0.09661829296794754
2022-05-14 07:00:00+00:00,-0.005646806754749501,-2.209389752407261,0.7095026936587242
2022-05-14 08:00:00+00:00,0.01043002738270011,1.2117081305048958,-0.27422925204415355
2022-05-14 09:00:00+00:00,-0.0008427180383922361,-2.1291397137905235,-0.4315547601566111
2022-05-14 10:00:00+00:00,-0.022665011790448216,-5.40859755176621,0.1510995275380442
2022-05-14 11:00:00+00:00,-0.009626938768924813,-1.2495395104962232,0.019380938823615808
2022-05-14 12:00:00+00:00,0.00024268390251587981,-0.9114917906847184,-0.6481438696497521
2022-05-14 13:00:00+00:00,-0.008472950765506134,-3.6643653128363023,-0.39244894200212743
2022-05-14 14:00:00+00:00,-0.0032511632328732177,1.0686013869026822,0.185044190634004
2022-05-14 15:00:00+00:00,-0.0018961067842863215,-1.2927123762472077,-0.10954360395865911
2022-05-14 16:00:00+00:00,0.01633541979003209,8.46639705096906,0.5271401438845364
2022-05-14 17:00:00+00:00,0.006001717933066837,2.683693177180373,-0.9942349956376798
2022-05-14 18:00:00+00:00,-0.006140086973169541,-0.05706889736600659,-0.2376796049337632
2022-05-14 19:00:00+00:00,-0.004797253791400068,-1.2566216546742128,-0.8537034065179756
2022-05-14 20:00:00+00:00,0.0028215092340841508,1.1247913727541066,0.014743771880545927
2022-05-14 21:00:00+00:00,0.01747411985230206,4.549750465475999,0.14738237145169036
2022-05-14 22:00:00+00:00,0.005879764050758765,3.0686817665785324,0.9866066911946115
2022-05-14 23:00:00+00:00,0.014487473739176913,1.4756629312889338,0.061325183700696555
2022-05-15 00:00:00+00:00,-0.00799614410845684,-1.5052158424882633,-0.73802135602251
2022-05-15 01:00:00+00:00,0.006601418848530403,-1.1177572688684247,-0.13876623862606938
2022-05-15 02:00:00+00:00,0.007507043068419027,-2.693128616408503,-0.332999725438077
2022-05-15 03:00:00+00:00,-0.0004234078901041826,-0.41187481999530845,-0.3165888004973035
2022-05-15 04:00:00+00:00,-0.010225109080319188,-0.1339589390248544,0.02281087780002676
2022-05-15 05:00:00+00:00,-0.010114634804314895,4.1207696951409725,0.2698512925494788
2022-05-15 06:00:00+00:00,0.0075523987089723965,1.1073550284383198,0.131540862477222
2022-05-15 07:00:00+00:00,0.004974632539847958,-1.7600710127795454,-0.3215138782929056
2022-05-15 08:00:00+00:00,-0.009141314592282497,-2.0306027554857375,-0.32969362892082116
2022-05-15 09:00:00+00:00,0.003690869300644539,1.7519640220091843,-0.3893687857913046
2022-05-15 10:00:00+00:00,0.007668741970550472,2.3004462391393803,0.06619515610217598
2022-05-15 11:00:00+00:00,0.00047499420377775244,2.586766328673116,0.06916372025522186
2022-05-15 12:00:00+00:00,0.01017997992798696,-0.6194624621226748,-0.12267448167937275
2022-05-15 13:00:00+00:00,0.001488153292087905,-2.256790959632166,-0.10979141608893336
2022-05-15 14:00:00+00:00,0.010769524151977978,-0.6783890110520802,0.02860521192746008
2022-05-15 15:00:00+00:00,-0.007986837510024011,-0.5375145469129394,0.0747590027845146
2022-05-15 16:00:00+00:00,-0.004648523974628287,2.9749516339737627,0.19610992635469146
2022-05-15 17:00:00+00:00,-0.0017562635875784862,-1.6996345799205754,0.0811509382822944
2022-05-15 18:00:00+00:00,-0.010362272307026533,3.025458172221057,0.9645011514291295
2022-05-15 19:00:00+00:00,0.0015295515300374686,1.642207872124802,0.06677464102227418
2022-05-15 20:00:00+00:00,0.00729030458572081,3.8548284872171656,-0.1328032861682697
2022-05-15 21:00:00+00:00,-0.003697153566353699,0.8052498348264355,-0.16390814730590536
2022-05-15 22:00:00+00:00,-0.0035073390282093094,0.43364494613915033,0.507259722885527
2022-05-15 23:00:00+00:00,-0.0066753868911393925,3.024826861648242,-0.32379151125803035
2022-05-16 00:00:00+00:00,0.006246082653255989,-4.848718854489787,-0.21847379700157113
2022-05-16 01:00:00+00:00,0.00581974748626469,-2.2623267671408467,-0.37600778554114644
2022-05-16 02:00:00+00:00,0.00018281266710322593,-0.6802924191416625,0.16295122374528442
2022-05-16 03:00:00+00:00,-0.0013620524402136365,-2.155626867243267,0.047490679434347094
2022-05-16 04:00:00+00:00,0.0003433206850982721,-0.4856981070003688,-0.31923639217232236
2022-05-16 05:00:00+00:00,-0.004074510178354724,-0.3667082475053411,0.12987906320096926
2022-05-16 06:00:00+00:00,0.008128245344510768,-7.53713711070147,-0.01765918382377861
2022-05-16 07:00:00+00:00,-0.00709503456551019,1.1143600727960887,-0.1701214758007628
2022-05-16 08:00:00+00:00,0.0005599563487576133,2.1227699210540862,-0.3982332097881094
2022-05-16 09:00:00+00:00,-0.0007307850937848026,-3.584164389323208,0.18003216819323709
2022-05-16 10:00:00+00:00,-0.00019681311363535997,5.778055162419772,0.015923415907776017
2022-05-16 11:00:00+00:00,-0.0020802719241590304,-2.5881778487307376,-0.03626002509878232
2022-05-16 12:00:00+00:00,-0.00382270525273887,0.5411578093129105,0.07066378362787308
2022-05-16 13:00:00+00:00,-0.00071069131197537,-3.31700871674362,0.33347328988833314
2022-05-16 14:00:00+00:00,0.0076631276096186755,-0.6028295186768752,-0.5253316697606509
2022-05-16 15:00:00+00:00,-0.0002845418897127202,1.6939705897433992,-0.1270932527076966
2022-05-16 16:00:00+00:00,-0.004109916853319617,-2.537106234372881,0.1428286903131058
2022-05-16 17:00:00+00:00,0.005735375356060742,3.812641777557398,0.03147898398535612
2022-05-16 18:00:00+00:00,0.00637602559112744,1.8538014775465412,-0.024307865141040746
2022-05-16 19:00:00+00:00,-0.01434526924619569,-2.220838534683794,-0.12810948921523274
2022-05-16 20:00:00+00:00,0.013554393608468267,2.068302770509053,0.009127606003724718
2022-05-16 21:00:00+00:00,-0.0018601039192315443,1.5985132609747534,0.31553463240137464
2022-05-16 22:00:00+00:00,-0.0065195743133901,-2.1453160160355056,-0.06315212018765852
2022-05-16 23:00:00+00:00,-0.0037417862055373623,-1.7957170813443704,-0.13489234716890855
2022-05-17 00:00:00+00:00,0.012441477838483676,4.449196756818918,0.02010239693738084
2022-05-17 01:00:00+00:00,-0.0012802693165480774,-0.5165860858846814,-0.4039650619195858
2022-05-17 02:00:00+00:00,-0.0016655974179660576,0.2608393027483922,0.16411433765466774
2022-05-17 03:00:00+00:00,0.00928893238377805,3.2498003349454456,0.11400043099815857
2022-05-17 04:00:00+00:00,0.0075267633944734345,1.0445342455335018,0.20611070369708676
2022-05-17 05:00:00+00:00,-0.0029747699242966964,0.7969296955122294,-0.10337377847917156
2022-05-17 06:00:00+00:00,0.0018407980569831051,1.2110534786591975,-0.12924180946353842
2022-05-17 07:00:00+00:00,-0.01984760670260164,-3.2118537827096616,0.18616327672009775
2022-05-17 08:00:00+00:00,0.006081731277253673,1.6183177601791883,-0.25365604313090606
2022-05-17 09:00:00+00:00,0.009210199219308437,1.022377002897641,0.06370038214434105
2022-05-17 10:00:00+00:00,0.00230392562149316,-1.4920801003663784,0.05626016846575527
2022-05-17 11:00:00+00:00,-0.006681178221667155,-0.6381822434131672,0.36419698263602923
2022-05-17 12:00:00+00:00,0.02343006984384727,3.7768720690070525,0.20916942614306933
2022-05-17 13:00:00+00:00,-0.0013694015610542201,-0.4564255589931642,0.06224392744997753
2022-05-17 14:00:00+00:00,-0.023387627696791424,-5.976999247416047,0.06622640963851215
2022-05-17 15:00:00+00:00,0.008386439544561792,0.5749450448295103,-0.07264996573034872
2022-05-17 16:00:00+00:00,-0.0030240540786601175,-0.031244251622316102,-0.15610324176832097
2022-05-17 17:00:00+00:00,0.0016830662922029142,-1.1853336748988124,0.4987858378019539
2022-05-17 18:00:00+00:00,-0.004872180814730203,-1.9039434837457736,-0.09243454665959137
2022-05-17 19:00:00+00:00,0.008867214826680764,2.3572275287141955,0.6982478313594579
2022-05-17 20:00:00+00:00,0.010075283417561838,0.08219485566160653,-0.0361505649514982
2022-05-17 21:00:00+00:00,0.024199190643907142,4.400170729363414,-0.0847687532510131
2022-05-17 22:00:00+00:00,-0.00901456839368512,-0.37899758932358246,-0.0811275121067563
2022-05-17 23:00:00+00:00,0.017618622217096303,1.025464058844173,-0.1979841683139442
2022-05-18 00:00:00+00:00,-0.0017633709519136339,0.3639409710861707,-0.18224628172242743
2022-05-18 01:00:00+00:00,-0.011624022211213909,-3.279533359224338,0.2421325206416034
2022-05-18 02:00:00+00:00,0.003909293483342161,1.74936505463654,0.12589425142649652
2022-05-18 03:00:00+00:00,-0.024783152263454216,-4.719949903462903,0.24114336529153185
2022-05-18 04:00:00+00:00,-0.0005027120517235553,0.20262521684114748,-0.08916217857055009
2022-05-18 05:00:00+00:00,0.004648771652256762,1.7073793766940673,-0.14859632876185622
2022-05-18 06:00:00+00:00,-0.009408926417370332,-3.103584338007763,-0.003985196628524368
2022-05-18 07:00:00+00:00,0.011278120166376906,1.7129818021133434,-0.13627021762614386
2022-05-18 08:00:00+00:00,-0.007153171911206661,-0.223887498062662,0.2576238554915023
2022-05-18 09:00:00+00:00,-0.004860973384633713,0.024652997404984455,-0.16322976788837223
2022-05-18 10:00:00+00:00,-0.0011969812133799343,0.17620376512537278,-0.395289047970492
2022-05-18 11:00:00+00:00,-0.00018586209032893548,-1.080598620757665,0.13711338033769163
2022-05-18 12:00:00+00:00,-0.022639890629322434,-4.020940607063056,-0.47633695057051184
2022-05-18 13:00:00+00:00,-0.0008671865666414734,-2.8335563622031215,0.30377443711094004
2022-05-18 14:00:00+00:00,-0.02598424059007992,-1.3708611551936551,0.08936090482632852
2022-05-18 15:00:00+00:00,-0.022663153920233485,-3.4733125616713454,0.3033991103157612
2022-05-18 16:00:00+00:00,0.005883249836636879,2.635233679077953,-0.21259770518518764
2022-05-18 17:00:00+00:00,-0.011881513584588159,-1.8591934057296304,0.3805553791814947
2022-05-18 18:00:00+00:00,0.0010056901466466539,1.5717947488855906,-0.26630314002316763
2022-05-18 19:00:00+00:00,0.009418575669991353,2.075973095808,0.15003352251030774
2022-05-18 20:00:00+00:00,-0.014046301651287505,-1.7639009196241067,0.4298505968162997
2022-05-18 21:00:00+00:00,-0.007150603003516123,-0.872607003678518,-0.28654754259844345
2022-05-18 22:00:00+00:00,-0.0053768308274578305,-0.7564648313217777,0.005735968748445265
2022-05-18 23:00:00+00:00,-0.011085788557667908,-4.1661634123615325,0.517237222597828
2022-05-19 00:00:00+00:00,0.007667204914238004,1.4263801959765112,-0.5928602652621032
2022-05-19 01:00:00+00:00,-0.010799203704117947,-4.516077349681934,0.23783067463699795
2022-05-19 02:00:00+00:00,0.01590132465658314,4.832622757485176,-0.4589194805379331
2022-05-19 03:00:00+00:00,0.012927443248902857,1.45503352649331,-0.16485907959596371
2022-05-19 04:00:00+00:00,-0.014676352663539215,-1.2465388057503224,-0.18309118598717541
2022-05-19 05:00:00+00:00,0.0010348596025604175,-1.484520521254375,0.1014775715463734
2022-05-19 06:00:00+00:00,0.00793955406394485,4.628729598786587,0.5280245028480988
2022-05-19 07:00:00+00:00,-0.011392287890542306,-2.536009404231219,0.12111876614824599
2022-05-19 08:00:00+00:00,-0.00889222701332499,-3.426928917446063,-0.11364581760794304
2022-05-19 09:00:00+00:00,-0.001255187543111659,-0.5407689120470381,-0.277672060992729
2022-05-19 10:00:00+00:00,0.0018822197055491897,1.151278480347395,0.282627817679227
2022-05-19 11:00:00+00:00,0.0014153850321340328,5.337738479660556,0.23042621688837198
2022-05-19 12:00:00+00:00,-0.014839352562548834,-1.4175491354853353,-0.2505967473416678
2022-05-19 13:00:00+00:00,-0.010458716432327037,1.0795506486939652,-0.07271928500321237
2022-05-19 14:00:00+00:00,0.003090446768607693,3.1943615520622153,-0.01973557778361791
2022-05-19 15:00:00+00:00,0.016497270285235795,4.339316190943813,-0.2819783043832774
2022-05-19 16:00:00+00:00,0.003155846621108512,-1.7608355575769605,0.08979604302875388
2022-05-19 17:00:00+00:00,-0.003178694001490869,-0.09599186661807824,-0.04117555276345722
2022-05-19 18:00:00+00:00,-0.0014593560226711356,-0.7601638610697713,0.014649631511204374
2022-05-19 19:00:00+00:00,-0.011852474018269265,-2.4479446964293237,0.09889490845398234
2022-05-19 20:00:00+00:00,0.007719442318818964,2.492408020824831,-0.017148998314610274
2022-05-19 21:00:00+00:00,-0.013388799552541514,-0.5644013387159503,-0.1006327740185282
2022-05-19 22:00:00+00:00,-0.007260829324886173,-0.5534883518449627,-0.09556171192942575
2022-05-19 23:00:00+00:00,0.0021685254027260827,2.871887196159584,0.17214088097135483
2022-05-20 00:00:00+00:00,-0.0020734734865037715,0.11373130266405518,-0.09258205510833376
2022-05-20 01:00:00+00:00,0.006287764701507747,2.4377124097165375,0.11570896823496271
2022-05-20 02:00:00+00:00,-0.007131068300195891,-1.496328112939482,0.19684165267884576
2022-05-20 03:00:00+00:00,0.00023204095801360893,-1.5810131909522647,0.3612538204643642
2022-05-20 04:00:00+00:00,-0.002170795197533125,-0.5499015485365801,-0.04731334973724987
2022-05-20 05:00:00+00:00,0.00030482534808632826,1.5846529547138812,-0.2149303473619707
2022-05-20 06:00:00+00:00,-0.005127268096321749,-3.140884459737103,-0.6573148873833551
2022-05-20 07:00:00+00:00,0.001337386701431279,0.9709009898666805,-1.0042395176953773
2022-05-20 08:00:00+00:00,-0.014616050896071773,0.7409759225413138,0.6695728263693337
2022-05-20 09:00:00+00:00,-0.013980557903634814,1.8644184802914836,-0.02462791853068573
2022-05-20 10:00:00+00:00,-0.011964918707508718,1.850540245403868,0.0640849123221282
2022-05-20 11:00:00+00:00,-0.01903851967228023,0.9146689488010137,-0.467095172942007
2022-05-20 12:00:00+00:00,0.008186200382227907,-2.802232545266945,0.21170287316728048
2022-05-20 13:00:00+00:00,0.006968154259261466,0.8076019836103393,-0.3248812590824202
2022-05-20 14:00:00+00:00,0.026003625264299758,-6.8162441584828795,0.6514285055895132
2022-05-20 15:00:00+00:00,0.019951207917039936,-3.2869897329509317,0.6304483427279439
2022-05-20 16:00:00+00:00,0.029701403703008458,-2.4985553739800253,0.6455745444618736
2022-05-20 17:00:00+00:00,-0.00860093264859337,1.1213560535501825,-0.11652544543882899
2022-05-20 18:00:00+00:00,-0.0031850994753009495,0.1837674583982363,-0.39850524096068357
2022-05-20 19:00:00+00:00,-0.018445602105433088,3.2509588510980323,-1.702424554136566
2022-05-20 20:00:00+00:00,-0.0008222023233175172,-1.0910174557672345,0.3349601813020201
2022-05-20 21:00:00+00:00,0.004137874211572744,-0.11939024392486573,0.002844932281327717
2022-05-20 22:00:00+00:00,-0.01092598577681808,0.45619643560479584,0.21468030075941177
2022-05-20 23:00:00+00:00,0.0009295876116957424,-0.3200438298906259,0.09966562781601315
2022-05-21 00:00:00+00:00,-0.0095846069074278,0.07421263337180692,0.09457751902081064
2022-05-21 01:00:00+00:00,0.01264449697244434,-1.2325681322899351,-0.23878923065157853
2022-05-21 02:00:00+00:00,0.003324500241987912,1.6829264642259532,0.198307774605035
2022-05-21 03:00:00+00:00,0.0018380366277229111,1.2753433323388004,-0.025681178324147284
2022-05-21 04:00:00+00:00,-0.00710554780168063,-0.8207773728270318,0.47714808939326153
2022-05-21 05:00:00+00:00,0.004407962561306048,-0.48141407304728456,-0.40467293895426476
2022-05-21 06:00:00+00:00,0.005565470105656576,0.7506776478719426,-0.1594810487383267
2022-05-21 07:00:00+00:00,0.00728249864474045,1.2452827024663775,-0.112348566475016
2022-05-21 08:00:00+00:00,0.004076837432606738,-0.5161982825247705,-0.18180757337134923
2022-05-21 09:00:00+00:00,0.001584897674468466,-0.07020385492914463,0.2715011273209794
2022-05-21 10:00:00+00:00,-0.0067340563983342,-0.3011142162918102,0.08889659542362262
2022-05-21 11:00:00+00:00,-0.0007425244889463292,-0.3969920196810384,0.10068879508368092
2022-05-21 12:00:00+00:00,0.005541756385127863,-0.04173684126195758,-0.1802847353877622
2022-05-21 13:00:00+00:00,-0.0023176096881008653,0.7766750683388148,0.35213084985904314
2022-05-21 14:00:00+00:00,-0.013571832597432405,2.294462750208339,-0.5592358287508401
2022-05-21 15:00:00+00:00,-0.005086492433052403,1.9447586218255026,-0.7494418983455703
2022-05-21 16:00:00+00:00,-0.003667888313621882,1.3941931868350794,0.48147901935405063
2022-05-21 17:00:00+00:00,0.009677105051601506,-2.120057700403189,0.13278203935084598
2022-05-21 18:00:00+00:00,-0.009076833588557785,1.8515458314407949,0.12622628427247484
2022-05-21 19:00:00+00:00,0.0069247612379763086,-1.7139055311889806,-0.2958981237673099
2022-05-21 20:00:00+00:00,0.0019398445077518224,-1.039368692088366,-0.10386004898515674
2022-05-21 21:00:00+00:00,0.007100243201128781,-1.7667656580519309,-0.2770754598522216
2022-05-21 22:00:00+00:00,-0.006992837951507124,2.590184752645359,0.48790707410286505
2022-05-21 23:00:00+00:00,-0.0007090200012150933,0.3330999458688263,-0.002871888442070178
2022-05-22 00:00:00+00:00,-0.006160636827550021,1.3023150432644413,0.25552972735688145
2022-05-22 01:00:00+00:00,0.0033470244433432277,-0.23636064712150823,-0.26022684368342885
2022-05-22 02:00:00+00:00,0.0014961862798403556,-1.5698982483347805,0.32567208589505137
2022-05-22 03:00:00+00:00,0.002223074023963169,0.33432907022490693,0.10783397801583931
2022-05-22 04:00:00+00:00,0.009526687266963898,-2.829417424591706,-0.314730563261694
2022-05-22 05:00:00+00:00,-0.006454759120461881,1.6008277784418885,0.16777996568024606
2022-05-22 06:00:00+00:00,-0.007594615313650917,1.8846977022165847,-0.38400322414792154
2022-05-22 07:00:00+00:00,-0.00960661696167124,1.1835791490781886,0.10207072878791973
2022-05-22 08:00:00+00:00,-0.010103743103673821,1.835384076329416,-0.33959602123459287
2022-05-22 09:00:00+00:00,-0.010802149927282758,6.029589925196856,-0.9574995155877517
2022-05-22 10:00:00+00:00,0.009100144273776364,-0.9116494556424455,-0.6446819054595199
2022-05-22 11:00:00+00:00,0.013212132026056882,-3.0642712883125323,0.221836237781539
2022-05-22 12:00:00+00:00,-0.0072517773135424984,4.019828705152253,0.0998584930993674
2022-05-22 13:00:00+00:00,0.002815015700953537,-1.6927533230560734,0.3840557356471599
2022-05-22 14:00:00+00:00,0.0027210998841010843,0.37273116502707127,0.021398537453115866
2022-05-22 15:00:00+00:00,0.006764316436192112,-3.150974518480002,0.056799880512925144
2022-05-22 16:00:00+00:00,-0.002289041333397775,-0.2674764112797361,-1.4166875050839784
2022-05-22 17:00:00+00:00,0.0014618378099778397,-0.24087759328131728,-0.6424555271420012
2022-05-22 18:00:00+00:00,-0.00348621086760259,1.4972229358773552,0.1811083945587743
2022-05-22 19:00:00+00:00,0.0033418129878289298,-1.3713595544130646,0.06502106047253514
2022-05-22 20:00:00+00:00,-3.9113706344442934e-05,0.5166072456319444,-0.06693108321967986
2022-05-22 21:00:00+00:00,-0.003827932077929778,0.6413380141214307,-0.12725680832159517
2022-05-22 22:00:00+00:00,-0.009849639467634199,4.1828107253114615,0.373291881114959
2022-05-22 23:00:00+00:00,-0.0023717332809735005,0.35619761455857774,0.2110303864881993
2022-05-23 00:00:00+00:00,-0.0006004200209190977,3.033283020539187,-0.17132398929069254
2022-05-23 01:00:00+00:00,0.004300274944420002,-3.8475045028225354,-0.013217599339979916
2022-05-23 02:00:00+00:00,0.0033458663736196416,-2.444547273620696,0.1374246722052297
2022-05-23 03:00:00+00:00,-0.0016295103560660636,1.7414937089668188,-0.0765712064351464
2022-05-23 04:00:00+00:00,0.00025452701023869444,0.4630799125304568,-0.3072594898484929
2022-05-23 05:00:00+00:00,-0.005794246835065616,3.078366626206433,0.43870704235888036
2022-05-23 06:00:00+00:00,-0.006907103296596926,4.673300576955716,-0.44238770515674053
2022-05-23 07:00:00+00:00,-0.004418339213859788,2.740436033721923,-0.41167163174405325
2022-05-23 08:00:00+00:00,0.0020689765356226085,-2.4225112542760217,0.29590331436761974
2022-05-23 09:00:00+00:00,0.000596127576647844,2.3020286249372406,-0.30680617438905355
2022-05-23 10:00:00+00:00,0.004797030308509682,1.1434163663862482,-1.0715568780479214
2022-05-23 11:00:00+00:00,-0.005108467274584431,0.12903941302081945,-0.3425043603479763
2022-05-23 12:00:00+00:00,-0.005708930806590494,-1.221830132286153,0.1762957560462187
2022-05-23 13:00:00+00:00,-0.003740881268377584,-1.2730958059619488,0.4529875657636094
2022-05-23 14:00:00+00:00,-8.884676893918072e-05,-1.2877854105692936,-0.23263231048751065
2022-05-23 15:00:00+00:00,-0.002711148991436314,3.9319764388403344,0.3485134422472791
2022-05-23 16:00:00+00:00,0.0007054456109480448,-0.018926927897013043,0.8279486760532411
2022-05-23 17:00:00+00:00,-0.002117005852977494,-2.238920485133382,0.5153499780380549
2022-05-23 18:00:00+00:00,0.005542646949240933,-5.123658750796174,0.0929914601528874
2022-05-23 19:00:00+00:00,-0.012977314310348907,-12.640077795235952,1.307993648439023
2022-05-23 20:00:00+00:00,0.001777615374185679,5.437168348467126,-0.23204065592367834
2022-05-23 21:00:00+00:00,-0.003158477287942196,-1.9990334252008115,-0.7004829578699432
2022-05-23 22:00:00+00:00,-0.007654507161766829,-7.03437961205495,-0.36995448338680087
2022-05-23 23:00:00+00:00,-0.0008246771310419723,-2.704429541796587,0.27149220384662065
2022-05-24 00:00:00+00:00,-0.0013313107445364922,1.5426436963316588,0.0068608277068164525
2022-05-24 01:00:00+00:00,0.0026954615595582232,2.975935828099485,-0.1515058314957382
2022-05-24 02:00:00+00:00,-0.00018813038659272257,0.7493082585477894,-0.4256978843841613
2022-05-24 03:00:00+00:00,-0.0038344956735424005,0.6135121763329601,-0.1699187496607506
2022-05-24 04:00:00+00:00,-0.0026351031880251855,-0.225036732675769,0.47303682507974554
2022-05-24 05:00:00+00:00,0.0022559479532904586,-1.187426794558321,-0.4045482935127111
2022-05-24 06:00:00+00:00,0.004513639334648714,-1.009019268932232,0.3297302129726579
2022-05-24 07:00:00+00:00,-0.00785431312579721,2.0440462966845794,0.219341043093351
2022-05-24 08:00:00+00:00,0.022086547152278986,-9.515010816071497,0.14352293942838434
2022-05-24 09:00:00+00:00,-0.008257658418337725,3.7952470217736343,-0.64178974390476
2022-05-24 10:00:00+00:00,-0.004301967044363482,2.23601155146559,-0.9749852095287228
2022-05-24 11:00:00+00:00,0.0020063707875224365,-2.2595312279692887,0.49361769330699734
2022-05-24 12:00:00+00:00,6.6883051622906855e-06,-1.097558746128965,-0.21912352816109268
2022-05-24 13:00:00+00:00,0.016486000066066365,-12.095922192193788,0.38626410650440623
2022-05-24 14:00:00+00:00,-0.002802824026260362,3.2565673287351937,-0.9222443921371131
2022-05-24 15:00:00+00:00,-0.009275686014978997,9.982643756810491,-0.49568417471325427
2022-05-24 16:00:00+00:00,-0.003180291312750069,-2.2237943194844103,1.0293127081458457
2022-05-24 17:00:00+00:00,0.0007585909532808334,-0.6181118521320688,0.2441493853587009
2022-05-24 18:00:00+00:00,0.004923151121654654,-1.313517895194481,-0.8366340423119106
2022-05-24 19:00:00+00:00,-0.0065446710452508276,3.2988447575570463,0.24856520837320342
2022-05-24 20:00:00+00:00,-0.009837287760325985,3.584557033679172,-0.28207390887586414
2022-05-24 21:00:00+00:00,-0.004380124788541237,3.0645091658084245,0.44354652619214363
2022-05-24 22:00:00+00:00,0.0021149751551171204,0.03810161764826574,0.15879126303991176
2022-05-24 23:00:00+00:00,0.0003266902930886929,1.132124566743933,-0.35117795034231425
2022-05-25 00:00:00+00:00,0.0027259064612651708,-2.214170775480546,0.573473707749637
2022-05-25 01:00:00+00:00,-0.004991791383044301,2.095003222348761,-0.42041324084391085
2022-05-25 02:00:00+00:00,-0.012121366189903416,6.716050957073877,1.1364249000390667
2022-05-25 03:00:00+00:00,0.00488487482335879,-1.117065850984318,0.5391837537229032
2022-05-25 04:00:00+00:00,0.006980456174818843,-4.034392076887118,0.6935516499205111
2022-05-25 05:00:00+00:00,0.007426061336611329,-4.577928159014804,0.20137732613751552
2022-05-25 06:00:00+00:00,-0.004978344777293242,-0.09328602301600525,-0.4401305061728094
2022-05-25 07:00:00+00:00,0.006293093885192257,-2.6038399579320615,-0.4003497547402711
2022-05-25 08:00:00+00:00,-0.004142630937258013,1.8781879564702346,-0.8834833314635058
2022-05-25 09:00:00+00:00,0.001254895301479216,-0.5744525891689987,0.3297638729862034
2022-05-25 10:00:00+00:00,0.006877908978976848,-3.878495337464725,-0.6229482457892032
2022-05-25 11:00:00+00:00,0.00986915000162236,-5.460164611485326,-0.9901191304796957
2022-05-25 12:00:00+00:00,-0.004465444057283073,3.395330229532458,-0.8672263841466367
2022-05-25 13:00:00+00:00,-0.004761062115944837,4.5417122123162335,-0.36924873842767125
2022-05-25 14:00:00+00:00,0.0018816844253169037,-1.540269800779745,0.4200302314703095
2022-05-25 15:00:00+00:00,0.001695008323720317,-0.07082048698563455,-1.8557038309533083
2022-05-25 16:00:00+00:00,0.00341730501242044,-1.8498258631404678,-0.5555685185406065
2022-05-25 17:00:00+00:00,-0.000855642380920543,0.39016475346574736,1.067764230725699
2022-05-25 18:00:00+00:00,-0.007714767479131576,3.9260085474317377,-0.5763870606880529
2022-05-25 19:00:00+00:00,0.006221383584191378,-3.7491170852485207,-0.9617971992143595
2022-05-25 20:00:00+00:00,-0.004146922744636246,3.22721419279143,0.20061797451790023
2022-05-25 21:00:00+00:00,-0.003429376170986162,1.5230665378160992,-0.36425932111723197
2022-05-25 22:00:00+00:00,0.0010081297231294688,0.36459502431489005,-1.2574529290356737
2022-05-25 23:00:00+00:00,0.008265104054307058,-4.8061463681972,-0.15258194356383853
2022-05-26 00:00:00+00:00,-0.005021357989995356,5.412516896741883,-0.9641051100226996
2022-05-26 01:00:00+00:00,0.0010560473294733712,-2.8319936183006122,-0.37705018515595756
2022-05-26 02:00:00+00:00,-0.007517724223084682,3.3335449594032696,-1.4984578157095478
2022-05-26 03:00:00+00:00,0.005835571178213435,-2.701064625360275,-0.20451453825599336
2022-05-26 04:00:00+00:00,0.0034965671062885317,-3.962984725940238,-0.6441849374965672
2022-05-26 05:00:00+00:00,0.01579570665783181,-9.638141540454761,-1.506487566042042
2022-05-26 06:00:00+00:00,-0.01033353931662462,-1.4513065032202737,-0.6200581776732248
2022-05-26 07:00:00+00:00,-0.0023651960647944185,0.6406370757807749,-0.26844602515397337
2022-05-26 08:00:00+00:00,-0.028861661745864,-20.73195408323263,-1.8680744097275295
2022-05-26 09:00:00+00:00,0.0011764535010384514,2.9441693118686865,-0.944894882464215
2022-05-26 10:00:00+00:00,-0.0022517018777983818,-2.675072888472531,0.3062854763271978
2022-05-26 11:00:00+00:00,-0.0046380876056730195,-2.1599977529091263,-1.2108112359495058
2022-05-26 12:00:00+00:00,-0.002460300037018775,-0.05467441314026056,-1.1768528803102125
2022-05-26 13:00:00+00:00,0.0017335369342069027,0.7530419138350554,0.2659537162684645
2022-05-26 14:00:00+00:00,0.020131695905249124,10.031993974885411,0.32289748316472067
2022-05-26 15:00:00+00:00,-0.0007973887225592874,1.821848940970976,-0.5802807091342833
2022-05-26 16:00:00+00:00,0.009747901037496473,3.9671597122176028,0.38632459976512623
2022-05-26 17:00:00+00:00,0.0005067432525221329,-1.722172994689514,1.6814755854315506
2022-05-26 18:00:00+00:00,-0.010709659879896997,-7.635291978511467,3.1322038485769537
2022-05-26 19:00:00+00:00,-0.014719894899497796,-7.255503815682579,-0.2975148894567301
2022-05-26 20:00:00+00:00,0.005160747891958714,2.055462061762209,-1.0360994121292333
2022-05-26 21:00:00+00:00,0.0028230091806043397,4.47619963493124,-1.9568695456043017
2022-05-26 22:00:00+00:00,-0.0006240319031202342,-2.33443839730284,-0.11041915057047855
2022-05-26 23:00:00+00:00,-0.008349256771929523,-6.857293159826116,0.4076829181826358
2022-05-27 00:00:00+00:00,-0.0022725385506826485,-3.983017421633027,-0.38393820033786197
2022-05-27 01:00:00+00:00,-0.015498078655772185,-10.817945456689758,-1.446800775080072
2022-05-27 02:00:00+00:00,0.005530731308566604,2.077053882864312,1.5346206231970871
2022-05-27 03:00:00+00:00,0.008486637072812489,6.686379843587013,-0.964234521567034
2022-05-27 04:00:00+00:00,-0.01244259992980146,-8.222340483110814,0.20452125709851587
2022-05-27 05:00:00+00:00,-0.00495855547006173,-4.531698295290837,0.43497710359007424
2022-05-27 06:00:00+00:00,0.019085127454324575,8.479357127704718,0.6164193290133141
2022-05-27 07:00:00+00:00,-0.003528094971961602,-0.4833763076054855,0.24260005337684712
2022-05-27 08:00:00+00:00,0.0009038345241490844,-3.2433679019469968,-0.5088577218172881
2022-05-27 09:00:00+00:00,0.010308148148694194,7.150320454303255,0.5027155711950044
2022-05-27 10:00:00+00:00,-0.014249178427753246,-5.04383029931876,1.2849260472295023
2022-05-27 11:00:00+00:00,0.007150390147726213,5.514043690084218,4.384649184928331
2022-05-27 12:00:00+00:00,0.022602508088702653,9.336023192244363,0.22493627297224555
2022-05-27 13:00:00+00:00,0.0021047324028386195,1.4981683682040148,1.6265055130202677
2022-05-27 14:00:00+00:00,-0.025314547834325372,-12.349804788857439,-0.29314026596867865
2022-05-27 15:00:00+00:00,-0.002632612126561771,1.0504014653966245,0.702076235977682
2022-05-27 16:00:00+00:00,-0.009432709368942771,-3.8906615243835065,-0.815773139425242
2022-05-27 17:00:00+00:00,-0.008027396479542391,-6.523702927445766,-1.0641649566066453
2022-05-27 18:00:00+00:00,-0.0019908420933904074,-2.0430688915474144,1.0565223325416975
2022-05-27 19:00:00+00:00,0.014146464533788672,7.064451128230148,-0.013135727032062117
2022-05-27 20:00:00+00:00,-0.0036619945080838255,0.32668666599140495,0.6652128679871907
2022-05-27 21:00:00+00:00,-0.005297961256039908,-1.4372035433482115,-1.3424969733994663
2022-05-27 22:00:00+00:00,0.0038524056171978394,1.9567671879239013,-0.10594186558275365
2022-05-27 23:00:00+00:00,-0.007575619209401183,-3.312307578352765,-0.4057729639137685
2022-05-28 00:00:00+00:00,0.009885988357252615,8.38648698388917,-1.761260921988582
2022-05-28 01:00:00+00:00,-0.008523667121757108,-7.1535812085651935,0.9141548447522448
2022-05-28 02:00:00+00:00,0.0006734103642878835,-2.4198530664861257,1.3789026896620769
2022-05-28 03:00:00+00:00,0.01712722417372366,6.392953262892199,-0.4250789878097863
2022-05-28 04:00:00+00:00,-0.0017255982271539203,0.48933946836502773,-0.04115226531776518
2022-05-28 05:00:00+00:00,0.005228267357156948,2.8489550575834,-0.20686670727492906
2022-05-28 06:00:00+00:00,-0.0033376811058848416,-1.16266586529072,-0.015894006476342478
2022-05-28 07:00:00+00:00,-0.00023604803802406766,-2.540779660812212,-0.4189999317036487
2022-05-28 08:00:00+00:00,-0.002591787184829886,-1.0683631472040793,0.13489476041906423
2022-05-28 09:00:00+00:00,-0.0024549876208539373,-0.23997648152296014,0.3846441768458961
2022-05-28 10:00:00+00:00,0.0026031760051158257,0.4833978396841364,1.5752471703159614
2022-05-28 11:00:00+00:00,0.005514121502895291,1.884522879939637,0.048858321526662196
2022-05-28 12:00:00+00:00,0.008042681591151984,3.164851450307433,-0.9210529067051318
2022-05-28 13:00:00+00:00,0.0011576752956862,1.5706952138594585,-0.10208852047974393
2022-05-28 14:00:00+00:00,-0.003740064347239278,-2.450268867031272,0.3153363163658237
2022-05-28 15:00:00+00:00,0.007799725969655769,4.195141330070901,-0.0705043685571681
2022-05-28 16:00:00+00:00,-0.010301481175117495,-1.0755909467393492,0.41166478335665924
2022-05-28 17:00:00+00:00,0.0010215118417610382,-1.8472055176790068,-0.5093698123204673
2022-05-28 18:00:00+00:00,0.0065613703394422,3.802314575916347,-0.044911643540223006
2022-05-28 19:00:00+00:00,0.0025473077884882417,1.0027325212869074,-0.149824958637655
2022-05-28 20:00:00+00:00,0.00012093721931540393,-0.4889353386049374,0.07870400908401645
2022-05-28 21:00:00+00:00,-0.004589886251152643,-1.7631340089613936,-0.6616453138670354
2022-05-28 22:00:00+00:00,-0.0003091158128889899,-2.2567802952471414,-0.6645179113075961
2022-05-28 23:00:00+00:00,0.0036226254381022545,3.406963461498418,0.20055188918485817
2022-05-29 00:00:00+00:00,-0.002187143845139027,-2.436654757170314,-0.9040719404165861
2022-05-29 01:00:00+00:00,-0.0068191051162291745,-4.715275804975396,-0.9603515221641171
2022-05-29 02:00:00+00:00,-0.004708910332224816,-4.383089227443986,-0.01444397986122832
2022-05-29 03:00:00+00:00,0.003374964175016667,2.8643574991838276,0.441202890442355
2022-05-29 04:00:00+00:00,-0.0014586919609319228,-1.45902550092319,-0.03688075712524934
2022-05-29 05:00:00+00:00,0.00534894822950814,2.7756236987896585,0.17997508803487175
2022-05-29 06:00:00+00:00,-0.0007756462015768565,0.6985923640787534,-0.01853344570900302
2022-05-29 07:00:00+00:00,-0.0003740736518237486,0.015747693054297043,-0.19942430191358826
2022-05-29 08:00:00+00:00,0.0022449255998682627,1.63138452477327,-0.10546446862046753
2022-05-29 09:00:00+00:00,-0.0040927925521545,-1.3133899816675434,0.5310232065344916
2022-05-29 10:00:00+00:00,0.005275409296213847,5.165903150815923,0.44855434667302607
2022-05-29 11:00:00+00:00,0.0021120869319357824,2.658733878830841,-0.04553647543804591
2022-05-29 12:00:00+00:00,0.00544064501182887,5.487443396116712,0.4838507393748239
2022-05-29 13:00:00+00:00,-0.0012137463366725786,-0.2690090186130561,0.4067261413528144
2022-05-29 14:00:00+00:00,-0.003527558382145053,-0.4501351702997201,0.5830733648970946
2022-05-29 15:00:00+00:00,-0.0008022225738708267,-2.9394840427134175,0.2167775366289873
2022-05-29 16:00:00+00:00,0.0013100936137797955,1.6579893215536239,0.16608620267197283
2022-05-29 17:00:00+00:00,-0.001280322356685591,-0.8351152173313634,0.18846037839357635
2022-05-29 18:00:00+00:00,-0.0009992206438779814,-1.429277664682065,1.4723025447327638
2022-05-29 19:00:00+00:00,-0.0006414328583659286,-1.0647577053131918,-0.49509812666763736
2022-05-29 20:00:00+00:00,0.0010933508386352679,2.2401418536691797,-0.4667806185211256
2022-05-29 21:00:00+00:00,0.0015376130487153323,1.813639960247795,0.42381914663184234
2022-05-29 22:00:00+00:00,0.00473926324302101,1.7678138821144327,-0.8308801987025854
2022-05-29 23:00:00+00:00,-0.00020870716873422346,1.847931367884361,0.38256879087869367
2022-05-30 00:00:00+00:00,-0.0012420335218511285,-3.8235404881815707,-0.5859508992044541
2022-05-30 01:00:00+00:00,0.011988516111938446,14.854942044557953,0.8565205085847488
2022-05-30 02:00:00+00:00,0.007627112699334129,5.8982538816972365,-2.053117178015459
2022-05-30 03:00:00+00:00,0.0058916261568843845,-0.27198179231002684,1.615633587151303
2022-05-30 04:00:00+00:00,-0.0006456285724283735,-0.7960755783880414,0.700538046670163
2022-05-30 05:00:00+00:00,-0.0038300214073892806,6.251637271425293,-0.3919598133718165
2022-05-30 06:00:00+00:00,-0.00795388562515015,5.8011325406993155,0.19571117969133506
2022-05-30 07:00:00+00:00,0.0021418410427719954,1.3703351408874704,0.323576831309326
2022-05-30 08:00:00+00:00,-0.0031236783618765066,-0.823066408374496,0.9633314019001377
2022-05-30 09:00:00+00:00,0.0005663000111887877,-2.974324223320108,-0.6455976817616322
2022-05-30 10:00:00+00:00,0.0035845368695212837,-3.3352833844013454,-0.2744938828726415
2022-05-30 11:00:00+00:00,-0.0020773552913927267,1.8540504073675554,-0.0361265455766044
2022-05-30 12:00:00+00:00,0.004154290952645851,-1.8192948304074807,0.2449777320922498
2022-05-30 13:00:00+00:00,0.0002790179104886687,-0.29031891672994586,0.019044661603193
2022-05-30 14:00:00+00:00,0.0017624280000510348,-0.3990323862277353,-0.20717836327324574
2022-05-30 15:00:00+00:00,-0.005459479903123816,2.7170333210104287,-0.16394468255800387
2022-05-30 16:00:00+00:00,0.0005888713162928146,2.8764971482698773,0.4702108278204624
2022-05-30 17:00:00+00:00,-0.002850903668366873,1.1592026661206893,-0.6624751351142495
2022-05-30 18:00:00+00:00,0.0010048628540165168,-0.6402954871126211,0.45193832818503593
2022-05-30 19:00:00+00:00,0.001110422494802335,-0.13894991425694347,0.48123407334555557
2022-05-30 20:00:00+00:00,-0.020194166177855875,11.895354910769095,-0.052782940965429126
2022-05-30 21:00:00+00:00,-0.01677033008981261,6.243649411577811,-2.5710276430717367
2022-05-30 22:00:00+00:00,0.0009755994830910612,1.392306559203174,0.056075667308370936
2022-05-30 23:00:00+00:00,0.001396115980310604,-0.040853763636429855,0.017314514532035988
2022-05-31 00:00:00+00:00,0.004753547217948923,-0.062874861378361,0.3956484830411766
2022-05-31 01:00:00+00:00,0.0004875888892708399,-0.6563891178481327,0.3775278903411287
2022-05-31 02:00:00+00:00,-0.004193255149860547,7.551442681860136,1.7569281494032862
2022-05-31 03:00:00+00:00,-0.0023161270625346253,-1.5509960107961387,-0.15271161182495105
2022-05-31 04:00:00+00:00,0.0022879473465145655,-2.290151539220314,0.6918047779344433
2022-05-31 05:00:00+00:00,0.001825689770001682,-2.7947816644271417,-2.215030507869837
2022-05-31 06:00:00+00:00,0.004146829357414561,-5.672768034580732,-1.3068933115820927
2022-05-31 07:00:00+00:00,-0.00229754260052827,2.6796419380755516,-0.08065905688286029
2022-05-31 08:00:00+00:00,-0.0016343601557142363,1.0853463614779773,-0.29088912752610085
2022-05-31 09:00:00+00:00,0.00245970637047503,-3.7343021498060804,-1.0218492482677506
2022-05-31 10:00:00+00:00,-0.0037266340313365713,3.7909551558812264,1.0850086785597959
2022-05-31 11:00:00+00:00,-0.003098796277110948,2.565976366335402,-0.19005776944738823
2022-05-31 12:00:00+00:00,0.004818969379462707,-5.823137924182348,-0.1946808244158185
2022-05-31 13:00:00+00:00,0.0069557732477423,-7.378147112913595,-0.4055176698093494
2022-05-31 14:00:00+00:00,-0.00929046776443883,4.806400233356893,-0.767514329553532
2022-05-31 15:00:00+00:00,-0.01157295941434646,7.346759925009653,-0.4926008354821938
2022-05-31 16:00:00+00:00,-0.002895641663727763,-2.329506622322669,-0.6677410602205417
2022-05-31 17:00:00+00:00,0.001151434111818114,-0.0004017949527183942,-0.2742773198005525
2022-05-31 18:00:00+00:00,0.013593017322446476,-7.423874061061102,0.6069010195140082
2022-05-31 19:00:00+00:00,0.0016392496034253617,0.3788500645016846,-0.3198731900667547
2022-05-31 20:00:00+00:00,-0.006469912138083757,4.974209424009212,-1.1199488104296906
2022-05-31 21:00:00+00:00,0.0034818627385091003,-1.8005481550741835,-0.1777898824262028
2022-05-31 22:00:00+00:00,-0.004454023404424837,5.62253606721166,0.4532053248525101
2022-05-31 23:00:00+00:00,0.001845358659175982,-2.414951680673149,-0.03874993557569778
2022-06-01 00:00:00+00:00,-0.004064318751460384,3.7170565116136407,-2.3462388936041982
2022-06-01 01:00:00+00:00,0.00042870196748690393,-1.4586106564792034,0.2765754259978251
2022-06-01 02:00:00+00:00,0.0036954225566857963,-4.428912752519117,0.01821534404680647
2022-06-01 03:00:00+00:00,0.005470700409392808,-4.966815350941287,-0.3085346338662127
2022-06-01 04:00:00+00:00,0.001856784183930164,2.0677960413278136,0.019905003659691965
2022-06-01 05:00:00+00:00,-0.0020292851635380256,-2.041918915185078,0.11219429138664375
2022-06-01 06:00:00+00:00,0.0011547510177721458,1.9768568222464997,0.3447079098800069
2022-06-01 07:00:00+00:00,0.0032755240031039083,-3.069408841264593,0.17157325297495835
2022-06-01 08:00:00+00:00,-0.004221331109160879,3.1541626889075345,-0.15808220949911211
2022-06-01 09:00:00+00:00,-0.002282475506789052,4.094177983601087,0.24287150426081594
2022-06-01 10:00:00+00:00,0.004195776608432424,-2.81548795261285,-0.8763492261126071
2022-06-01 11:00:00+00:00,-0.0016656656546753708,-1.1991332595324944,0.10889611599150362
2022-06-01 12:00:00+00:00,-0.003808244819976789,4.085932658725798,0.6098631535761071
2022-06-01 13:00:00+00:00,-0.000158894525623899,2.536110728786052,0.23818719840592373
2022-06-01 14:00:00+00:00,0.017818756719864652,-14.12065797531425,-0.196473685652636
2022-06-01 15:00:00+00:00,0.013276503565167628,-8.08871731640102,1.063665841698592
2022-06-01 16:00:00+00:00,0.01044569618707683,-4.10615274961849,1.2550467871845084
2022-06-01 17:00:00+00:00,0.0077066006526136386,-3.6466286848814313,0.6994074487042153
2022-06-01 18:00:00+00:00,0.0040215351499776385,-3.078893302653058,0.4303895965269562
2022-06-01 19:00:00+00:00,-0.00012719179933770206,-1.5898828122434745,-0.5128113471084331
2022-06-01 20:00:00+00:00,-0.0013954594275500396,-8.75533558496688,0.3567105438202218
2022-06-01 21:00:00+00:00,-0.0010421719124837244,-1.1009592084039426,0.356435176792618
2022-06-01 22:00:00+00:00,0.0031147654565100453,3.3550822804670024,-0.08651170216888804
2022-06-01 23:00:00+00:00,0.0015605075688421555,-0.027007804399904717,-0.11816351393807746
2022-06-02 00:00:00+00:00,0.0018635736886873384,-4.070600998803563,-1.17302541785901
2022-06-02 01:00:00+00:00,0.002294848328735718,2.929957813348584,0.6372465332131861
2022-06-02 02:00:00+00:00,-0.002537968870298668,-0.20121483998209438,-0.7483951021686016
2022-06-02 03:00:00+00:00,0.0017233288414657396,-4.7020665381813345,-1.966520735008529
2022-06-02 04:00:00+00:00,0.0015876855099652412,2.0686599468299556,0.7006289938532544
2022-06-02 05:00:00+00:00,-0.0002483637542994812,1.9947609337307488,0.7335534271088462
2022-06-02 06:00:00+00:00,0.000785975093266209,1.840397941382094,0.08834477767675789
2022-06-02 07:00:00+00:00,0.0010991811787876306,0.8169535930707474,0.5892520565112842
2022-06-02 08:00:00+00:00,-0.00032878609067237935,0.34633894487011807,0.45180717013739374
2022-06-02 09:00:00+00:00,-0.00020375705453560354,-0.41692703190751496,-0.1433955157966442
2022-06-02 10:00:00+00:00,0.000986436422952857,2.786883361169767,-0.14845940801295532
2022-06-02 11:00:00+00:00,0.004414803953922097,3.905180813167899,-0.2488653895919698
2022-06-02 12:00:00+00:00,-0.004098045674548747,-3.0640043969252977,-0.11738978425256322
2022-06-02 13:00:00+00:00,-0.008895160515782501,-5.094060205444297,0.3338086673651127
2022-06-02 14:00:00+00:00,0.004794757756103664,2.6381753220334976,0.017125477392297722
2022-06-02 15:00:00+00:00,0.0029245024492173016,3.421688630917191,-0.0550949576370436
2022-06-02 16:00:00+00:00,0.0036705565034328837,1.8382938163493738,0.14341764751424307
2022-06-02 17:00:00+00:00,-0.0011745348098103666,-1.6790985065054527,-0.09366744786038195
2022-06-02 18:00:00+00:00,-0.0003089441302212084,-0.1592359723735997,1.0701033359997123
2022-06-02 19:00:00+00:00,0.003707978161627214,1.7465955354835272,-0.24942607063687092
2022-06-02 20:00:00+00:00,-0.0017706030189212913,0.5023799287431389,0.19712947364842368
2022-06-02 21:00:00+00:00,0.005153606157910269,2.9183500810394296,-0.2256548094262894
2022-06-02 22:00:00+00:00,0.0053228316256230075,2.318526256982461,0.18732895224507368
2022-06-02 23:00:00+00:00,0.0011854225912139521,0.49943621009340156,-0.039856276891152564
2022-06-03 00:00:00+00:00,-0.00561682448826253,-3.401524808341974,-1.3283078388874372
2022-06-03 01:00:00+00:00,0.009098330476351363,6.091226343196748,0.4931006726433636
2022-06-03 02:00:00+00:00,-0.003983469751993998,-2.6891646507336437,0.05691378311367351
2022-06-03 03:00:00+00:00,0.00012103368775985229,-0.5509902269859148,-0.2440824831079027
2022-06-03 04:00:00+00:00,-0.005764135213840287,-4.605136625608888,-0.47004514908590656
2022-06-03 05:00:00+00:00,-0.003030029215987461,2.826786782218811,0.29450713136685835
2022-06-03 06:00:00+00:00,-0.0009295355927992933,-3.5552626878439004,-0.059744649039636014
2022-06-03 07:00:00+00:00,0.00047843235006770506,-1.0289754898065733,0.07377787283211765
2022-06-03 08:00:00+00:00,-0.00935299428227502,-1.7648309482803732,-0.01202585471427775
2022-06-03 09:00:00+00:00,-0.0022977959751183112,-5.342135037444619,0.6695741002125398
2022-06-03 10:00:00+00:00,-0.009094628510479812,-8.483182074465747,0.6678695689006671
2022-06-03 11:00:00+00:00,0.0008277340573247377,0.11001633899472582,0.5757559137845489
2022-06-03 12:00:00+00:00,0.0012710104222854214,-3.4081295868949004,1.260228826158074
2022-06-03 13:00:00+00:00,0.004315171321217968,4.806250654706615,-0.8210804299057739
2022-06-03 14:00:00+00:00,0.0005714273926201299,-3.2317566283117705,0.09218219976243597
2022-06-03 15:00:00+00:00,-0.0022697540824621948,-0.7381297127774382,0.2777846776952866
2022-06-03 16:00:00+00:00,0.002033075217578285,2.600693558302208,0.4173572158605915
2022-06-03 17:00:00+00:00,-0.0007346722065478216,-0.957031852775463,0.8151343169523595
2022-06-03 18:00:00+00:00,0.0016146039277711642,1.039851845227796,-0.4417588575921732
2022-06-03 19:00:00+00:00,0.0024054006186492857,-0.21599629136673648,-0.00931335555268032
2022-06-03 20:00:00+00:00,-0.009263177789738787,2.8697982644899347,-0.18087720493957066
2022-06-03 21:00:00+00:00,-0.0008615244426496196,4.531024656032121,0.16733692161059807
2022-06-03 22:00:00+00:00,-0.0017784809995848377,-3.311421914798961,-0.6048014081037268
2022-06-03 23:00:00+00:00,0.000626930614142955,-1.5844685914179273,-0.11890351191551082
2022-06-04 00:00:00+00:00,-0.001059308857978053,-0.4710749684367897,0.2613402855708389
2022-06-04 01:00:00+00:00,-0.002415674120174565,-4.87357776572635,0.857453599642045
2022-06-04 02:00:00+00:00,-0.004918268419550536,-2.555175477031714,0.25711993841458675
2022-06-04 03:00:00+00:00,-0.0010579484226738269,-0.37622155473401947,0.24502503525420272
2022-06-04 04:00:00+00:00,-0.005957388634164812,7.513574150335129,-0.868947748985033
2022-06-04 05:00:00+00:00,0.0002889758335964697,-0.2534729070188221,-0.35552406579561635
2022-06-04 06:00:00+00:00,-0.006372694435234805,1.2322161298173901,0.17914225147791327
2022-06-04 07:00:00+00:00,0.004072190725429747,0.2104431055202964,0.6441162851515193
2022-06-04 08:00:00+00:00,-0.0005916700727256502,2.3723906223469053,-0.39727941509336817
2022-06-04 09:00:00+00:00,-0.0029551653587152325,-2.095076425593631,-0.755244355244551
2022-06-04 10:00:00+00:00,0.0007132009103121062,-0.29017313307503134,0.4145057950749503
2022-06-04 11:00:00+00:00,0.0029525011324661706,-1.6050184250899702,0.03914143573240039
2022-06-04 12:00:00+00:00,0.0009200784793295427,-4.47907729791213,-0.04983857691177766
2022-06-04 13:00:00+00:00,-0.005151523973101159,2.9969881257646276,-0.1446093044244287
2022-06-04 14:00:00+00:00,-0.011035194108354289,3.8805321624970532,-0.7271343426583032
2022-06-04 15:00:00+00:00,-0.0016309140186764035,0.8569579617717248,-0.7530502250823583
2022-06-04 16:00:00+00:00,0.001990667768026702,-2.124167938853396,0.24665537507989724
2022-06-04 17:00:00+00:00,-0.0006536395813917497,1.1472394349357644,0.1965552418152199
2022-06-04 18:00:00+00:00,-0.002522360455245125,0.9551318352743146,-0.4509674731260088
2022-06-04 19:00:00+00:00,-0.0028154323790984155,-1.7233996437691008,-0.0026267761138717427
2022-06-04 20:00:00+00:00,-8.119914903297682e-06,2.1744756073522935,0.16850755286906766
2022-06-04 21:00:00+00:00,-0.005378538016102558,3.022793516871021,-0.5009747645047771
2022-06-04 22:00:00+00:00,0.002168916158482967,-0.3933474644827712,-0.3285067536166081
2022-06-04 23:00:00+00:00,0.0008357981988001515,2.270739570973428,0.006504753281276698
2022-06-05 00:00:00+00:00,0.006357153729422582,-4.530129262930418,-1.1636251797455968
2022-06-05 01:00:00+00:00,0.007089454247978645,-4.082619218617201,-0.031688645871705
2022-06-05 02:00:00+00:00,-0.0028509583624207148,3.1368079032260545,0.07792367949748885
2022-06-05 03:00:00+00:00,-0.0029844140131405584,0.42425932702707175,0.4661585090758349
2022-06-05 04:00:00+00:00,0.0025446122918700467,-1.652570906834236,-0.1604307034741867
2022-06-05 05:00:00+00:00,-0.0019221693705143588,3.11474816817302,0.2578853076051503
2022-06-05 06:00:00+00:00,0.00012054022986493605,-1.1216736364912467,0.061069429855954586
2022-06-05 07:00:00+00:00,0.0010085266877510833,-0.6068783816722277,0.3041899310131727
2022-06-05 08:00:00+00:00,-0.0010113688380307569,1.5124993261078652,-0.8705803995462906
2022-06-05 09:00:00+00:00,0.002036175704557084,-1.8345342262018087,0.01181073311666582
2022-06-05 10:00:00+00:00,4.833497013122042e-05,-0.34280798061631834,0.09466068113447006
2022-06-05 11:00:00+00:00,0.0012852427376109723,1.7513284913155638,-0.5672743152765819
2022-06-05 12:00:00+00:00,0.0011434855278980997,0.4557429568967785,-0.26387107199286186
2022-06-05 13:00:00+00:00,0.0009160499400623446,-2.839843722252933,-0.3544599349772666
2022-06-05 14:00:00+00:00,-0.0007057650428315675,2.810141309757015,-0.2230908182445112
2022-06-05 15:00:00+00:00,0.002771463203164475,5.095621191219538,-0.03321735479886234
2022-06-05 16:00:00+00:00,-0.0034716926005255028,-4.10602510615485,0.9582802271501842
2022-06-05 17:00:00+00:00,0.0011799600927573908,5.19421026966333,-0.7257997999823737
2022-06-05 18:00:00+00:00,-0.003958484086851206,-0.8259121226537216,0.040049095707540686
2022-06-05 19:00:00+00:00,-0.0043070957106280845,1.9981498124854244,-0.36331912882245143
2022-06-05 20:00:00+00:00,0.0017345045992893794,-0.8168047668929632,0.5012266152652153
2022-06-05 21:00:00+00:00,-0.005832209867013886,-0.08379064622994227,-0.5035717034545569
2022-06-05 22:00:00+00:00,-0.004623290530499071,-1.0556443838989076,0.026246475494461966
2022-06-05 23:00:00+00:00,0.009151806476735788,-3.631518707704341,0.5142490419265139
2022-06-06 00:00:00+00:00,-0.002073914900943066,9.738497062116346,-1.1538178006176005
2022-06-06 01:00:00+00:00,-0.0010291589831659292,9.482129299485026,0.1327189107209475
2022-06-06 02:00:00+00:00,0.003308415422711806,-2.0205679133674876,-0.9601407542675914
2022-06-06 03:00:00+00:00,0.0004228534336946947,5.658506900476874,-0.20691032806796167
2022-06-06 04:00:00+00:00,0.0038373282292742225,-0.3500319197835745,0.8148490207606041
2022-06-06 05:00:00+00:00,-0.0005694463034942447,-2.209213932996192,0.858135565700525
2022-06-06 06:00:00+00:00,0.00103249147153709,7.745681960141711,0.055871172409828945
2022-06-06 07:00:00+00:00,0.0019951256529126206,-0.11372238357961338,-0.8509566898890798
2022-06-06 08:00:00+00:00,-0.0031575495100216334,4.339273477859123,2.3465922262990864
2022-06-06 09:00:00+00:00,-0.0022256050909175407,2.013454212704912,-1.4480574574019713
2022-06-06 10:00:00+00:00,0.0012940937625728636,-1.4636389038551396,-0.43767008837746885
2022-06-06 11:00:00+00:00,0.0010792689913061014,-5.2161162416755875,-0.6412368476296139
2022-06-06 12:00:00+00:00,0.0016731841339063587,0.25550536941633606,0.14834536900718237
2022-06-06 13:00:00+00:00,0.002815870785606844,-2.6415034126950236,-0.7333268920762551
2022-06-06 14:00:00+00:00,0.0007560887277233959,-1.1020556595765452,-0.3545634605525961
2022-06-06 15:00:00+00:00,-0.004935460899872405,-2.077680181911476,0.4482375286279681
2022-06-06 16:00:00+00:00,-0.003085441410583852,-7.436240347960416,0.30841143440399804
2022-06-06 17:00:00+00:00,0.0019589115144699985,0.4052503158109866,0.049320033943201835
2022-06-06 18:00:00+00:00,-0.0003746502045778151,-0.42015222568801835,-0.08664074428448154
2022-06-06 19:00:00+00:00,-0.0003575961281758997,2.383248251254274,-0.49904421777143515
2022-06-06 20:00:00+00:00,0.0007603903922349946,-2.841351579443498,0.03735912548934717
2022-06-06 21:00:00+00:00,-0.007029413295126829,6.473200174174633,0.16970509883956542
2022-06-06 22:00:00+00:00,0.0010652984479672047,-2.2284572007052046,0.8044023829853962
2022-06-06 23:00:00+00:00,-0.004236760229245546,3.3501746343989613,0.4329648731952762
2022-06-07 00:00:00+00:00,0.004124097093435527,-27.456705849598098,3.513339892885278
2022-06-07 01:00:00+00:00,-0.0016780733288512056,-8.084146196657313,1.2198130760960564
2022-06-07 02:00:00+00:00,-0.004097810084690664,0.31010844530843706,0.4847058077311299
2022-06-07 03:00:00+00:00,-0.0019067612134567404,4.546439850430028,-0.469712858018401
2022-06-07 04:00:00+00:00,-0.002838073645091158,-0.7742168375143307,0.03960286540429226
2022-06-07 05:00:00+00:00,-0.0026036880201014945,-1.0136209315269549,-0.6126204444062644
2022-06-07 06:00:00+00:00,-0.0017862383971538225,0.4411223766255049,-0.4926510999735948
2022-06-07 07:00:00+00:00,0.0001783852397059164,3.146116655443355,0.761183631901844
2022-06-07 08:00:00+00:00,0.0015610944985555,1.2731159905089517,-0.25906954758757983
2022-06-07 09:00:00+00:00,-0.0029254854506892782,-2.724561807931253,0.2922839297676413
2022-06-07 10:00:00+00:00,-0.005761611519205287,0.37191496126501966,-0.08350809906577282
2022-06-07 11:00:00+00:00,-0.0028508389920626287,-5.441689590714307,0.2033317393160227
2022-06-07 12:00:00+00:00,-0.0033535898921354377,-0.34825934921605545,-0.7049473055448828
2022-06-07 13:00:00+00:00,-0.007496063405257515,4.949653155646817,0.14037604485007915
2022-06-07 14:00:00+00:00,-0.0008775863573996322,5.495419011905887,-0.7837540216697727
2022-06-07 15:00:00+00:00,-0.004130808000222778,-1.7799848702648693,-0.8290145201802298
2022-06-07 16:00:00+00:00,0.002168846857304362,0.8393354231755447,-0.2680143759658083
2022-06-07 17:00:00+00:00,-0.004580649722818118,0.10395143710579206,-0.4871540330598306
2022-06-07 18:00:00+00:00,-0.0073194448526845285,7.33279852979475,-2.0029406680715063
2022-06-07 19:00:00+00:00,-0.00024321024938693113,9.46538481416787,-2.8814151761795546
2022-06-07 20:00:00+00:00,-0.007873048464304151,3.6846290351047344,-0.8175536817174087
2022-06-07 21:00:00+00:00,0.004881874187531842,0.49232289185272887,0.4504728952410738
2022-06-07 22:00:00+00:00,-0.009491530151822702,-8.391229672149572,-0.41365484718538137
2022-06-07 23:00:00+00:00,0.004558388425657249,0.15105334367170042,0.13152130693412717
2022-06-08 00:00:00+00:00,0.00011316217554283278,2.305709143405563,-0.33980849320596535
2022-06-08 01:00:00+00:00,0.00046621363886808234,1.9480024411913137,0.2555947989137637
2022-06-08 02:00:00+00:00,-0.0010947089069497438,-1.332430552965646,0.3078448830717045
2022-06-08 03:00:00+00:00,0.009574042595740427,-14.121544811682085,2.1974686531827032
2022-06-08 04:00:00+00:00,-0.006108283988480047,3.6268190716389097,-0.6308855974484665
2022-06-08 05:00:00+00:00,0.0036350387229066717,5.20976690895682,-0.6813577604234027
2022-06-08 06:00:00+00:00,0.00765286919866512,-1.984356783100543,0.081174429617507
2022-06-08 07:00:00+00:00,0.02794454571299564,0.08630209644333411,0.3169072954216783
2022-06-08 08:00:00+00:00,0.007425903634056667,1.129333756417637,1.3043360757760485
2022-06-08 09:00:00+00:00,-0.012249705535924589,2.913273773480355,-0.3515036231900922
2022-06-08 10:00:00+00:00,0.004161203898991019,-3.9266386151306416,-0.7847571628693716
2022-06-08 11:00:00+00:00,0.00353723491161003,1.151700550014605,0.31207609906174233
2022-06-08 12:00:00+00:00,0.007788554564596991,-5.372111458291374,-0.4184181872361683
2022-06-08 13:00:00+00:00,-0.008299303878570724,10.34406887556231,-1.377404711688027
2022-06-08 14:00:00+00:00,-0.002813796439268497,-4.9686503982321275,0.8884315845715101
2022-06-08 15:00:00+00:00,-0.004482155457872977,2.0409400211296127,-0.6515258547580478
2022-06-08 16:00:00+00:00,-0.0004057860689552659,-3.381510783902475,0.7923856249761303
2022-06-08 17:00:00+00:00,-0.007274360695913309,0.6194425501556763,-0.669384004928719
2022-06-08 18:00:00+00:00,0.003958944745731572,-4.387836425591481,-0.7016623472006602
2022-06-08 19:00:00+00:00,-0.006924144376993938,-0.5813680036901391,-0.46207986312830074
2022-06-08 20:00:00+00:00,0.003135960124864778,0.540879272967703,-0.4382203869512894
2022-06-08 21:00:00+00:00,-0.007020698046115932,4.831210658168395,-0.09621941327453562
2022-06-08 22:00:00+00:00,0.007121964427960147,-1.9550330158848588,-0.3511599775169407
2022-06-08 23:00:00+00:00,0.000978408833093847,-3.7996459539908574,-0.27683955357267387
2022-06-09 00:00:00+00:00,0.0037969481612648345,-1.0353356975335142,-0.03534612397804575
2022-06-09 01:00:00+00:00,-0.001912530110117007,-2.461199129331725,0.3464727536482318
2022-06-09 02:00:00+00:00,0.00856632959742115,3.7014477763627447,0.1766510707861838
2022-06-09 03:00:00+00:00,0.0007768930196386381,2.3329751273847483,0.06136746723233058
2022-06-09 04:00:00+00:00,-0.0015354930349899126,-0.38848277946070164,0.2375122420988962
2022-06-09 05:00:00+00:00,0.002726830738790422,1.1720844168584792,-0.30513826593322624
2022-06-09 06:00:00+00:00,0.0024288115159921742,0.6492181315860561,-0.0345256450428966
2022-06-09 07:00:00+00:00,0.003845128438080444,4.200067341727564,-0.12962713985461977
2022-06-09 08:00:00+00:00,0.008360729742580491,2.597657414203016,0.06279445410507098
2022-06-09 09:00:00+00:00,-0.00327789124058492,1.5743113760791982,-0.6317439557258552
2022-06-09 10:00:00+00:00,-0.0050265031446736115,-2.6361220188456533,0.2126415285010955
2022-06-09 11:00:00+00:00,-0.002091184827604887,-2.8136570486709864,-0.21672883974666196
2022-06-09 12:00:00+00:00,-0.006081580733251233,-3.037584270998048,0.7589780338862806
2022-06-09 13:00:00+00:00,0.0017312675772295175,2.342782987074972,-0.42884056053152125
2022-06-09 14:00:00+00:00,-0.0020140173546976644,-1.4887376546261484,0.1312978635948463
2022-06-09 15:00:00+00:00,0.006482955313202572,2.4454185220629876,-0.4850088821673665
2022-06-09 16:00:00+00:00,0.0019689679891245885,4.567828140002166,0.4125799810608627
2022-06-09 17:00:00+00:00,-0.0012589461973422256,-1.508256022576994,-0.2361255841343996
2022-06-09 18:00:00+00:00,-0.005935086076707702,-5.0608410556002,0.054567833109691516
2022-06-09 19:00:00+00:00,-0.00426744503177595,-5.34485348026229,-0.09833751984965572
2022-06-09 20:00:00+00:00,0.005818271970105804,3.9933834689472785,0.08900719108493804
2022-06-09 21:00:00+00:00,-0.0017909594003133627,-0.6432584944455936,0.06405902339479178
2022-06-09 22:00:00+00:00,-0.0022956599800903633,-1.3678490925772295,-0.054841083242980204
2022-06-09 23:00:00+00:00,0.0010009800914653289,1.2885216094825802,0.13142468543304922
2022-06-10 00:00:00+00:00,-0.0114728700161538,-6.315879256360629,-0.3819022085446958
2022-06-10 01:00:00+00:00,0.004420290946743542,1.2601367636427225,0.05573423574495688
2022-06-10 02:00:00+00:00,0.00448974384057082,4.5022782412283995,-0.5782048716157314
2022-06-10 03:00:00+00:00,0.0031629374460148494,2.199177520461247,0.1381466216981962
2022-06-10 04:00:00+00:00,-0.0008618645351117358,-0.5063372752343648,0.013721153409805294
2022-06-10 05:00:00+00:00,0.00020955642536237055,1.0298048485467,-0.25293472939350836
2022-06-10 06:00:00+00:00,-8.299687830914112e-05,-2.1741495521036205,-0.5299954253278675
2022-06-10 07:00:00+00:00,-0.0013682297278155388,-1.428647063165498,0.04244339455091421
2022-06-10 08:00:00+00:00,-0.001065860279030668,-2.1402916163100363,0.2806452115163126
2022-06-10 09:00:00+00:00,-0.004219691847833645,-5.901465546618504,-0.41975740010411283
2022-06-10 10:00:00+00:00,0.003379666535217189,3.5298098248519376,-0.2090958491768067
2022-06-10 11:00:00+00:00,0.0006950669173726213,0.15980759010947515,0.13446470819903464
2022-06-10 12:00:00+00:00,-0.01269659611024045,-15.904202705846709,-0.3871104926700373
2022-06-10 13:00:00+00:00,-0.008603531956105703,-4.654281011074929,-0.18775822348718227
2022-06-10 14:00:00+00:00,0.005857306622486098,6.741376267586564,-0.6815122790818073
2022-06-10 15:00:00+00:00,-0.0038333948749092197,-3.4182431167459053,1.3092107539136624
2022-06-10 16:00:00+00:00,-0.013551108159772271,-10.647684003796089,0.9141276147753365
2022-06-10 17:00:00+00:00,0.002361245832815151,0.8470545679172107,-0.3300419951302542
2022-06-10 18:00:00+00:00,-0.002035369695397848,-1.39339793665054,0.1784257519075079
2022-06-10 19:00:00+00:00,-0.0011922082606439868,-0.6816833797154868,-0.3102023292861518
2022-06-10 20:00:00+00:00,0.005569973382367134,3.838213567375774,-0.283566063119822
2022-06-10 21:00:00+00:00,-1.4235756588675806e-05,0.8525767153177626,0.32957105333929676
2022-06-10 22:00:00+00:00,-0.0017500355274644194,-1.2738681230112223,-0.24187567659426204
2022-06-10 23:00:00+00:00,-0.006596747842453562,-5.161480830922884,0.053707009780449455
2022-06-11 00:00:00+00:00,0.009583300840587488,6.624619711025189,1.1832080915997878
2022-06-11 01:00:00+00:00,-0.002042111020374385,-1.1455317796374345,-0.18911414116834094
2022-06-11 02:00:00+00:00,-0.0012576459639740216,1.140817466341022,0.0576780610803132
2022-06-11 03:00:00+00:00,-0.0024223053035993666,0.5666983420016896,-0.5457268129408138
2022-06-11 04:00:00+00:00,0.00465649467642067,3.172744915685106,-0.059732407310215965
2022-06-11 05:00:00+00:00,-0.00506086007004444,-4.220393709793865,-0.3087319327116371
2022-06-11 06:00:00+00:00,-0.0016311275207403974,1.3748667734324238,-0.1404346487442165
2022-06-11 07:00:00+00:00,0.001195215601006518,2.6255839433516823,0.3902093064624574
2022-06-11 08:00:00+00:00,-0.05216672132867895,-15.698883104826274,0.43031732089431873
2022-06-11 09:00:00+00:00,0.012556158532505246,4.004661427806642,-0.2542340905039664
2022-06-11 10:00:00+00:00,-0.006839136386537563,-6.088370012507635,-0.4993988041789976
2022-06-11 11:00:00+00:00,-0.007474190257912684,-11.96107052246958,-1.7331301553743401
2022-06-11 12:00:00+00:00,-0.014759808106760627,-11.261576125638557,-0.016241681472566882
2022-06-11 13:00:00+00:00,0.0119659550530012,7.288433414275268,0.046781649516530466
2022-06-11 14:00:00+00:00,-0.028753580821479798,-17.567162602460684,1.2744072719271937
2022-06-11 15:00:00+00:00,-0.005416913506321536,-2.9906038783337276,-0.6168227550025983
2022-06-11 16:00:00+00:00,0.01190258364294663,5.501606908465493,0.41116519675983987
2022-06-11 17:00:00+00:00,-0.0013099119391109491,-1.473256393444845,0.5229092037357435
2022-06-11 18:00:00+00:00,0.010353336335625716,6.288058367216653,-0.3180492981393721
2022-06-11 19:00:00+00:00,-0.0027970738335379866,-3.0591035116672276,0.8946160745825772
2022-06-11 20:00:00+00:00,-0.014613370317998052,-6.76031985554613,-0.24143515137662402
2022-06-11 21:00:00+00:00,0.010400084857785622,6.355607680866975,0.05378613517980796
2022-06-11 22:00:00+00:00,0.005721126337372283,3.8005437442307994,-0.719939687167003
2022-06-11 23:00:00+00:00,-0.010708488097563244,-8.61943527826129,0.09557205830098797
2022-06-12 00:00:00+00:00,0.0027710882425889603,1.6877206746697029,0.7271365699896578
2022-06-12 01:00:00+00:00,-0.016075063140997735,-15.279571356060517,2.7305634100620373
2022-06-12 02:00:00+00:00,-0.038477696182666096,-19.43200103141441,-0.300633489770332
2022-06-12 03:00:00+00:00,0.008637351926967202,3.961599056669089,0.10493810566925654
2022-06-12 04:00:00+00:00,-0.00957661432706675,-7.092878654013552,0.2552314351376137
2022-06-12 05:00:00+00:00,-0.0137725588192525,-1.7309272927324153,-1.5319100816112066
2022-06-12 06:00:00+00:00,0.01838760046599584,7.393180331642313,0.31160297849463114
2022-06-12 07:00:00+00:00,0.008228893682269296,6.083748203519724,0.5694606009778314
2022-06-12 08:00:00+00:00,-3.180966400143809e-05,0.4462775893380364,-0.5933742702907709
2022-06-12 09:00:00+00:00,-0.004712687596693525,-4.960204005680621,1.0120952357361241
2022-06-12 10:00:00+00:00,-0.0024551413053496784,-1.700105596001763,1.3953180485506482
2022-06-12 11:00:00+00:00,0.00538317628388935,3.449414926891987,-0.7061184821877582
2022-06-12 12:00:00+00:00,-0.0034840852995289572,-1.3245731113466017,0.33296111117253546
2022-06-12 13:00:00+00:00,-0.010136946840050438,-6.971303794611979,1.650433702228631
2022-06-12 14:00:00+00:00,0.04098103047898928,24.51195935829675,-2.8351786954654257
2022-06-12 15:00:00+00:00,0.009597055003025209,3.478087559283505,1.9240209823236278
2022-06-12 16:00:00+00:00,-0.011734926096291827,-5.125573535149323,0.6874320325094374
2022-06-12 17:00:00+00:00,0.00859333427818072,3.005884426696142,0.2705616041681393
2022-06-12 18:00:00+00:00,-0.005273847786933724,-3.602251322238819,0.23638344399687794
2022-06-12 19:00:00+00:00,-0.02007324188087849,-5.323761174434425,-1.9321383461225214
2022-06-12 20:00:00+00:00,-0.001918393576601737,-3.3833853717937092,1.202433969247079
2022-06-12 21:00:00+00:00,-0.0017966431423217808,-0.4041969147852781,0.023710379504316717
2022-06-12 22:00:00+00:00,-0.012771530730760507,-9.879595395287247,0.916855369180479
2022-06-12 23:00:00+00:00,-0.01413162368174856,-10.431046747401767,0.511365540535822
2022-06-13 00:00:00+00:00,-0.032012040612195765,-16.25188952118383,1.1114834318738231
2022-06-13 01:00:00+00:00,-0.01997752446302844,-4.57845080501859,-3.492215055589253
2022-06-13 02:00:00+00:00,-0.016691821151681097,-9.971033307280894,-0.26520440012085594
2022-06-13 03:00:00+00:00,0.006938901478443178,7.108828031710405,-2.3136767290968248
2022-06-13 04:00:00+00:00,-0.004491395149978525,-1.3080547477741522,0.6014941602467315
2022-06-13 05:00:00+00:00,-0.007376382947675425,-11.349032787590666,0.15390501335998752
2022-06-13 06:00:00+00:00,0.004701660787169997,-1.0301309346829952,-0.29482867984715533
2022-06-13 07:00:00+00:00,-0.021903181965495178,-9.426052186383806,-1.1889216166421872
2022-06-13 08:00:00+00:00,-0.027524795583071155,-18.895716982067984,-3.3303060344955595
2022-06-13 09:00:00+00:00,-0.00434443518477679,11.288446213073565,-2.379505386338481
2022-06-13 10:00:00+00:00,-0.0030678084557101914,-3.8738779851715575,-0.8325248334357507
2022-06-13 11:00:00+00:00,-0.011033594279538306,-3.386729783185438,0.8928487172370568
2022-06-13 12:00:00+00:00,-0.0009638058150350713,0.27971212302137,-0.4114021044753219
2022-06-13 13:00:00+00:00,-0.0004674240720618507,7.840083985848447,0.8400426436842547
2022-06-13 14:00:00+00:00,-0.03596237525466767,-10.8574703126369,3.2347912133440144
2022-06-13 15:00:00+00:00,0.02161871546613469,16.597446554837983,0.9622031579321034
2022-06-13 16:00:00+00:00,0.01925920244698892,9.330262615265289,1.7931874589571584
2022-06-13 17:00:00+00:00,-0.007747614474946078,-2.507294696148062,-0.9757820182229029
2022-06-13 18:00:00+00:00,-0.007033947786116926,-0.8473658920960754,0.043857130665834534
2022-06-13 19:00:00+00:00,-0.007588384648976258,0.6036213332097125,0.9988052610946322
2022-06-13 20:00:00+00:00,0.002623590931408678,4.791246009501307,0.7594174500188767
2022-06-13 21:00:00+00:00,-0.007398883547048997,-7.2380624820870825,-1.998411290141419
2022-06-13 22:00:00+00:00,-0.021683460328673115,-12.890674413969622,0.9886067837082745
2022-06-13 23:00:00+00:00,-0.003801548364478123,12.16413703087287,3.7031724984343604
2022-06-14 00:00:00+00:00,-0.032765049538861425,-12.080958191481434,-0.2679077717155607
2022-06-14 01:00:00+00:00,-0.04170843750994122,-19.00459842663374,0.3627807922669506
2022-06-14 02:00:00+00:00,0.0323153053746676,18.294958229091122,3.222355880086935
2022-06-14 03:00:00+00:00,0.026914482850376703,16.93472808459046,2.7398539884335085
2022-06-14 04:00:00+00:00,-0.006841013024060262,-5.092850266882635,-0.17536161189805516
2022-06-14 05:00:00+00:00,0.034301140395317654,17.074731019246446,1.0133149666808123
2022-06-14 06:00:00+00:00,-0.004839025560776478,0.8598840945866272,0.2174313386579751
2022-06-14 07:00:00+00:00,0.01108646849285268,0.8021718264006055,1.3088920929743593
2022-06-14 08:00:00+00:00,-0.01155124406269487,-6.720861987623522,0.28550697182945595
2022-06-14 09:00:00+00:00,-0.01285915898570129,-6.9309663712018,-0.2806092216491583
2022-06-14 10:00:00+00:00,0.003466213463860624,-1.6394579925654729,0.4777842972774865
2022-06-14 11:00:00+00:00,-0.017292739762017728,-2.734953506389357,-1.0462956427087244
2022-06-14 12:00:00+00:00,0.006715222496446324,3.3252388198775007,1.0388921146175567
2022-06-14 13:00:00+00:00,0.01231606046320534,4.538796384516829,0.07865489696776223
2022-06-14 14:00:00+00:00,0.004556658121147699,-0.45449806116878666,1.254209753112934
2022-06-14 15:00:00+00:00,0.0074431320202664976,5.609546394206379,0.23060634949698472
2022-06-14 16:00:00+00:00,-0.008747305615551449,-6.905086362780612,0.675812423970149
2022-06-14 17:00:00+00:00,-0.005360715496733024,-3.4484816289040188,0.31888615634720907
2022-06-14 18:00:00+00:00,-0.0028594176123022496,-0.7565936659583787,0.3703462561051508
2022-06-14 19:00:00+00:00,-0.005062322610951899,0.21901279490429712,0.14283363405943278
2022-06-14 20:00:00+00:00,-0.00863868022269198,-4.009730616040544,-0.07531151088403712
2022-06-14 21:00:00+00:00,-0.02331003054385216,-6.084017023605476,-1.2000168972927028
2022-06-14 22:00:00+00:00,0.005152132504106166,4.368060445232991,-0.4769385079914835
2022-06-14 23:00:00+00:00,0.025206677700843467,9.745862717398358,1.1623267498400736
2022-06-15 00:00:00+00:00,-0.014706721730658205,-3.962332033751028,-0.15883347861839164
2022-06-15 01:00:00+00:00,0.01588541699998027,7.328637850229667,0.2684788219955726
2022-06-15 02:00:00+00:00,-0.00800653807766684,-5.486195863085392,0.15387229877853667
2022-06-15 03:00:00+00:00,-0.02450076507164261,-8.755294069453821,-0.5637552217026819
2022-06-15 04:00:00+00:00,-0.014230099546798996,-6.97527164217768,-3.7990676917834567
2022-06-15 05:00:00+00:00,0.0040559007841673685,-3.438900475653354,1.671381023017174
2022-06-15 06:00:00+00:00,0.00508442448754982,3.5511477533669322,-1.3712799022094582
2022-06-15 07:00:00+00:00,-0.029259047559718976,-8.879100645628665,-0.7278753978577702
2022-06-15 08:00:00+00:00,-0.021682483651173007,-10.035988390374474,-1.797657614486715
2022-06-15 09:00:00+00:00,-0.0016435421083911546,2.246963693590499,-1.3310120429413748
2022-06-15 10:00:00+00:00,0.016952785447510596,7.764240863741216,0.9965734831919825
2022-06-15 11:00:00+00:00,0.029343545129764,10.124479429568018,1.865322517922692
2022-06-15 12:00:00+00:00,0.001326957154324909,-0.04511969795777296,-0.4112910906752836
2022-06-15 13:00:00+00:00,0.016971130128997453,6.888249630937301,1.4293096563146577
2022-06-15 14:00:00+00:00,-0.015684384378075535,-6.957163298064836,-0.5470926387691513
2022-06-15 15:00:00+00:00,0.009743821719721584,3.8282347054793853,-0.07946280962042901
2022-06-15 16:00:00+00:00,-0.03254393682495524,-9.432024449297451,-1.1295531313905685
2022-06-15 17:00:00+00:00,0.018457429912493516,10.927403662131452,-0.5659633446705257
2022-06-15 18:00:00+00:00,0.01963979044195031,13.03339073394705,-0.6858374560640295
2022-06-15 19:00:00+00:00,0.004374063664957744,4.305048673288443,-0.5562058996460837
2022-06-15 20:00:00+00:00,0.0031538990501044487,1.9370842923407443,0.605660415846841
2022-06-15 21:00:00+00:00,0.023800533240780693,9.198218967709842,1.578081937314698
2022-06-15 22:00:00+00:00,0.011893548283250373,3.8504730105126486,-0.15323117464592168
2022-06-15 23:00:00+00:00,0.0046798744603202816,6.625117498196157,-1.533108099193076
2022-06-16 00:00:00+00:00,0.004031437737994304,-1.916424594548067,0.5703033995958973
2022-06-16 01:00:00+00:00,-0.013297995175346659,-4.524381757337065,-0.740258466247167
2022-06-16 02:00:00+00:00,0.0038147802035893197,0.10743426655217338,-0.08062769392002603
2022-06-16 03:00:00+00:00,-0.010713452800016917,-3.7575179055294763,0.14972777578034502
2022-06-16 04:00:00+00:00,-0.005267951674562813,-2.298891898365124,-1.1762066088036494
2022-06-16 05:00:00+00:00,-0.007163918941311872,-2.766701672100796,0.8061062464792212
2022-06-16 06:00:00+00:00,-0.0062651949635717675,-3.5519289956088453,0.23120031152355525
2022-06-16 07:00:00+00:00,-0.0015867220622709343,-3.2092198169998527,0.14438671520831114
2022-06-16 08:00:00+00:00,0.0007535039104895952,1.4937506371162959,0.0011442295594551177
2022-06-16 09:00:00+00:00,-0.022607726793832477,-10.151910228555089,-0.355327788945467
2022-06-16 10:00:00+00:00,-0.0016611824315977148,-1.471487411667403,0.10022376456738921
2022-06-16 11:00:00+00:00,-0.009119007874230867,-3.6536462399452616,0.07319229869043761
2022-06-16 12:00:00+00:00,0.004743426523046026,1.985381137298473,0.41256708278722376
2022-06-16 13:00:00+00:00,-0.0059397552287473515,-4.894814374820211,0.4636022190537565
2022-06-16 14:00:00+00:00,-0.004501242644649493,-0.2283380243292518,-0.40966577465641923
2022-06-16 15:00:00+00:00,0.006627236291659063,5.064717791845264,-0.5440457755578324
2022-06-16 16:00:00+00:00,0.005374523680106003,3.6330794132098623,-0.018668011461425438
2022-06-16 17:00:00+00:00,-0.005531093425333485,-3.3021304052304568,0.2557287285056843
2022-06-16 18:00:00+00:00,-0.0016754293898343265,0.08213608439820573,-0.12775759484800914
2022-06-16 19:00:00+00:00,-0.007212337646353684,-5.197933640576923,0.9131411036442513
2022-06-16 20:00:00+00:00,-0.0075890259382305515,2.563550780425318,-1.8639811636330605
2022-06-16 21:00:00+00:00,-0.0017257050872952402,-1.3526754484453816,1.1772944898471853
2022-06-16 22:00:00+00:00,-0.01505505133151265,-7.883221595467142,-0.7662278437076664
2022-06-16 23:00:00+00:00,0.0017311974179291126,2.0383914906669034,-0.06716769406964318
2022-06-17 00:00:00+00:00,-0.001627399354947768,1.8101156213598473,0.06435729894563431
2022-06-17 01:00:00+00:00,0.024794498106576017,10.029032606001712,0.9517777495849341
2022-06-17 02:00:00+00:00,-0.014022674611204112,-4.375335669479256,-0.701944916605665
2022-06-17 03:00:00+00:00,-0.00949051454047095,-3.5350837759012848,-0.33800754554857104
2022-06-17 04:00:00+00:00,0.0075787200386923945,3.504046369299309,-0.4154845830535941
2022-06-17 05:00:00+00:00,0.013116706172561256,3.410037591136143,0.8240505096658682
2022-06-17 06:00:00+00:00,0.003927367794491738,2.681594077064092,-0.6319227034985251
2022-06-17 07:00:00+00:00,0.009902964365089483,0.4541820386770405,0.678566335107224
2022-06-17 08:00:00+00:00,-0.0016184502501688537,-1.7144458922641772,0.4504027189524129
2022-06-17 09:00:00+00:00,-0.004323299072080013,-2.1505057584443383,0.08116104386719857
2022-06-17 10:00:00+00:00,0.0067157123182697495,4.158066969797028,-0.5395404895882264
2022-06-17 11:00:00+00:00,-0.006580928352081156,-2.5418580559628277,-0.10587632239840242
2022-06-17 12:00:00+00:00,-0.015078911390944376,-4.581709986029946,-0.4190234189573553
2022-06-17 13:00:00+00:00,0.00710599532739745,5.431420489732792,0.02698932987806371
2022-06-17 14:00:00+00:00,-0.01225077417274091,-3.0904334335470627,-0.7442297207513059
2022-06-17 15:00:00+00:00,0.0058094335135561006,1.3671363406680748,0.3831306267908704
2022-06-17 16:00:00+00:00,-0.004176350411801914,-1.8396148686296792,0.1291353099951611
2022-06-17 17:00:00+00:00,0.0009821073943832525,1.3049277809642552,-0.07620496277133616
2022-06-17 18:00:00+00:00,-0.003678831715573485,0.02963360162857344,-0.4233593424340282
2022-06-17 19:00:00+00:00,-0.0001744459507729265,-1.4662289535069042,0.5691637239236466
2022-06-17 20:00:00+00:00,0.006454718908303467,3.6439596740821973,-0.18828949866782874
2022-06-17 21:00:00+00:00,-0.0048486833284474605,-1.0224291748778989,-0.2607960063507813
2022-06-17 22:00:00+00:00,-0.004864352674062617,-1.1871845451045244,0.11823514474439614
2022-06-17 23:00:00+00:00,0.00048173950047749676,0.9576774447053565,-0.20825583187348742
2022-06-18 00:00:00+00:00,0.005213455624147536,2.143868368163317,-0.20974358832205586
2022-06-18 01:00:00+00:00,-0.008702643434270746,-6.6788658432029315,0.6231635918115752
2022-06-18 02:00:00+00:00,0.003917397126211744,0.1617782287669181,-0.014554173768796086
2022-06-18 03:00:00+00:00,-0.0009433568445283847,0.2997872810142583,-0.23388496926820146
2022-06-18 04:00:00+00:00,0.001369626055041673,1.4469733158855227,-0.038201916145665815
2022-06-18 05:00:00+00:00,-0.00329724651816106,-1.0274691261665454,0.4347756754005763
2022-06-18 06:00:00+00:00,-0.04772229417267399,-12.082228519813938,-2.234076064258298
2022-06-18 07:00:00+00:00,-0.009481944293117944,-6.604231919645707,-0.0788461870372944
2022-06-18 08:00:00+00:00,-0.012594757127949597,-2.630354174083218,-1.1503548210427095
2022-06-18 09:00:00+00:00,0.008807711639280735,3.2807212031558275,0.03555479604147746
2022-06-18 10:00:00+00:00,0.011564952409521812,4.438841872868111,-0.06789263704464865
2022-06-18 11:00:00+00:00,-0.007491606262028816,-1.5218014288360422,0.17171177648656027
2022-06-18 12:00:00+00:00,-0.005139280277124166,-1.0404915991234422,0.08978481967452066
2022-06-18 13:00:00+00:00,0.002904042972325534,1.0648537026279923,0.06943256972856213
2022-06-18 14:00:00+00:00,-0.006800739484960686,-2.6235072186253547,0.34436543318592705
2022-06-18 15:00:00+00:00,-0.006574801080959067,-1.0681476797056721,-0.5585623633784578
2022-06-18 16:00:00+00:00,-0.004160910757468975,-0.7269237389912839,-0.6453107222165038
2022-06-18 17:00:00+00:00,-0.013267500322808132,-2.7473292129357794,-0.986972158797609
2022-06-18 18:00:00+00:00,-0.02118731211203762,-3.782394124157921,-1.9732028617365946
2022-06-18 19:00:00+00:00,-0.009291666760864565,-8.161453956333705,0.6733608150369179
2022-06-18 20:00:00+00:00,-0.013380279040553405,-1.9684793006739154,-1.717304992387507
2022-06-18 21:00:00+00:00,0.03964117917618778,13.223404917426123,0.7595223998890219
2022-06-18 22:00:00+00:00,0.03646460135585074,8.427015696889208,2.404148075443784
2022-06-18 23:00:00+00:00,-0.011610859267381968,-1.4281054675523484,0.1517766502172721
2022-06-19 00:00:00+00:00,0.00010496106581866924,-2.0699094175731365,0.0343567123298642
2022-06-19 01:00:00+00:00,-0.026031669575461835,-5.574071081653973,-1.4823553907663525
2022-06-19 02:00:00+00:00,-0.005217308884400945,-1.1184452935474916,-0.5055000388264648
2022-06-19 03:00:00+00:00,-0.0038266663528591384,-0.7235586414999445,-0.32312804523917626
2022-06-19 04:00:00+00:00,0.010304727090427773,3.2785081876641184,0.4467751092525105
2022-06-19 05:00:00+00:00,-0.020289574347874696,-4.92972971932827,-0.8392433622557967
2022-06-19 06:00:00+00:00,0.00712219080980624,3.2347639697540034,-0.1587233657363798
2022-06-19 07:00:00+00:00,0.0027616462501373106,0.9170842773310619,0.10926673996228248
2022-06-19 08:00:00+00:00,0.019614873184204882,4.107391546579843,0.7313044199187422
2022-06-19 09:00:00+00:00,0.01809883063519359,4.074963879998248,1.2906227295122104
2022-06-19 10:00:00+00:00,0.04655140625509805,13.228509820957257,2.3387294283006943
2022-06-19 11:00:00+00:00,-0.010071408188113907,-2.318571318535024,0.03450324255947616
2022-06-19 12:00:00+00:00,-0.017272679296691903,-3.2844811866516026,-0.8576140172406737
2022-06-19 13:00:00+00:00,-0.008638492835468279,-1.5448094643740273,-0.40686611088028923
2022-06-19 14:00:00+00:00,0.015112920815531788,3.508063289785204,0.4483187106056161
2022-06-19 15:00:00+00:00,0.018406996644647605,5.635788251870735,0.7065680010599382
2022-06-19 16:00:00+00:00,-0.01544594282220044,-4.03930077746862,-0.1714907539739763
2022-06-19 17:00:00+00:00,-0.00381525614072714,-0.4014657292342561,-0.5191411743549855
2022-06-19 18:00:00+00:00,0.04054527514480472,11.720169026825287,1.4851636143581373
2022-06-19 19:00:00+00:00,-0.005552655525470747,-1.887379882319633,0.24864486636945093
2022-06-19 20:00:00+00:00,0.025574296243870236,7.707274537020581,0.8383225348483547
2022-06-19 21:00:00+00:00,-0.011608069535348455,-3.570106880371547,0.009154099689179407
2022-06-19 22:00:00+00:00,0.014286997012559265,0.45211567890195115,1.0121008088523487
2022-06-19 23:00:00+00:00,-0.006273427108529833,0.16872351490963766,-0.9424213905799965
2022-06-20 00:00:00+00:00,-0.024175307988748947,-8.11175602581259,-0.44177689846574547
2022-06-20 01:00:00+00:00,-0.013441303977201948,-1.8929130217831431,-1.0230728056483198
2022-06-20 02:00:00+00:00,0.007332010562301519,-0.20396935401607583,0.5428624972872383
2022-06-20 03:00:00+00:00,0.0016444149168982486,1.143835773394118,0.22920793546583057
2022-06-20 04:00:00+00:00,-0.0058121817337883274,-2.326135385390272,0.311980693867767
2022-06-20 05:00:00+00:00,0.012153884363851352,4.007496222523531,0.3213603181883599
2022-06-20 06:00:00+00:00,0.0016506086850621696,1.543409658740721,-0.4356374036530272
2022-06-20 07:00:00+00:00,-0.0024095126093060136,-1.6711248192927595,0.08919005306481724
2022-06-20 08:00:00+00:00,0.023601936778872627,7.6006330457831535,0.7674901490667797
2022-06-20 09:00:00+00:00,0.004189881877365004,2.487973801096041,-0.3373417341761732
2022-06-20 10:00:00+00:00,0.011284366480568743,7.010039594245506,-0.5737007892704706
2022-06-20 11:00:00+00:00,-0.00376082840669405,1.1089260794564313,-1.0183811476669957
2022-06-20 12:00:00+00:00,-0.011897271626282653,-4.8218590356684325,-0.03244161148427377
2022-06-20 13:00:00+00:00,-0.001419646150035227,-2.2709845191778273,0.8529341680796375
2022-06-20 14:00:00+00:00,0.015684309757690734,5.921543085369853,0.07220349008979154
2022-06-20 15:00:00+00:00,-0.0010169372888847708,-1.2542020321581984,0.5230897306125198
2022-06-20 16:00:00+00:00,-0.026266053552852095,-4.063272751466163,-0.744821407539846
2022-06-20 17:00:00+00:00,-0.015368443065064701,-2.4330043954880045,0.21722254231548654
2022-06-20 18:00:00+00:00,0.003742685241269806,0.3462132565516933,0.2517483972051872
2022-06-20 19:00:00+00:00,0.0019251367510720048,0.17166301500136,0.08544002349438137
2022-06-20 20:00:00+00:00,0.01856143247296041,3.7253443248472364,0.8187200065539286
2022-06-20 21:00:00+00:00,-0.001721496590908873,-3.7550757980270637,0.3506265159505921
2022-06-20 22:00:00+00:00,0.003728145209150262,1.6517529360453607,-0.37685496432671617
2022-06-20 23:00:00+00:00,0.0044109859029740645,2.7561204370023655,0.14786002120387445
2022-06-21 00:00:00+00:00,0.004517412973441314,1.1291712130366693,-0.3445960729352752
2022-06-21 01:00:00+00:00,-0.00010243548909726347,0.29358281043954687,0.3045892518621151
2022-06-21 02:00:00+00:00,-0.011286749407796899,-1.1540740247298806,-0.7009268579117764
2022-06-21 03:00:00+00:00,0.00873311291046671,2.7499179147278516,-0.08615617127120379
2022-06-21 04:00:00+00:00,0.0022234022501455264,0.3820909557032917,0.12454296229097919
2022-06-21 05:00:00+00:00,0.011522473296017242,5.594908497399252,0.14070769874309397
2022-06-21 06:00:00+00:00,0.01047880934105566,1.5425740108224006,0.44423522543910154
2022-06-21 07:00:00+00:00,0.0010618779201179824,-3.058121172660279,0.31824526054590907
2022-06-21 08:00:00+00:00,0.010005872916708387,7.8247867413974195,-1.766529119321984
2022-06-21 09:00:00+00:00,-0.007355149040288793,-3.059861110353518,0.08945081931152513
2022-06-21 10:00:00+00:00,0.004121600336028652,3.552494018956236,-1.2339950928991292
2022-06-21 11:00:00+00:00,-0.01603972757873214,-6.552277939078659,0.19437509016980498
2022-06-21 12:00:00+00:00,0.011493422157413396,2.3730561431942543,-0.11786065790023895
2022-06-21 13:00:00+00:00,0.025656805876383002,10.32520372236375,-0.05461971439849633
2022-06-21 14:00:00+00:00,-0.0018605509587985942,0.9558997443663777,0.19779465371675278
2022-06-21 15:00:00+00:00,-0.009353346007799367,-3.3707455510185946,-0.0095477508630617
2022-06-21 16:00:00+00:00,0.001396604114363898,0.34976486923217254,-0.019240062570977944
2022-06-21 17:00:00+00:00,-0.008952629631635185,-2.7768464309701852,-0.2807596824790946
2022-06-21 18:00:00+00:00,-0.001497057311010872,-1.4316709478181386,0.08741029632925709
2022-06-21 19:00:00+00:00,-0.012863682962066327,-4.3642937129934705,0.2086942333881016
2022-06-21 20:00:00+00:00,-0.0005067387399237646,-0.6338294482909796,0.23204095228308264
2022-06-21 21:00:00+00:00,0.004654532416585861,1.0420549984705056,0.4994782389039591
2022-06-21 22:00:00+00:00,0.003638766795418554,2.034649724098283,-0.6529777906109536
2022-06-21 23:00:00+00:00,-0.008783854165577351,-2.66144017163465,0.1371544568428018
2022-06-22 00:00:00+00:00,-0.0074685306863071675,-3.2002341102050007,0.48821857203288477
2022-06-22 01:00:00+00:00,-0.014450354166903689,-4.905148419503819,0.27426794574246743
2022-06-22 02:00:00+00:00,0.006850664401119145,0.5080800307729092,0.017128829011375482
2022-06-22 03:00:00+00:00,-0.007219414683967721,-2.717566424857645,-0.3890988159838874
2022-06-22 04:00:00+00:00,0.00645074637492762,2.590927655119205,-0.412174665778056
2022-06-22 05:00:00+00:00,-0.002136884706701313,-0.5846837873697569,-0.10703481168490671
2022-06-22 06:00:00+00:00,-0.013610359121467002,-3.073747966680893,0.10957568892727132
2022-06-22 07:00:00+00:00,-0.006060151990572008,-2.411301155713497,0.8239787024454425
2022-06-22 08:00:00+00:00,0.007058732528741328,2.347631601388971,-0.8728536095793906
2022-06-22 09:00:00+00:00,0.005853006835643328,3.6297686669428835,-0.30689741274143867
2022-06-22 10:00:00+00:00,0.0007551331899216246,0.34287548400204326,-0.13079056221765312
2022-06-22 11:00:00+00:00,0.005876922141273989,1.750311047509843,0.096564344830407
2022-06-22 12:00:00+00:00,-0.005965335233655001,-1.5545971404667513,-0.36749732337612145
2022-06-22 13:00:00+00:00,0.019557855939827996,5.934644461146557,0.478526678060036
2022-06-22 14:00:00+00:00,0.0013325999821875343,1.713048232151641,-1.7765190486435287
2022-06-22 15:00:00+00:00,-0.02123409504785401,-7.640668515110926,-0.19949125553302305
2022-06-22 16:00:00+00:00,0.007883031809418847,1.9830843110431264,0.6844272853350836
2022-06-22 17:00:00+00:00,0.0021209869160459167,0.3048129109151913,-0.15504564136584342
2022-06-22 18:00:00+00:00,-0.0011705047392630147,1.267513132496381,-0.4161860643165089
2022-06-22 19:00:00+00:00,-0.004544596245802538,-1.8157013991142337,-0.1511285693294323
2022-06-22 20:00:00+00:00,-0.00926988800542664,-3.223441055072416,-0.17932839894733282
2022-06-22 21:00:00+00:00,0.008057183309775319,2.234776781270957,0.2267133796704634
2022-06-22 22:00:00+00:00,0.002478328977649429,1.7231738028849315,-0.0754656399687858
2022-06-22 23:00:00+00:00,-0.011190218306137461,-4.245013570460559,0.5585426378909939
2022-06-23 00:00:00+00:00,0.027061095061638108,8.311373299316026,-0.4702236303421274
2022-06-23 01:00:00+00:00,0.005126207493859577,-0.172020785481061,-0.03907995814710428
2022-06-23 02:00:00+00:00,0.0006123224467769842,0.5183857369367926,-0.10567030869595527
2022-06-23 03:00:00+00:00,-0.008704447073753624,-1.0033342311149225,-0.6762886814110022
2022-06-23 04:00:00+00:00,0.011200274432203453,3.4166590085059396,0.09211453923832519
2022-06-23 05:00:00+00:00,-0.001721231747249627,-0.8453648601390316,-0.02001860018314756
2022-06-23 06:00:00+00:00,0.01349346670966541,3.2186880892254637,0.2310265694966732
2022-06-23 07:00:00+00:00,-0.008171991442757048,-1.544823471104697,0.2719134001858372
2022-06-23 08:00:00+00:00,0.005871410176902038,0.9925856226272521,0.0510280051976596
2022-06-23 09:00:00+00:00,0.011265602863436683,1.845106351225291,0.17086089935844737
2022-06-23 10:00:00+00:00,0.0024844997807077535,2.6875870344255173,-0.768491019394426
2022-06-23 11:00:00+00:00,0.0024940401192093168,-1.9827704767857541,0.40306970518878477
2022-06-23 12:00:00+00:00,0.003940911404727652,-0.7731544158277835,0.45543865876649614
2022-06-23 13:00:00+00:00,0.004336181269816953,-2.191772218757748,0.04007985160333172
2022-06-23 14:00:00+00:00,-0.006751731516971407,1.7474395442955462,0.2773147612856459
2022-06-23 15:00:00+00:00,0.012420942811235408,-3.941512870378087,-0.15374828235782606
2022-06-23 16:00:00+00:00,0.003073369138101938,-1.5511340133521123,0.08927182526649333
2022-06-23 17:00:00+00:00,-0.001518435789540189,1.4700475000738855,0.03593492821509582
2022-06-23 18:00:00+00:00,-0.005758310979967041,-0.003087256904548169,0.5582419858023183
2022-06-23 19:00:00+00:00,-0.023090045427286578,7.592725272242997,0.12726239514342447
2022-06-23 20:00:00+00:00,0.004580757844837012,0.1872618388223289,-0.257632792898017
2022-06-23 21:00:00+00:00,0.005876759529246513,-1.862521113318866,-0.1802795796033993
2022-06-23 22:00:00+00:00,-0.014520821175306738,3.72430928689495,0.19466828645355994
2022-06-23 23:00:00+00:00,-0.005417837794159805,1.7697116950476448,-0.18664704160122128
2022-06-24 00:00:00+00:00,0.004707712075378954,2.2097021808352575,-1.760335988700738
2022-06-24 01:00:00+00:00,-0.001813786986877427,3.3734084985319304,-0.41612163405768554
2022-06-24 02:00:00+00:00,-0.0061394645656762115,3.2045903354460252,-0.3058950110936628
2022-06-24 03:00:00+00:00,0.0050530736255647276,-2.0196526076760537,0.02509211139587314
2022-06-24 04:00:00+00:00,0.0009986644015694303,-2.4943596941553237,-0.20072875299765602
2022-06-24 05:00:00+00:00,-0.00491694173060865,-1.3672231803008805,0.542452902434492
2022-06-24 06:00:00+00:00,-0.0012323506392439214,-0.6296881616853722,-0.30639894328744594
2022-06-24 07:00:00+00:00,0.015031672605367058,3.065501277410485,-0.19759373106994488
2022-06-24 08:00:00+00:00,0.006658078064702619,4.161739839774491,0.8546273023506425
2022-06-24 09:00:00+00:00,-0.007945165318162105,-3.71465020554724,0.3360506995408482
2022-06-24 10:00:00+00:00,0.013385903991172324,3.440655669899285,0.9496946034203193
2022-06-24 11:00:00+00:00,0.019334333659563867,1.9038217410168685,-0.2494741536091026
2022-06-24 12:00:00+00:00,0.008902484645439739,1.268254320631235,-0.34330620600868983
2022-06-24 13:00:00+00:00,-0.000585422730263699,-0.7660368891844737,0.5747454138158206
2022-06-24 14:00:00+00:00,0.001188016168532377,-1.886921213058261,0.018890646250022448
2022-06-24 15:00:00+00:00,0.002825018257702617,-1.2179581973823255,0.13740616032700415
2022-06-24 16:00:00+00:00,-0.0047029856489534455,0.9985662865536344,0.6487202933485721
2022-06-24 17:00:00+00:00,-0.000712591268667215,-2.2695517717426994,-0.09833445530236945
2022-06-24 18:00:00+00:00,-0.011965534167742715,4.500480246677334,0.3900362535122213
2022-06-24 19:00:00+00:00,-0.004207466023200389,2.232302998663997,-0.43292836434766274
2022-06-24 20:00:00+00:00,0.006227776375099568,-0.19445327561130654,-0.2848106366822897
2022-06-24 21:00:00+00:00,-0.00327353400104939,3.761729491183443,0.7657681922702155
2022-06-24 22:00:00+00:00,-0.0034814399762808884,0.0890550222356424,-0.3754861746162186
2022-06-24 23:00:00+00:00,0.003523361014518102,-0.8117635119558609,0.3031883542796449
2022-06-25 00:00:00+00:00,0.0068007582732982075,1.0341779421462491,0.9710204638345413
2022-06-25 01:00:00+00:00,-0.005539490158511239,3.101843351228451,-0.005173816431947517
2022-06-25 02:00:00+00:00,0.01090294463673028,-6.11694935233496,-0.4998798924707609
2022-06-25 03:00:00+00:00,-0.011898355855121131,4.247895063160409,1.5643900180150678
2022-06-25 04:00:00+00:00,0.0017109466223392928,0.7935087943728583,0.883367700174008
2022-06-25 05:00:00+00:00,0.0021194984256722883,-0.3773235849227751,-0.27209523800377955
2022-06-25 06:00:00+00:00,-0.0007717827559121952,1.7060173832395449,0.18502709909642812
2022-06-25 07:00:00+00:00,-0.010317094280187674,3.6992734068137705,-0.526424578486088
2022-06-25 08:00:00+00:00,0.004827518419209091,-1.9290019145767883,0.8099495451704701
2022-06-25 09:00:00+00:00,0.0005756911347753083,0.7526942869815186,-0.03761033430007822
2022-06-25 10:00:00+00:00,0.0008883213196257728,-0.4218473223212681,-0.2093644167406978
2022-06-25 11:00:00+00:00,0.0068144022953708396,-3.459082907606108,-0.5607301231752404
2022-06-25 12:00:00+00:00,0.014908606634857175,-7.106721517566411,-0.829752344379475
2022-06-25 13:00:00+00:00,-0.0012466690105434892,1.6338959742172254,0.9715860381365021
2022-06-25 14:00:00+00:00,0.004142051777132593,-0.9678553277660379,-0.02553426971309608
2022-06-25 15:00:00+00:00,0.007793535885784349,-3.893688213844399,1.0118854669795097
2022-06-25 16:00:00+00:00,-0.00741696419719904,2.423192444168482,-0.6421806516772811
2022-06-25 17:00:00+00:00,-0.0027292902243343077,2.751342440668143,-1.5500568870160347
2022-06-25 18:00:00+00:00,-0.012525962630384994,5.581172193683426,-1.751888941498633
2022-06-25 19:00:00+00:00,0.005212888509408596,1.5181151044998387,-2.2305603986510305
2022-06-25 20:00:00+00:00,-0.002931309644403331,1.357814046214752,0.22348335493325722
2022-06-25 21:00:00+00:00,-0.031190006491332037,6.4530968988346995,-1.3321867124443911
2022-06-25 22:00:00+00:00,0.0049441751369882206,-1.9993205673624688,-1.7125455686609894
2022-06-25 23:00:00+00:00,0.00020840598094106535,1.9692622179750423,0.9727510269481271
2022-06-26 00:00:00+00:00,0.0009579008112251591,1.2264034288133066,-0.9208205514751839
2022-06-26 01:00:00+00:00,0.003535914965617823,-2.724107881233761,-1.1892556308140438
2022-06-26 02:00:00+00:00,0.0031705426701966466,-0.6169471111331379,-0.17109105706779798
2022-06-26 03:00:00+00:00,-0.0010157353962704603,1.031326504603066,-0.6521129656000781
2022-06-26 04:00:00+00:00,-0.0035895345739522942,1.1413698209714704,0.0017216073764848294
2022-06-26 05:00:00+00:00,-0.0021578430077957987,0.26241021956924443,0.13102761265142093
2022-06-26 06:00:00+00:00,-0.004755224131602972,2.000570432037084,0.10789463596240861
2022-06-26 07:00:00+00:00,0.00676244603610848,-1.8214759108022456,-0.6020051484237621
2022-06-26 08:00:00+00:00,-0.004889651634813818,2.7465421465051776,3.087186431953282
2022-06-26 09:00:00+00:00,0.003681864850562708,-3.3995331135928937,-1.2913053496080484
2022-06-26 10:00:00+00:00,-0.003477384063490522,1.741738501048688,-0.16009961736327544
2022-06-26 11:00:00+00:00,-0.020045148798848306,6.6663160340021514,-0.3980151338251949
2022-06-26 12:00:00+00:00,0.022441836803600484,-6.612054793396269,-0.4751132939355109
2022-06-26 13:00:00+00:00,0.009582146382873444,-0.25661071881722325,0.31985395880414413
2022-06-26 14:00:00+00:00,-0.0008665559901418189,-0.09438023387172176,-0.5934548983152921
2022-06-26 15:00:00+00:00,0.004546976650844673,-2.7009235437678023,-0.19739987060631853
2022-06-26 16:00:00+00:00,-0.0016896488713410791,-0.8967718371253927,-0.10616429897449135
2022-06-26 17:00:00+00:00,0.0018884805943565751,-2.7018323927873125,0.04982834871244172
2022-06-26 18:00:00+00:00,0.003962987030777795,-3.9711340167301192,-1.1145575992920989
2022-06-26 19:00:00+00:00,-0.0063630946119553515,3.172837155255641,0.3108438374415423
2022-06-26 20:00:00+00:00,-0.016884480187,5.378944844056221,0.29938512650035976
2022-06-26 21:00:00+00:00,0.006762134976942364,-2.051732947856799,-0.12826100960306758
2022-06-26 22:00:00+00:00,0.019371447784961474,-8.437684022783953,-1.5251322151824542
2022-06-26 23:00:00+00:00,0.013201275595003061,-5.047123574813063,-0.23242344483906024
2022-06-27 00:00:00+00:00,-0.010499434777047898,3.9769351636093004,0.7578605954358237
2022-06-27 01:00:00+00:00,-0.004201242070494413,1.2938308382297063,-0.5361216834183157
2022-06-27 02:00:00+00:00,-0.0025816412933156183,2.6461037732767094,0.44154407737935747
2022-06-27 03:00:00+00:00,-0.0006031168655719652,1.0552455012049828,0.8284673630499297
2022-06-27 04:00:00+00:00,-0.002676195789968319,1.5464216397914918,0.0728468788584432
2022-06-27 05:00:00+00:00,0.0068529008347048125,-3.126538225654694,-0.33008026839855437
2022-06-27 06:00:00+00:00,-0.004677951081371068,2.1581297349535427,-0.007044016604167216
2022-06-27 07:00:00+00:00,-0.005708517468200015,2.4004008176532605,0.4838521039469864
2022-06-27 08:00:00+00:00,-0.003943890992316156,3.4702625357906256,0.10404427673777111
2022-06-27 09:00:00+00:00,0.0015547371009215966,-0.3721269931339122,-0.49146701852861835
2022-06-27 10:00:00+00:00,0.000753012386701728,0.0968334687608135,-0.2561438141306314
2022-06-27 11:00:00+00:00,0.006403832813416975,-4.985372660642316,0.4610575937336988
2022-06-27 12:00:00+00:00,0.0033910427188851558,-1.3862627092791986,-0.3587390987323836
2022-06-27 13:00:00+00:00,0.02378387442030532,-11.361777205596283,1.098746045944511
2022-06-27 14:00:00+00:00,-0.004239786510550526,2.4322460702044477,-0.7122768144267175
2022-06-27 15:00:00+00:00,0.003132245620956528,-0.8721578884565021,-0.8952996108672924
2022-06-27 16:00:00+00:00,-0.0002985645838801264,-1.4629528371879663,0.151413669427789
2022-06-27 17:00:00+00:00,0.0017062491962342458,-1.7127030456106829,-0.20366708884439252
2022-06-27 18:00:00+00:00,-0.005113702118008524,2.4033443211683045,0.18279926648541295
2022-06-27 19:00:00+00:00,-0.0016387676035971967,-1.9484161051019633,-0.21140804585062697
2022-06-27 20:00:00+00:00,-0.0025450885532055743,2.9903176466447583,-0.09261136461142491
2022-06-27 21:00:00+00:00,0.004932933808821048,-0.9860220487426665,0.543111276582715
2022-06-27 22:00:00+00:00,-0.00041244992147086745,1.7861667030189148,-0.3699481707124162
2022-06-27 23:00:00+00:00,0.004096927769976912,-2.2856082945410545,0.6037431114926236
2022-06-28 00:00:00+00:00,-0.0012538113585701006,-1.1709305672276589,-0.2793392258848669
2022-06-28 01:00:00+00:00,0.007585121662421099,-8.670481836774156,0.6813776083279526
2022-06-28 02:00:00+00:00,-0.0011995686585034777,1.1573133193738552,0.006630800808317558
2022-06-28 03:00:00+00:00,-0.004634495595797391,2.455071515712293,-0.25962196663547277
2022-06-28 04:00:00+00:00,-0.0017229309584229785,1.6349098392287895,-0.14522168317897863
2022-06-28 05:00:00+00:00,0.0010882557951825942,-1.114738382114676,0.17884313639477406
2022-06-28 06:00:00+00:00,-0.006549488707369011,4.7765399121450525,-0.21742864239349946
2022-06-28 07:00:00+00:00,-0.000796332857574836,2.418713603214379,0.6829755792270121
2022-06-28 08:00:00+00:00,-0.011557587619234288,6.281089215018151,1.1241117930071172
2022-06-28 09:00:00+00:00,0.002890019771968018,-2.4479087950291007,0.006766444633445189
2022-06-28 10:00:00+00:00,0.001639264236505098,-1.1532186363527028,0.6698254575023603
2022-06-28 11:00:00+00:00,0.0011771367008600595,1.6448379770706556,-0.06111556848637318
2022-06-28 12:00:00+00:00,0.0018661893578300528,0.528730452640838,0.6766898775644674
2022-06-28 13:00:00+00:00,-0.005038931522150341,3.205608647738319,0.15910546298456352
2022-06-28 14:00:00+00:00,0.011019746402255802,-7.065806176901495,-0.9265253922851768
2022-06-28 15:00:00+00:00,0.011624928052540444,-9.06547222850276,0.13621154447604297
2022-06-28 16:00:00+00:00,-0.0052434521686061455,0.6778465336655132,0.38677735539088576
2022-06-28 17:00:00+00:00,0.004367452214347172,-1.8885736230589192,0.34504285374266197
2022-06-28 18:00:00+00:00,0.013505915405418444,-3.1379891166370024,-0.18125287615244356
2022-06-28 19:00:00+00:00,0.004681449860039451,-1.2106153096004848,-0.07668698485532907
2022-06-28 20:00:00+00:00,-0.0012195932259592012,0.9854719648085049,1.2116343507883376
2022-06-28 21:00:00+00:00,-0.005549693357823534,1.058025144696193,0.10622863028728544
2022-06-28 22:00:00+00:00,0.004835583298517543,-8.691553529684953,0.17751926990723454
2022-06-28 23:00:00+00:00,0.001562292022754012,-0.17551182977335267,-0.5321022217925935
2022-06-29 00:00:00+00:00,-0.0003915978565362156,1.4883033650230535,0.9155767519342943
2022-06-29 01:00:00+00:00,-0.003624833864846555,3.3376357388282907,0.5146980179176417
2022-06-29 02:00:00+00:00,0.0007073987468714544,0.35122622622765437,-0.1544187021313462
2022-06-29 03:00:00+00:00,0.00336515401717039,-3.0297941635766477,-0.02733286109870197
2022-06-29 04:00:00+00:00,-0.0026961782106024804,-0.643857839126591,-0.03200374105143078
2022-06-29 05:00:00+00:00,0.01408897744629827,-4.442265785302941,0.25343776234875465
2022-06-29 06:00:00+00:00,0.011888684219763294,-5.070993689782507,-0.44984164267109017
2022-06-29 07:00:00+00:00,-0.009713554330070857,5.31300196316831,-0.0762719574602059
2022-06-29 08:00:00+00:00,0.004744515701787864,-2.435413120335132,0.7047997060176315
2022-06-29 09:00:00+00:00,-0.0039328592809766486,2.497274836757513,0.7124559895993544
2022-06-29 10:00:00+00:00,0.0015518149954657338,-1.1994295856379158,-0.3974719640859046
2022-06-29 11:00:00+00:00,0.008283293458521532,-0.6491348402887653,-0.10211839291801691
2022-06-29 12:00:00+00:00,0.010212236864998845,-4.644529618718244,0.03657706250197905
2022-06-29 13:00:00+00:00,-0.003373185321237698,3.457549468222188,-0.23097691084799502
2022-06-29 14:00:00+00:00,-0.005419958861753811,3.586209271293744,-0.36045120653823853
2022-06-29 15:00:00+00:00,0.0026822246346447634,-2.0213146520500116,-0.10328478392445681
2022-06-29 16:00:00+00:00,0.012936135209443991,-5.460910958674794,0.8834020870455235
2022-06-29 17:00:00+00:00,-0.00481056054497757,3.9185177489374694,-1.3653165617546945
2022-06-29 18:00:00+00:00,0.0006006546460749348,-0.8208026933183648,-1.2155031006516273
2022-06-29 19:00:00+00:00,-0.012910303808690113,6.789997023891007,-0.03278749909585722
2022-06-29 20:00:00+00:00,0.007029832954604489,-1.0058914233917176,0.16688344052481968
2022-06-29 21:00:00+00:00,-0.0040261529063383705,-0.2281588817177268,-0.03183030943892704
2022-06-29 22:00:00+00:00,0.005578499629754491,-1.0857011213363759,-0.0788781030651302
2022-06-29 23:00:00+00:00,0.00495839888466429,-3.059439824132847,0.1597400020966727
2022-06-30 00:00:00+00:00,0.004334043222925341,-6.330913695045703,0.581484007585178
2022-06-30 01:00:00+00:00,0.0011959769230645036,-2.4838866725352386,-0.5517434512220538
2022-06-30 02:00:00+00:00,-0.003433194489796148,5.197301967296484,-0.355871716917465
2022-06-30 03:00:00+00:00,0.0008174409468412203,-0.13996621605751336,0.16453109938401378
2022-06-30 04:00:00+00:00,0.0008621801637861155,-3.0571636613262254,0.10570227090431028
2022-06-30 05:00:00+00:00,0.0023362379310621737,-0.7653759236567966,-0.10889925230510333
2022-06-30 06:00:00+00:00,0.02914833181802124,-11.527077802805806,0.2843971449513295
2022-06-30 07:00:00+00:00,-0.0007042181708100954,0.34459728665064926,0.264345649739212
2022-06-30 08:00:00+00:00,0.010001988287870881,-6.255208113948519,2.039685823297617
2022-06-30 09:00:00+00:00,0.005171428265792529,-0.7410873774639462,-0.9772393742135698
2022-06-30 10:00:00+00:00,0.0025234594004159045,-1.8869062042455977,-0.22059330885413025
2022-06-30 11:00:00+00:00,0.000672534969881964,-0.10652796984499022,0.2528445969520372
2022-06-30 12:00:00+00:00,-0.006211264528023625,5.139041108920059,-0.05714242087190362
2022-06-30 13:00:00+00:00,0.018252303655447666,-9.843631143793845,-0.4884440072561202
2022-06-30 14:00:00+00:00,-0.013832038871366834,8.161493418197622,0.45168272576717095
2022-06-30 15:00:00+00:00,-0.0014690950142365392,2.58939079692128,-0.4158287147349389
2022-06-30 16:00:00+00:00,3.49870633949579e-05,1.134882278863178,0.21535050980012227
2022-06-30 17:00:00+00:00,0.0020034840846836995,1.0996357560146361,-0.330594572421444
2022-06-30 18:00:00+00:00,0.006803488365616994,-3.67425446978106,-1.0128433334906677
2022-06-30 19:00:00+00:00,-0.0013002026580677232,2.4795926553402308,-1.0039358793301256
2022-06-30 20:00:00+00:00,0.010440226764410995,-5.245524378174958,0.1951641169632345
2022-06-30 21:00:00+00:00,0.0011515940969512085,1.8807825859814398,0.7184934730050108
2022-06-30 22:00:00+00:00,-0.008937892635396296,5.00035394074934,-1.8122460086563161
2022-06-30 23:00:00+00:00,-0.03334465176267065,16.33054889718684,1.5131959024518977
2022-07-01 00:00:00+00:00,-0.01390962650725807,6.139443285579699,1.7335190478312965
2022-07-01 01:00:00+00:00,0.001946619887634834,1.2977284988274884,0.7073868970690995
2022-07-01 02:00:00+00:00,0.0033971821184444603,-0.9024417313330014,-1.2191092144482358
2022-07-01 03:00:00+00:00,0.022206956347750714,-12.228682334671966,-0.22752537024983732
2022-07-01 04:00:00+00:00,0.009889093636755988,-6.322261096777639,0.4498976235283309
2022-07-01 05:00:00+00:00,-0.003579134724111813,1.2946854181244074,-0.7302899046244085
2022-07-01 06:00:00+00:00,0.0089903171649255,-0.29342617934006576,-0.3881369762728003
2022-07-01 07:00:00+00:00,-0.002671288176174218,5.740954380402578,-0.3779088382017439
2022-07-01 08:00:00+00:00,0.001124377472903449,-1.9906272810467216,0.8908600462234251
2022-07-01 09:00:00+00:00,0.002535728511886853,-1.0657786019695714,-0.18947283324580827
2022-07-01 10:00:00+00:00,0.016090493434002887,-7.808738131798052,-0.1793717007016673
2022-07-01 11:00:00+00:00,-0.005160931194210846,2.788982359981062,0.4101091744358057
2022-07-01 12:00:00+00:00,-0.0036791874962950923,-0.9967155543821399,0.6850483541134071
2022-07-01 13:00:00+00:00,-0.010660968212077132,5.950238655794952,-1.1089099762647283
2022-07-01 14:00:00+00:00,-0.004051174657753469,-3.7660279412913917,0.8217781438624917
2022-07-01 15:00:00+00:00,-0.0035703687217152565,-1.532585104451718,0.651485420713055
2022-07-01 16:00:00+00:00,0.0015782150294631706,3.0261084076324276,0.3019368033170775
2022-07-01 17:00:00+00:00,0.008657688323220294,4.0830069002172,0.3941616920951585
2022-07-01 18:00:00+00:00,-0.0008628442262352656,-0.922250679535318,0.03713222009577333
2022-07-01 19:00:00+00:00,-0.006711982719695416,1.223292188768813,-0.057427704449871705
2022-07-01 20:00:00+00:00,0.0006614971886369489,1.3229114022214945,-0.6886277850880121
2022-07-01 21:00:00+00:00,-0.003061909118633761,-2.0411436752922265,0.37978122571326295
2022-07-01 22:00:00+00:00,0.0030604719764011873,-2.517585456536522,0.23949203258874646
2022-07-01 23:00:00+00:00,0.0006025503867389746,0.17941512441697702,-0.2307948384832678
2022-07-02 00:00:00+00:00,0.004636119924248009,-3.75936989843729,1.1593103101470512
2022-07-02 01:00:00+00:00,-0.005697549930472608,1.8158728825972172,-0.4506040921324102
2022-07-02 02:00:00+00:00,0.0014771776059874428,-3.4344261853079736,0.03040816998587907
2022-07-02 03:00:00+00:00,-0.002984298380306037,-1.8048421192662987,0.5573468288962363
2022-07-02 04:00:00+00:00,-0.0027847188552816635,2.6126853099742213,-0.40964739018614627
2022-07-02 05:00:00+00:00,-0.0024219358187007904,1.2639583946160493,0.2763937901329195
2022-07-02 06:00:00+00:00,-0.002652107815395577,-0.11864661461015333,-0.012625275716194175
2022-07-02 07:00:00+00:00,0.0016649277421360174,-1.2413971599796376,0.5190580642501306
2022-07-02 08:00:00+00:00,0.00189292713344021,-0.8090928285660346,-0.1148668151759491
2022-07-02 09:00:00+00:00,-0.00275638879589332,1.7415258337320498,0.5205862557712673
2022-07-02 10:00:00+00:00,-0.0011361737677527334,2.8465286650339268,-0.08923468275595917
2022-07-02 11:00:00+00:00,-0.00047692461263738,-1.031553065640763,-0.13090154840746196
2022-07-02 12:00:00+00:00,-0.0007563791684278418,3.675321877248619,0.1608717930746448
2022-07-02 13:00:00+00:00,-0.0008741452187576362,-2.3560769552075866,0.04612730822884051
2022-07-02 14:00:00+00:00,-0.003107278800590346,0.5976558202101495,-0.3266693642339381
2022-07-02 15:00:00+00:00,-0.004801787946848437,-1.2831081270313909,-0.5707963904697567
2022-07-02 16:00:00+00:00,-0.007920266368734854,3.3144386669317987,-0.4144017660620144
2022-07-02 17:00:00+00:00,0.0014530883631840605,0.4211796106336876,-0.03562998076696302
2022-07-02 18:00:00+00:00,-0.001803843065653295,2.486025036759161,0.02593523465557404
2022-07-02 19:00:00+00:00,0.0023948821696101346,-1.23131549327606,-0.3605746681149474
2022-07-02 20:00:00+00:00,0.00600273168914626,-0.8489189244040094,0.21067673993708397
2022-07-02 21:00:00+00:00,-0.006144701975124592,4.111736736338023,-0.13270139961964197
2022-07-02 22:00:00+00:00,-0.005795062862191517,-1.199886865280735,0.0030393072107943453
2022-07-02 23:00:00+00:00,0.0023006932909934706,-1.7513120235241897,-0.13096406513527992
2022-07-03 00:00:00+00:00,0.00911985655547653,-1.674753940935985,-0.3555290617159278
2022-07-03 01:00:00+00:00,0.005523106196484512,-3.1869058621339117,-0.24936323153784673
2022-07-03 02:00:00+00:00,-0.0021841130793639183,2.4325020178922463,0.7042263018406081
2022-07-03 03:00:00+00:00,0.0008242747948123774,0.8720575190837406,0.43819930475247804
2022-07-03 04:00:00+00:00,0.0010734216490341439,0.33241812876622046,0.2805501546274243
2022-07-03 05:00:00+00:00,0.015242104107999851,-5.650878388655611,0.34321984194789035
2022-07-03 06:00:00+00:00,-0.0068987368257441,2.3232914547352914,-0.11049871332767383
2022-07-03 07:00:00+00:00,0.0014566915905213794,-0.422738079152437,0.13556584665149768
2022-07-03 08:00:00+00:00,0.007524622976159826,-2.3842355295572117,0.518775833222427
2022-07-03 09:00:00+00:00,-0.0020352550966345863,0.9728639475292694,0.11236602173889887
2022-07-03 10:00:00+00:00,-0.003139203950530657,0.9655909787805876,-0.08770636566665346
2022-07-03 11:00:00+00:00,0.002171930235931656,0.29204528838757615,0.09208855214782805
2022-07-03 12:00:00+00:00,-0.0007129145060179062,-1.4962022909132442,0.3078801107842343
2022-07-03 13:00:00+00:00,0.009686550704096375,-5.5205880555193865,0.31420821700261825
2022-07-03 14:00:00+00:00,-0.0068883151977224754,3.226628504440881,-0.4973423465392799
2022-07-03 15:00:00+00:00,0.0021963479238334377,-0.9223623044240492,0.08521685742955501
2022-07-03 16:00:00+00:00,-0.004111362383231766,4.053966238560764,0.27460691147611643
2022-07-03 17:00:00+00:00,-0.003923697702260285,1.6767338830961465,-0.11457146505509498
2022-07-03 18:00:00+00:00,-0.0004512054904584195,1.0873139908139116,-0.04711195161587344
2022-07-03 19:00:00+00:00,-0.008163144204998361,6.073366618703587,-0.7427549168429968
2022-07-03 20:00:00+00:00,-0.015466442992478456,1.4392717256756773,-0.8950040724022896
2022-07-03 21:00:00+00:00,0.0031657420383518265,-2.246679307238956,0.09570031672147505
2022-07-03 22:00:00+00:00,0.003675060346931924,-1.143603040646332,-0.5424752972467208
2022-07-03 23:00:00+00:00,-0.0008112982523041022,0.9731532668728397,0.11218668147748692
2022-07-04 00:00:00+00:00,0.00014772139744442166,1.0500316268117842,1.0428381302180871
2022-07-04 01:00:00+00:00,0.0037641495860601735,-1.2136519308667684,0.0808673336422932
2022-07-04 02:00:00+00:00,0.015395427835152279,-8.608677672427648,0.25176817030312515
2022-07-04 03:00:00+00:00,0.001443550817747668,0.11323834676259079,0.043950309579475155
2022-07-04 04:00:00+00:00,-0.002012568610293507,1.7694002665149327,0.21734220521785608
2022-07-04 05:00:00+00:00,0.0011454594543086525,0.7646375375283416,0.5551381440746397
2022-07-04 06:00:00+00:00,0.001613551693128974,-1.9750750173542366,-0.06835788737083447
2022-07-04 07:00:00+00:00,0.00011065566361312988,1.6651717589753625,0.906974050311964
2022-07-04 08:00:00+00:00,-0.0009399584673202811,0.5189827330543625,0.4253983363768417
2022-07-04 09:00:00+00:00,-0.011297946857702879,6.661024863442119,-0.6787807568898222
2022-07-04 10:00:00+00:00,-0.0006313336023794217,0.8994512515732486,-0.839899452755868
2022-07-04 11:00:00+00:00,-0.013037018738613449,9.91769541611429,-0.10486357613619224
2022-07-04 12:00:00+00:00,0.0035835848247928515,-0.6702188002700648,-0.057559096729063904
2022-07-04 13:00:00+00:00,0.0070905923681027815,-4.42984675515335,0.7996529608130523
2022-07-04 14:00:00+00:00,-0.004006994959605771,1.1104352027441176,-0.2261301888791282
2022-07-04 15:00:00+00:00,-0.008619892118286683,4.057619916350524,-0.9684041535484098
2022-07-04 16:00:00+00:00,-0.005409341636209997,0.574378216749365,1.0725202851351334
2022-07-04 17:00:00+00:00,-0.0002305352632192579,4.069403406003181,-0.5904404712986365
2022-07-04 18:00:00+00:00,-0.0014330848634974646,1.9485314166370007,0.21123503684845327
2022-07-04 19:00:00+00:00,0.008857242758002091,-2.5882582691553333,0.4914069891651198
2022-07-04 20:00:00+00:00,0.0012841849456668747,-0.4776659649096439,-0.07785833464704406
2022-07-04 21:00:00+00:00,-0.007418859826239462,5.1567399081772,0.2083559483099135
2022-07-04 22:00:00+00:00,-0.003651220757837959,3.415401812920994,-0.5679315482433965
2022-07-04 23:00:00+00:00,-0.0029859211811834965,2.8053872655820724,-1.2103866015689664
2022-07-05 00:00:00+00:00,0.008505020864070824,3.862901925981081,0.3712994710864257
2022-07-05 01:00:00+00:00,0.002028026596004162,-0.7277923912675052,1.0226627027026796
2022-07-05 02:00:00+00:00,0.017231028683246975,-5.026746256969766,-0.8444877299501624
2022-07-05 03:00:00+00:00,-0.007441568950275684,4.061797231596492,0.005248007978979868
2022-07-05 04:00:00+00:00,-0.004033080531810426,0.5555658964510418,0.16785591414059775
2022-07-05 05:00:00+00:00,0.0024938118238200845,1.058251384370267,0.037488953986159326
2022-07-05 06:00:00+00:00,0.0007873140549452592,1.8022049966129454,-0.4450347952065252
2022-07-05 07:00:00+00:00,0.00317840526970382,-4.080993885403622,-0.552262015394696
2022-07-05 08:00:00+00:00,-0.0006350390466387322,-10.588242008172227,0.05367294813676515
2022-07-05 09:00:00+00:00,0.002999177620328142,-3.8956177004906807,0.3973434861488568
2022-07-05 10:00:00+00:00,0.0006339956771626508,0.37462806983884267,0.14546615984271652
2022-07-05 11:00:00+00:00,0.0038680409456030916,-6.269686365531721,0.37685019807615255
2022-07-05 12:00:00+00:00,0.003252679365376521,-6.601349213470739,0.7697862764581551
2022-07-05 13:00:00+00:00,-0.005283409585727994,1.3769504942681916,0.9370196563171062
2022-07-05 14:00:00+00:00,0.00045074111328313596,1.8735218728348808,0.41383999659876336
2022-07-05 15:00:00+00:00,-0.003022635165419314,1.484689571090438,0.5147627307577287
2022-07-05 16:00:00+00:00,-5.9601205199115994e-05,-0.24450032696956991,-0.09372937614725191
2022-07-05 17:00:00+00:00,-0.0014541883605320477,2.904707876018285,-0.42966612757998746
2022-07-05 18:00:00+00:00,-0.005341073848280769,8.551758648687244,-0.7872808879269153
2022-07-05 19:00:00+00:00,-0.00024043653369695616,5.914508024096646,-1.872976059854087
2022-07-05 20:00:00+00:00,0.002205193461748486,1.951155191555404,-0.881221827733177
2022-07-05 21:00:00+00:00,-0.004305322278620216,0.09036615366485919,-1.2542157696042793
2022-07-05 22:00:00+00:00,-0.0007777266246217515,0.20884341589754252,0.16795481734331602
2022-07-05 23:00:00+00:00,0.007149499161911516,-6.749825765533281,-0.4363722322069609
2022-07-06 00:00:00+00:00,-0.0056673472894847735,3.1450504209308296,0.600226604997514
2022-07-06 01:00:00+00:00,-0.0012830005695527308,-8.220254404206157,-1.2859915603833438
2022-07-06 02:00:00+00:00,0.0011829562744332563,-0.0834858869825229,-0.10970554196102825
2022-07-06 03:00:00+00:00,-0.0007447507739593899,4.757894667667243,-0.06923119305261721
2022-07-06 04:00:00+00:00,-4.582105182346855e-05,2.571053254284024,-0.5985896104524168
2022-07-06 05:00:00+00:00,-0.003115573552854531,0.35998318170899807,-0.38352307930640306
2022-07-06 06:00:00+00:00,0.005044188173930786,0.3434637116039685,0.19853825360215427
2022-07-06 07:00:00+00:00,-0.0037378885904309133,1.0089918079550078,-0.09408386674559303
2022-07-06 08:00:00+00:00,-0.0015564808492801803,0.7803591027220621,0.47906484597768584
2022-07-06 09:00:00+00:00,-0.0009713694297604695,1.904658739408139,0.7573460888465469
2022-07-06 10:00:00+00:00,0.0009395969695659434,-1.5109982597264138,0.21244327725066237
2022-07-06 11:00:00+00:00,0.005770397569567566,-2.0411095220586453,-0.1329004965277777
2022-07-06 12:00:00+00:00,-0.0003414940240092173,0.4949908468035751,-0.2883365970078547
2022-07-06 13:00:00+00:00,-0.0027608150909906935,2.5547385791772235,-0.585773216566586
2022-07-06 14:00:00+00:00,-0.0006790484924796658,-0.3262558598772332,-0.5053707135758502
2022-07-06 15:00:00+00:00,0.0031577586568408834,-1.956553516207096,-0.25029004041855596
2022-07-06 16:00:00+00:00,-0.0015611014487442879,4.487074620770667,0.1445973097694756
2022-07-06 17:00:00+00:00,-0.0028272196613748925,-1.4759124433153727,-0.3150115234363468
2022-07-06 18:00:00+00:00,0.0018791734901278784,4.186141027326069,0.5668193570470712
2022-07-06 19:00:00+00:00,0.0010012331551211202,-2.3123636793288718,0.00741466397163526
2022-07-06 20:00:00+00:00,0.0019296627034890255,1.5314182149933955,0.48193088024432124
2022-07-06 21:00:00+00:00,-0.0007848506416060315,-0.8110044316603215,0.31787755608793494
2022-07-06 22:00:00+00:00,-0.0008690299701551572,4.41812725555933,0.5080257982214036
2022-07-06 23:00:00+00:00,-0.0038635660460917083,-1.1829129096530426,0.2765178715083819
2022-07-07 00:00:00+00:00,-0.001991441093601282,1.3379632786744278,-0.9668301722986961
2022-07-07 01:00:00+00:00,-0.002008411308662952,0.2239675735746239,-0.8377262943081571
2022-07-07 02:00:00+00:00,0.0017341212757078096,-2.611891540539686,-0.47597150659577303
2022-07-07 03:00:00+00:00,-0.0011469934086325393,1.115964682286955,0.044787651381209076
2022-07-07 04:00:00+00:00,0.0012017939732484344,-1.580464395000517,0.35333633264192893
2022-07-07 05:00:00+00:00,0.0009689195242707356,-2.784099305761392,-0.3810614663396358
2022-07-07 06:00:00+00:00,-0.0009555053752219097,0.5119283131676503,0.10623601974341972
2022-07-07 07:00:00+00:00,0.002380717113150152,2.918816756554178,0.3901564458403928
2022-07-07 08:00:00+00:00,0.0007840773562936239,4.4443936177192125,0.7275999926845258
2022-07-07 09:00:00+00:00,-0.0009895893773801678,-0.30781855204437736,0.17943159077424822
2022-07-07 10:00:00+00:00,0.0011106318758580468,-0.8033878999227689,0.5841072661034528
2022-07-07 11:00:00+00:00,-0.0033046088592563845,1.3354620834730244,-0.6568328186367294
2022-07-07 12:00:00+00:00,0.0021288877368606154,-1.4030677469393518,-0.3317376778145459
2022-07-07 13:00:00+00:00,-0.0029050269147842325,3.4003105375133296,0.8965367278504475
2022-07-07 14:00:00+00:00,0.0019872388604631136,8.25965158999114,2.190141176983925
2022-07-07 15:00:00+00:00,0.0007215817895087758,-0.183302427510388,-1.0284305666476237
2022-07-07 16:00:00+00:00,0.0022209415894232643,6.958509218252287,-0.23885117139642564
2022-07-07 17:00:00+00:00,-0.0003955933993472009,-4.283905735173183,-1.0418896939028777
2022-07-07 18:00:00+00:00,0.001013834164295757,5.811399262136692,0.5775884017713724
2022-07-07 19:00:00+00:00,0.0015350931621550396,3.9130166518234666,1.9464324471786558
2022-07-07 20:00:00+00:00,0.0003782050119168255,-4.378940491351637,0.09501945037806037
2022-07-07 21:00:00+00:00,-0.0003523693071275404,0.3825038053050315,0.3778475879146635
2022-07-07 22:00:00+00:00,-0.0008890978945892608,-1.8449798922828446,-1.2192974263364527
2022-07-07 23:00:00+00:00,0.0037684617235686077,2.034673212553059,0.6086524264692524
2022-07-08 00:00:00+00:00,-0.0006578679526705018,2.5555488613441653,0.09647929947277843
2022-07-08 01:00:00+00:00,0.007704030034772728,7.795654732578646,1.475966647634218
2022-07-08 02:00:00+00:00,0.0018807043501081694,-3.40253917457614,-0.14954447841934834
2022-07-08 03:00:00+00:00,0.002283547661959765,2.0012631958464646,-1.0794431955629773
2022-07-08 04:00:00+00:00,0.0008305193203608347,-3.995308473350142,-0.4085354462833868
2022-07-08 05:00:00+00:00,-0.001427732021564012,-4.255717603382835,-0.5896772877414004
2022-07-08 06:00:00+00:00,-0.0012993833095921734,-1.4984933829264118,0.10967427678993424
2022-07-08 07:00:00+00:00,0.0015768139078559313,-0.8264781611185932,0.08115194720547005
2022-07-08 08:00:00+00:00,-0.004145611340230306,-9.527613581071588,-0.4723988335775289
2022-07-08 09:00:00+00:00,-0.0030790178982367995,-0.0798826181680897,0.1316444855273804
2022-07-08 10:00:00+00:00,-0.0009001963215402352,-0.8339375934511826,-0.3166407512208882
2022-07-08 11:00:00+00:00,-0.0009831068542299171,1.4261562934384018,0.5063441485764368
2022-07-08 12:00:00+00:00,-0.003510111781814853,-3.888767702416893,0.9626646025594295
2022-07-08 13:00:00+00:00,0.0015456472961395936,-2.1845110642068484,0.7213460752830009
2022-07-08 14:00:00+00:00,-0.011671672885184671,9.894099024208876,-0.9102730526968037
2022-07-08 15:00:00+00:00,-0.016842198539260368,3.8659986577675713,0.34968752535006914
2022-07-08 16:00:00+00:00,0.004841894694243683,-4.585579707166331,-1.2214054673638952
2022-07-08 17:00:00+00:00,-0.006559839169218039,1.9705018349686507,-0.3473956501206279
2022-07-08 18:00:00+00:00,0.0038854943248837408,0.6399140185071317,-0.6851953786721373
2022-07-08 19:00:00+00:00,0.001074841263179028,2.466376155943818,-0.6456506555122672
2022-07-08 20:00:00+00:00,-0.0023566203250903824,2.0190453858559847,-0.10566973161279263
2022-07-08 21:00:00+00:00,0.006927171936214322,-5.249863635853533,-0.27686207518450145
2022-07-08 22:00:00+00:00,-0.0033669562951264926,1.8313002706920296,0.19818748754121873
2022-07-08 23:00:00+00:00,-0.0010086506515237118,-4.265527164363979,0.26716971189465133
2022-07-09 00:00:00+00:00,0.001651930345343572,2.8415766067768815,0.45436081138906814
2022-07-09 01:00:00+00:00,0.0012009737933121344,-0.49806784709094243,-0.5640197483467443
2022-07-09 02:00:00+00:00,-0.0034878617946597725,1.754220668679216,-0.04573486096217878
2022-07-09 03:00:00+00:00,0.002127626702742912,0.31677017808532326,-0.36954407400645856
2022-07-09 04:00:00+00:00,0.00021906665762408406,2.023236077542329,1.2266859169941247
2022-07-09 05:00:00+00:00,0.004387338380332805,-0.22385045022739733,-0.40896950168532237
2022-07-09 06:00:00+00:00,-9.726912545747794e-05,2.327605529347211,0.36811170542645255
2022-07-09 07:00:00+00:00,-0.005913695464651823,1.837035601615401,-0.7784930469237894
2022-07-09 08:00:00+00:00,-0.008520647694163263,2.259992499667032,0.16092614578625702
2022-07-09 09:00:00+00:00,0.0008863220242389474,-1.944560887894237,0.041450143109901694
2022-07-09 10:00:00+00:00,-0.00506979360193317,2.5221657845787484,-0.28487888174086445
2022-07-09 11:00:00+00:00,-0.0023355789459691607,-7.019253995555485,-0.14696231650778996
2022-07-09 12:00:00+00:00,0.0059871722167565925,1.1035079817143831,0.35241015939162346
2022-07-09 13:00:00+00:00,-0.0036261813506039274,-0.14181023869933324,-0.15695197249849033
2022-07-09 14:00:00+00:00,0.0010265939185293011,1.71754249835378,0.8767173477860074
2022-07-09 15:00:00+00:00,0.0031506474648794395,0.35120172963486584,0.1493441104980162
2022-07-09 16:00:00+00:00,-0.007872714317609015,3.4641094066690874,0.28707084482098955
2022-07-09 17:00:00+00:00,0.0015172947736765568,2.961691653526553,-1.7187954495569706
2022-07-09 18:00:00+00:00,-0.005046464165777122,-2.0510511810263194,0.013549686397435645
2022-07-09 19:00:00+00:00,-0.008416374840775355,-0.7878727375321881,0.5555472892824473
2022-07-09 20:00:00+00:00,0.003377676437755554,0.213924507294276,-0.050998175431474384
2022-07-09 21:00:00+00:00,-0.008685297067492125,0.3098560200920134,0.20776353657626473
2022-07-09 22:00:00+00:00,-0.006043626599931656,-1.479916653168474,-0.33209500025036737
2022-07-09 23:00:00+00:00,-0.011260622685777294,-0.49571198189932064,1.0425976175947513
2022-07-10 00:00:00+00:00,0.016016921957033116,-6.415227595040621,0.4910837076379304
2022-07-10 01:00:00+00:00,0.008499575508354108,-0.19841361777037575,0.4339548880915874
2022-07-10 02:00:00+00:00,-0.0015470356185029932,-6.372583964582314,-0.34685892237675436
2022-07-10 03:00:00+00:00,0.006632735753095996,-0.711551007399665,0.02517784927374278
2022-07-10 04:00:00+00:00,-0.007821523655793427,1.8528985861489824,0.1801903482543602
2022-07-10 05:00:00+00:00,0.0005110428803971883,1.5055795756398433,-0.008718418611370668
2022-07-10 06:00:00+00:00,0.0006337227483686007,-0.7509405575474725,-0.004509590975337374
2022-07-10 07:00:00+00:00,-0.014240089450381377,0.6025676908741164,0.030025221191397163
2022-07-10 08:00:00+00:00,-0.0033357064240339294,-1.7765363058695018,-0.4094878309115108
2022-07-10 09:00:00+00:00,0.005399996622363298,-0.4274009232720435,0.4894115583876058
2022-07-10 10:00:00+00:00,-0.0027697653770831043,-2.0758534962170807,-0.3183305630184524
2022-07-10 11:00:00+00:00,-0.004174324192405259,-0.021313607287557206,-0.4940289462989708
2022-07-10 12:00:00+00:00,-0.009008780442426038,1.6631064378906129,0.5102704248426431
2022-07-10 13:00:00+00:00,0.01230279436370549,-6.221515657311645,-0.31660913595516
2022-07-10 14:00:00+00:00,0.029744417179288895,-8.716067591706908,0.7503861169393293
2022-07-10 15:00:00+00:00,0.008005221775403666,0.4831746906393516,0.7505412797213136
2022-07-10 16:00:00+00:00,-0.00425069271946187,3.1840801738230864,0.30553045052109556
2022-07-10 17:00:00+00:00,-0.011084609403038664,0.33051738619194243,-1.1325085554232788
2022-07-10 18:00:00+00:00,0.0018210592093830125,-0.42504749822938426,0.4202978917287922
2022-07-10 19:00:00+00:00,0.001653088827086149,2.900134789300401,0.1337130329284159
2022-07-10 20:00:00+00:00,0.0031713452653964478,0.3407478023307374,-0.24256423832592244
2022-07-10 21:00:00+00:00,0.0025126561356722203,0.8898950012530417,-0.3484129831982532
2022-07-10 22:00:00+00:00,-0.0003346850892214141,-2.1312513043463284,0.4034678752426544
2022-07-10 23:00:00+00:00,-0.00795128391386927,-1.1611727418275057,0.336491326540517
2022-07-11 00:00:00+00:00,-0.0029825103813946683,-1.88691107264135,-0.03599127073655324
2022-07-11 01:00:00+00:00,0.007324105343246561,-9.581213799700906,0.9398398210089737
2022-07-11 02:00:00+00:00,0.003143695332560977,-1.0930786166895765,-0.7110519024403431
2022-07-11 03:00:00+00:00,-0.006866913136402189,2.733386827130761,0.4477537174575812
2022-07-11 04:00:00+00:00,0.0022280685447641168,-1.7121855023266603,0.09919731636671274
2022-07-11 05:00:00+00:00,-0.0030172233164313268,-3.156578236684602,0.09304369993751198
2022-07-11 06:00:00+00:00,0.012745298910025963,-6.438241610061233,0.6885055702346404
2022-07-11 07:00:00+00:00,-0.007773567646713228,4.4979572758662085,0.07714145732383879
2022-07-11 08:00:00+00:00,-0.002460016851587862,1.7217154747287395,-0.5137059516465389
2022-07-11 09:00:00+00:00,-0.0004719458751773945,2.505297446872833,0.016209024546896825
2022-07-11 10:00:00+00:00,0.0026775145149471307,0.8584108085990022,0.48546377305484667
2022-07-11 11:00:00+00:00,0.006592373160295285,-3.7398774987006767,-0.3069732948931175
2022-07-11 12:00:00+00:00,-0.007750050591925566,6.202772740505712,-0.5187984175173854
2022-07-11 13:00:00+00:00,0.015992239552065583,-10.398933161576947,0.5803478677619222
2022-07-11 14:00:00+00:00,-0.0008223891818696631,1.6630840840468952,0.8151067200144106
2022-07-11 15:00:00+00:00,-0.003093646798133364,3.3195224743598484,-0.004255009171972753
2022-07-11 16:00:00+00:00,0.005067150873783513,-1.2926587386839428,0.885323357563368
2022-07-11 17:00:00+00:00,-0.010885049569011382,7.206939678453961,0.10199400621879787
2022-07-11 18:00:00+00:00,0.00645356953161053,-4.021620265876514,0.039053471784167175
2022-07-11 19:00:00+00:00,0.0039812061713388166,-1.4950540826386538,1.1416557688839613
2022-07-11 20:00:00+00:00,0.015203745744381537,-4.250240676751261,-0.3213983080129349
2022-07-11 21:00:00+00:00,0.017768749049077933,-8.16270176141489,1.0275621606535759
2022-07-11 22:00:00+00:00,0.01600516447724383,-13.847428664416789,-1.674158486694136
2022-07-11 23:00:00+00:00,0.0014001491940821924,-1.2955006761062708,-0.5248459216545683
2022-07-12 00:00:00+00:00,0.0010381336900927517,0.6838782492040777,1.3594889840069035
2022-07-12 01:00:00+00:00,-0.002786323875815231,2.613259991160939,0.7170898204736723
2022-07-12 02:00:00+00:00,-0.0038003240478527746,2.573151054281796,-0.8668145403331652
2022-07-12 03:00:00+00:00,0.004625259580894811,-3.1864139226734416,0.1395664907171388
2022-07-12 04:00:00+00:00,-0.0007109979470399016,3.54771232414835,0.8671233175289526
2022-07-12 05:00:00+00:00,-0.00038471617424858123,0.3275291340659971,-0.6666269775586671
2022-07-12 06:00:00+00:00,0.012976999962843275,-5.571456493609905,-0.27145436043201415
2022-07-12 07:00:00+00:00,0.0004992040991249066,-2.690871686417381,0.6725739192749607
2022-07-12 08:00:00+00:00,0.013540049923151618,0.3948333513698946,0.09439178560266756
2022-07-12 09:00:00+00:00,0.012623878510489642,-6.93905163478983,2.005198904225127
2022-07-12 10:00:00+00:00,-0.0037009563779022724,2.2814851709686863,0.33729674001020604
2022-07-12 11:00:00+00:00,-0.005294815987336729,5.787400185340977,-0.2797179556992962
2022-07-12 12:00:00+00:00,0.0058453187616747644,2.576563270833419,-0.6123717733184856
2022-07-12 13:00:00+00:00,-0.004523882994434616,-1.6928416351083186,1.3619724687203094
2022-07-12 14:00:00+00:00,0.007243808593369875,4.696720916165766,-1.428155004479506
2022-07-12 15:00:00+00:00,0.0001808629842172107,-0.46181246276743376,-0.2500591538475699
2022-07-12 16:00:00+00:00,0.006164921807777284,3.0564417269154265,-0.2085704215877875
2022-07-12 17:00:00+00:00,-0.005895137487084062,-1.8052766072100659,-0.00525584697114833
2022-07-12 18:00:00+00:00,-0.013410977953346082,-8.027266291990566,0.3303533652990326
2022-07-12 19:00:00+00:00,-0.01699608155911576,-8.113901556938252,0.13565185475761604
2022-07-12 20:00:00+00:00,0.0053410469703019,2.755432732510586,-0.23770745957254175
2022-07-12 21:00:00+00:00,-0.006213574645136506,-3.627497759797152,-0.16359641052381318
2022-07-12 22:00:00+00:00,0.002251732952452287,1.3395055312620008,-1.1483201728543624
2022-07-12 23:00:00+00:00,-0.003772290576558856,-6.1893760392138475,-0.6236206785171668
2022-07-13 00:00:00+00:00,0.003784225077070876,4.358014137944493,0.17178818392150325
2022-07-13 01:00:00+00:00,0.004060686425550075,0.7176635956757257,-0.6263007816527933
2022-07-13 02:00:00+00:00,0.0080603993553304,4.591629513101595,0.14754578085358394
2022-07-13 03:00:00+00:00,-0.003656121339718767,-2.801703698279363,1.1555813751073152
2022-07-13 04:00:00+00:00,-0.0003660988843853944,1.290616527472703,-0.4300024189963343
2022-07-13 05:00:00+00:00,0.005995753185783724,2.845078370712845,0.021148043605602608
2022-07-13 06:00:00+00:00,0.002307115944558891,2.0144211610002025,-0.7181252163180553
2022-07-13 07:00:00+00:00,0.00683110377553855,5.453486625243781,-0.5780043059161775
2022-07-13 08:00:00+00:00,0.0061837040665367075,2.8696905124596213,0.4822434778878365
2022-07-13 09:00:00+00:00,-0.0022188209071689153,-1.8298885460027106,0.3822609231310197
2022-07-13 10:00:00+00:00,-0.001328625841684692,-1.384528865084126,-0.5799398693222321
2022-07-13 11:00:00+00:00,0.008633074523053522,2.575604946560629,0.2217753395724178
2022-07-13 12:00:00+00:00,-0.04507786684833292,-28.216466644812648,0.30812248426035166
2022-07-13 13:00:00+00:00,0.011435458383885133,4.747000909082428,-0.21488470362080647
2022-07-13 14:00:00+00:00,0.02245150538723312,11.8710234629368,0.00710898674097471
2022-07-13 15:00:00+00:00,-0.005523220877708516,-4.30306512389823,-0.06980428397958716
2022-07-13 16:00:00+00:00,0.011641005798574015,5.998160365898164,0.0732632347364017
2022-07-13 17:00:00+00:00,0.01817092717621541,8.463955854283643,1.212759220823045
2022-07-13 18:00:00+00:00,-0.003141144329496419,-0.35055087557347,-0.9996154630994514
2022-07-13 19:00:00+00:00,0.004650136290422494,-4.225369344248465,0.6861666064775596
2022-07-13 20:00:00+00:00,0.0005786295411739941,-0.4586573758857306,0.3255753896203538
2022-07-13 21:00:00+00:00,-0.005673424242189832,7.386204773278476,-0.8055620569797762
2022-07-13 22:00:00+00:00,0.001265400499258007,0.764749893877448,0.6788053083348564
2022-07-13 23:00:00+00:00,-0.010943496452890701,13.334997371366907,-0.6482232594682051
2022-07-14 00:00:00+00:00,0.001509431107143209,-1.1267104248102304,0.21535662249283466
2022-07-14 01:00:00+00:00,0.0025682499157174818,1.9307237254174916,1.781986407362653
2022-07-14 02:00:00+00:00,-0.001568011371074846,-0.9246071379745063,0.04543094993013734
2022-07-14 03:00:00+00:00,-0.000792870770323548,0.02522299544323678,0.837400912482581
2022-07-14 04:00:00+00:00,0.003666029999707048,-3.1770407573727026,0.3794978232666237
2022-07-14 05:00:00+00:00,-0.002573668910533034,2.0864079028814095,-0.589113147998591
2022-07-14 06:00:00+00:00,0.005140926979991843,-2.6983095983671594,0.4126497278084287
2022-07-14 07:00:00+00:00,-0.001148539676034656,-1.9878226640840244,-0.3563403774536402
2022-07-14 08:00:00+00:00,0.009596490564610668,-5.863171318115516,1.3867994077273482
2022-07-14 09:00:00+00:00,-0.004555406131094764,1.4098691666904684,-1.053208170224854
2022-07-14 10:00:00+00:00,0.0005380130904251747,-0.24809013419553716,0.012712985356264778
2022-07-14 11:00:00+00:00,-0.0009428166943373176,-2.688645606053568,0.6278530643947206
2022-07-14 12:00:00+00:00,0.0015629446466934207,2.4025056406657987,-2.481966070348538
2022-07-14 13:00:00+00:00,0.0017128350103769799,-1.146713628030352,1.725718107688951
2022-07-14 14:00:00+00:00,-0.0032918063464490686,4.099567449159302,-0.08803447256256605
2022-07-14 15:00:00+00:00,-0.014895292979073292,14.36634617445439,0.05789869618286947
2022-07-14 16:00:00+00:00,0.0038633621288001615,-1.218622639960614,0.9933494986521686
2022-07-14 17:00:00+00:00,-0.015220267126831602,18.194782023137652,-1.0319664497231968
2022-07-14 18:00:00+00:00,-0.007365327320481002,1.2598502875910964,0.12553642061383133
2022-07-14 19:00:00+00:00,0.0063642161892350085,-2.628405213907666,0.7314714899048774
2022-07-14 20:00:00+00:00,0.0015799760768499295,1.1745942222255272,-1.0866489055544828
2022-07-14 21:00:00+00:00,0.01547109232475049,-5.228805728147022,0.17653263257008578
2022-07-14 22:00:00+00:00,-0.004257586660419561,1.660524287741445,-0.7082329447998358
2022-07-14 23:00:00+00:00,-0.0179003898927795,4.974883196776793,-0.176144311101888
2022-07-15 00:00:00+00:00,0.010856771977436586,-5.007525889717279,0.14094243963932504
2022-07-15 01:00:00+00:00,-0.02643652309062057,10.597661715829261,-1.0503175833494762
2022-07-15 02:00:00+00:00,0.009732475287353042,-6.06766594791902,-1.2337695276497544
2022-07-15 03:00:00+00:00,-0.005366274465782368,3.157070690371501,0.7447793817119169
2022-07-15 04:00:00+00:00,0.011328859141779706,-2.89076643745617,0.07473850430414124
2022-07-15 05:00:00+00:00,-0.006687691783679789,2.990181157732129,0.5864630731089503
2022-07-15 06:00:00+00:00,0.009169374872660261,-3.497655057728461,0.3052639368814595
2022-07-15 07:00:00+00:00,-0.010058998981588973,5.111516202348867,-0.8245935777475351
2022-07-15 08:00:00+00:00,0.0057538887827017484,0.8577836686396242,-0.6192081237699125
2022-07-15 09:00:00+00:00,0.0016774096329495833,1.5138775506085065,-0.5938291833887517
2022-07-15 10:00:00+00:00,0.00027629610413602845,-1.2465568622609149,-0.5484856156938381
2022-07-15 11:00:00+00:00,0.004838472997309778,-2.983649816323628,0.4599911244651077
2022-07-15 12:00:00+00:00,-0.01472133936445875,6.290905251290969,-0.2441637452298116
2022-07-15 13:00:00+00:00,0.008208790739846986,-3.9094763120442524,-0.3788092710554625
2022-07-15 14:00:00+00:00,0.0035147467706102453,0.11030853113201752,0.19930111675705428
2022-07-15 15:00:00+00:00,0.040624572851743826,-4.44574591615016,0.17594584252170825
2022-07-15 16:00:00+00:00,-0.012485832754205816,-2.9715672699670512,-0.8692428741056277
2022-07-15 17:00:00+00:00,-5.68511519220344e-05,-0.2253706984567596,-0.6575712785511376
2022-07-15 18:00:00+00:00,-0.010415138910888532,10.57584809418661,-1.2514320471367997
2022-07-15 19:00:00+00:00,-0.017435718490029155,4.26438405755621,-0.2589887585157292
2022-07-15 20:00:00+00:00,-0.013995044580241355,-6.438896453147686,0.05168751502639003
2022-07-15 21:00:00+00:00,0.0062268533048773405,1.9876155222326493,-0.9892798233473215
2022-07-15 22:00:00+00:00,-0.001987011081920853,-0.7375253201776367,1.1614852541744756
2022-07-15 23:00:00+00:00,-0.01308019132618982,-4.783797224722586,0.16073879447446981
2022-07-16 00:00:00+00:00,-0.012028771521070706,-6.009112883704526,1.091372860507781
2022-07-16 01:00:00+00:00,0.001961187684289947,2.9545285049690353,-0.12321048977962828
2022-07-16 02:00:00+00:00,-0.003192769436923932,-1.4161075838766877,-0.5472716308195968
2022-07-16 03:00:00+00:00,0.003532017913846115,1.702582583135878,0.5507942048767152
2022-07-16 04:00:00+00:00,-0.002618051568096611,0.0038461459164415637,0.14964401698425434
2022-07-16 05:00:00+00:00,-0.007367201902451426,-4.380595727257898,0.5576217278119391
2022-07-16 06:00:00+00:00,-0.007284201223469582,-2.22024340499329,-0.11599359929172243
2022-07-16 07:00:00+00:00,-0.008739032722667897,-1.4804327654026095,1.085217066679869
2022-07-16 08:00:00+00:00,0.005437413615283675,2.362622355944219,-0.6550716169094855
2022-07-16 09:00:00+00:00,0.002057154014588274,0.6613316871280365,0.5297605109982454
2022-07-16 10:00:00+00:00,-0.0009676363914819566,0.8025226295174982,0.10180773549443801
2022-07-16 11:00:00+00:00,0.0018739115290839095,0.18429856019639268,1.9685268326358851
2022-07-16 12:00:00+00:00,0.00681487868820535,4.485686411705073,0.05975992859530123
2022-07-16 13:00:00+00:00,0.013790057078965027,4.224966987477123,-1.3071923499559868
2022-07-16 14:00:00+00:00,0.0003333582785106696,0.1316812090299304,-0.018918837494205382
2022-07-16 15:00:00+00:00,0.019042696445816677,6.449580385828091,0.6586057121379183
2022-07-16 16:00:00+00:00,0.03859443162262035,18.19003346469488,-0.13972455285644564
2022-07-16 17:00:00+00:00,-0.006359926832700119,-5.924482252139922,-0.015787269663258982
2022-07-16 18:00:00+00:00,0.0014621958490673584,2.052821481262327,0.31649905356812075
2022-07-16 19:00:00+00:00,0.0020343043608463695,-2.572757992549497,0.014819445934875303
2022-07-16 20:00:00+00:00,-0.0029514352187689627,2.0933067957310594,-0.6601631300765094
2022-07-16 21:00:00+00:00,-0.0007894330222735888,-1.353743940880674,-0.7379406203048616
2022-07-16 22:00:00+00:00,-0.005709801982793851,5.012287752426612,0.44832477905022217
2022-07-16 23:00:00+00:00,0.0015497712330347195,-0.8346437808305538,-1.2309091521762183
2022-07-17 00:00:00+00:00,-0.003806190053199722,-1.5089199424288213,-0.8681905979759823
2022-07-17 01:00:00+00:00,-0.004876103838926492,-4.740066344730831,-0.03153472850390775
2022-07-17 02:00:00+00:00,-4.3587022230037446e-05,0.6888706269143453,0.4065251777558916
2022-07-17 03:00:00+00:00,0.006130948549196317,4.79936737314459,-0.5113615874506235
2022-07-17 04:00:00+00:00,-0.002607021612295659,-0.48178145401699635,1.9862819592352308
2022-07-17 05:00:00+00:00,0.004405495748564543,2.493801302823934,-1.6077904539723762
2022-07-17 06:00:00+00:00,0.00839579010016403,9.469221555273142,-0.8306222053806268
2022-07-17 07:00:00+00:00,-0.004090582822400047,-6.258795499167033,0.7198171988053947
2022-07-17 08:00:00+00:00,-0.0008546202842928155,-0.5157592286190062,-0.8520077863633848
2022-07-17 09:00:00+00:00,-0.0028560668840445333,-3.247465552971979,-0.21154183492345768
2022-07-17 10:00:00+00:00,0.00020348204456813033,1.3414129729539972,0.6233318271453498
2022-07-17 11:00:00+00:00,0.002895550450291234,0.31248560083407617,0.37478406449347135
2022-07-17 12:00:00+00:00,-0.0028896867453666797,-2.8557720774692443,-1.3148629611776823
2022-07-17 13:00:00+00:00,-0.010444509173130874,-5.530085965699022,0.12923035402371486
2022-07-17 14:00:00+00:00,0.0030850330765635433,3.012391873958862,0.3999079039149164
2022-07-17 15:00:00+00:00,-0.001427692090335821,-1.3662590963772003,-0.32473639159453477
2022-07-17 16:00:00+00:00,-0.0005173595699431522,-1.4355439537474426,-0.19140722080809908
2022-07-17 17:00:00+00:00,-0.009111103925862542,-5.090273695637867,-0.08411957757075156
2022-07-17 18:00:00+00:00,0.0017516458385325691,2.959867188690324,0.018257585903034026
2022-07-17 19:00:00+00:00,0.001953926960494228,3.437177575533667,-0.4985410583489686
2022-07-17 20:00:00+00:00,-0.0038486963282152458,-1.8994140173419112,-0.1836883084948709
2022-07-17 21:00:00+00:00,0.0028092584921371806,3.5762565993740054,-0.08320513432513507
2022-07-17 22:00:00+00:00,-0.0003487140810019217,-0.4775520260795831,0.1667911760515615
2022-07-17 23:00:00+00:00,-0.008183597411232476,-8.50160967759576,-0.06796089196234834
2022-07-18 00:00:00+00:00,0.0005200381375101356,2.1956612107806004,-0.43552575179835534
2022-07-18 01:00:00+00:00,0.006448262836451681,9.59748138945451,0.652769736301397
2022-07-18 02:00:00+00:00,0.013062986804851802,9.852409946899463,0.09278727158666039
2022-07-18 03:00:00+00:00,-0.0020604300118565156,-0.5133703025771146,-0.17210784471376245
2022-07-18 04:00:00+00:00,0.0007554340117145889,3.8229307506220507,-0.45112539531910456
2022-07-18 05:00:00+00:00,0.023975699043833645,12.151150418340034,-0.4641760136129349
2022-07-18 06:00:00+00:00,0.013470644503572203,4.7329999013991495,0.08178927263964883
2022-07-18 07:00:00+00:00,0.0014245240434661536,0.9534684765534389,-0.3558487234043933
2022-07-18 08:00:00+00:00,-0.007126613401396048,1.9762272499144373,0.11598923927796802
2022-07-18 09:00:00+00:00,-0.0034242226945475117,5.1889117584048865,1.669172187120268
2022-07-18 10:00:00+00:00,-0.00020425336324658778,0.24104237766922373,0.807227030121608
2022-07-18 11:00:00+00:00,0.002580536729532506,-3.7004103528815877,-0.9254078323039104
2022-07-18 12:00:00+00:00,-0.003823187222680423,3.570124669255962,0.41041020991198773
2022-07-18 13:00:00+00:00,0.005705598469399884,0.6791274414200235,-0.04816202365567282
2022-07-18 14:00:00+00:00,-0.005824073387451686,1.580624687080912,3.3496950483442305
2022-07-18 15:00:00+00:00,-0.020794745528851237,8.454156104358812,-0.09157695000739319
2022-07-18 16:00:00+00:00,0.014292687199371849,-7.4290621929599485,-3.0360489039340246
2022-07-18 17:00:00+00:00,0.014401993705157013,-11.476805030295083,0.2913850363424594
2022-07-18 18:00:00+00:00,-0.0029886270594986462,-3.818164164066962,1.5826852232218205
2022-07-18 19:00:00+00:00,0.0010585445743951395,-1.426569031291703,-1.2514363015296013
2022-07-18 20:00:00+00:00,0.001017155184960583,0.3001218798534351,-0.2830127166665971
2022-07-18 21:00:00+00:00,-0.00939604751976381,3.740479001022355,0.3418573389499606
2022-07-18 22:00:00+00:00,-0.016379845123006394,7.915367639885646,0.555500310657927
2022-07-18 23:00:00+00:00,-0.039269469793650515,12.820980097973454,-0.6334726623583072
2022-07-19 00:00:00+00:00,0.011827699620128172,-2.585037082286862,1.4166591292707897
2022-07-19 01:00:00+00:00,0.018040946702647963,-7.12676983696874,0.16249485214056852
2022-07-19 02:00:00+00:00,0.0025215711503577243,1.4671410352461072,0.11988259729923446
2022-07-19 03:00:00+00:00,0.003949274406780066,-3.466674782699375,-0.4867973821671031
2022-07-19 04:00:00+00:00,-0.0015713430863212561,2.4805657216816623,1.3603988510074312
2022-07-19 05:00:00+00:00,-0.00412262695828483,3.452270859058987,-0.5089857334187157
2022-07-19 06:00:00+00:00,0.006263381261734901,-4.211475519106325,0.1667843303950144
2022-07-19 07:00:00+00:00,0.0037135203621159615,-0.3803061492242567,-0.45178953473608013
2022-07-19 08:00:00+00:00,0.00573790127347592,7.02847729390431,-0.017649848595964468
2022-07-19 09:00:00+00:00,-0.0006197866831684287,-0.7150356301128378,-0.4619766284738807
2022-07-19 10:00:00+00:00,0.0038199013635006663,4.478245819335927,0.5978795196552552
2022-07-19 11:00:00+00:00,-0.000918069566713346,0.9861489225715436,-0.04946177055905586
2022-07-19 12:00:00+00:00,0.007520111778327272,8.936142361894916,1.1632167430865992
2022-07-19 13:00:00+00:00,0.006153807918499203,-1.58277438090182,-0.3980489494701292
2022-07-19 14:00:00+00:00,0.013099992847564032,1.6850044028162445,2.3349564961939353
2022-07-19 15:00:00+00:00,0.021327379261518255,-0.8739214516376853,-3.2408963053291626
2022-07-19 16:00:00+00:00,0.0030681534530038516,5.695787294971028,-0.006771371042853722
2022-07-19 17:00:00+00:00,-0.005550085108215376,1.8432138956737703,-0.9970825536001893
2022-07-19 18:00:00+00:00,0.0005136472113141399,-1.0530858057924348,0.8685090783532786
2022-07-19 19:00:00+00:00,0.0063504324678365495,-2.799889030216845,-0.8201769834152345
2022-07-19 20:00:00+00:00,0.0009256572269974451,1.0449197514184945,0.7940905379254487
2022-07-19 21:00:00+00:00,-0.00980231142531779,5.206103494443486,0.7915221452823001
2022-07-19 22:00:00+00:00,0.007404300863322592,-3.3239099869447606,-0.010950316561337381
2022-07-19 23:00:00+00:00,0.011683947833598394,-3.496392900896638,0.2457394817871668
2022-07-20 00:00:00+00:00,0.011286922328371297,-6.605283597306687,-1.0372304298908674
2022-07-20 01:00:00+00:00,-0.00978322251919319,6.31758989528332,1.3829006495222802
2022-07-20 02:00:00+00:00,-0.0033187967144191065,1.8617150100116628,0.761139936832085
2022-07-20 03:00:00+00:00,-0.009707652759424406,3.68252401943906,0.3670866387225704
2022-07-20 04:00:00+00:00,0.0002796462726117093,0.4113792359719538,0.4770015316754077
2022-07-20 05:00:00+00:00,-0.0037020851999134134,3.825599872240188,-0.06187168408380721
2022-07-20 06:00:00+00:00,-0.0005894118889108514,2.6370683279161495,-0.8375650001022659
2022-07-20 07:00:00+00:00,0.02203167518116584,-9.055774938020262,3.156831686791091
2022-07-20 08:00:00+00:00,0.0031836984347653648,-6.01610861082066,-1.5061249625724833
2022-07-20 09:00:00+00:00,0.01957162413912396,6.443623356955423,-0.05938338657223605
2022-07-20 10:00:00+00:00,0.003085188924021638,3.2474754605317964,-1.5551435627663661
2022-07-20 11:00:00+00:00,-0.012219378621723067,-1.490176429767247,-1.0934920790624962
2022-07-20 12:00:00+00:00,-0.010056486929421597,-0.81643025489088,-0.4722097097562103
2022-07-20 13:00:00+00:00,-0.00403330400329585,-0.7015963643895783,0.3047905155629165
2022-07-20 14:00:00+00:00,0.01226739544310022,8.951495604202885,-0.4401899629309037
2022-07-20 15:00:00+00:00,-0.006807984947236472,-4.037287037301351,-0.23921969851522057
2022-07-20 16:00:00+00:00,-0.014467632755384057,-12.811573288748106,-1.4909090134658218
2022-07-20 17:00:00+00:00,-0.00474311181456568,-5.744626031875655,-1.9630153706727358
2022-07-20 18:00:00+00:00,0.003916368948964432,4.40135600132167,0.8837138775479025
2022-07-20 19:00:00+00:00,-0.007232267037552179,-3.3460632443423663,0.435489376696733
2022-07-20 20:00:00+00:00,-0.009681456758613918,-12.159234654288376,-1.529772203404598
2022-07-20 21:00:00+00:00,0.00952742741540986,9.402951597376498,1.8198887893366615
2022-07-20 22:00:00+00:00,-0.012296251916333358,-8.237772693527766,-0.5718513581871232
2022-07-20 23:00:00+00:00,0.000158038029696726,-1.728612228020987,0.055558085533032986
2022-07-21 00:00:00+00:00,0.008181157804644746,2.48907977293254,0.4791788976960092
2022-07-21 01:00:00+00:00,-0.0020210617786055596,-1.8893451604821572,-0.28652702532906554
2022-07-21 02:00:00+00:00,-0.01788307931976413,-13.395556166658864,-1.3353812694323959
2022-07-21 03:00:00+00:00,0.005243805662499979,1.2911392392400773,0.46906663242667346
2022-07-21 04:00:00+00:00,0.00047294643573175154,3.905609905118081,0.71596888641137
2022-07-21 05:00:00+00:00,0.004766410966440131,1.8833462991042265,0.10523518764019199
2022-07-21 06:00:00+00:00,-0.0103487495941567,-3.2373815524875957,0.09048715202820784
2022-07-21 07:00:00+00:00,0.009414958565504918,4.56029904510703,0.14450697782911365
2022-07-21 08:00:00+00:00,0.00267807129802641,1.1334188611527112,0.6868043808320788
2022-07-21 09:00:00+00:00,0.007332555977755705,2.712422608761263,-0.18945339142655138
2022-07-21 10:00:00+00:00,-0.007766307325030711,-4.7350885885761285,-0.3367036206017602
2022-07-21 11:00:00+00:00,-0.0014208982281644243,-0.01968713386392705,-0.13807354136655475
2022-07-21 12:00:00+00:00,0.015142993297732414,5.977050482108356,-0.234251047576439
2022-07-21 13:00:00+00:00,0.01217096066311731,0.5203935592781462,0.24807541880663506
2022-07-21 14:00:00+00:00,-0.008363136377266312,-3.4504353407164055,-1.1566965062135683
2022-07-21 15:00:00+00:00,0.003111385379444817,2.642797461697954,-0.017728047882754866
2022-07-21 16:00:00+00:00,0.029078033209045354,12.02513916075764,-0.17317644174859514
2022-07-21 17:00:00+00:00,-0.009371934914839524,-3.514056649687569,0.1110161042626722
2022-07-21 18:00:00+00:00,0.010400063155995235,1.2683227924122518,-0.2681945566390189
2022-07-21 19:00:00+00:00,0.0069472275398761675,6.166394449717954,-0.456745920483665
2022-07-21 20:00:00+00:00,-0.00239807267379552,-1.2985792906487423,0.21460912956422198
2022-07-21 21:00:00+00:00,-0.0032632355722343334,0.5807675254462668,-0.6779551121768365
2022-07-21 22:00:00+00:00,-0.0059321498750051485,-2.7739807332979343,0.4211290386620216
2022-07-21 23:00:00+00:00,0.0029814454586263688,2.2923189378856286,0.30097640868260206
2022-07-22 00:00:00+00:00,0.0040383146046477645,6.324305236443449,1.700610364717443
2022-07-22 01:00:00+00:00,-0.010646609397298428,-3.2806937876285485,0.14618942603081994
2022-07-22 02:00:00+00:00,-0.007863646625028219,-2.697139413255848,0.504151063265271
2022-07-22 03:00:00+00:00,0.0012567393120206185,-0.440444221812675,0.018565845442317565
2022-07-22 04:00:00+00:00,-0.00019341259457307156,-0.4842805922768754,-0.5703203521995541
2022-07-22 05:00:00+00:00,0.007283581182689601,4.348042401929232,0.04487298833330544
2022-07-22 06:00:00+00:00,0.004007959495346914,0.7986272343252602,-0.1538315662083118
2022-07-22 07:00:00+00:00,-0.0043849864363502185,-0.773345235018111,-0.39544378267422176
2022-07-22 08:00:00+00:00,0.010440686651293912,3.4070277160159836,0.0930950866959395
2022-07-22 09:00:00+00:00,0.004297097643022321,3.0613255053646427,-0.36153508919543775
2022-07-22 10:00:00+00:00,-0.0024614450718352773,-1.2406395715143723,0.20564961956782954
2022-07-22 11:00:00+00:00,0.007282576991886956,3.0378898730282518,-0.48453928408707
2022-07-22 12:00:00+00:00,-0.011096024922302015,-2.529779423703864,-0.6045445441445704
2022-07-22 13:00:00+00:00,-0.014557574854759399,-6.165967571148177,-0.5149846157428004
2022-07-22 14:00:00+00:00,0.004334127323747351,1.9944035874619168,-0.13522298754386416
2022-07-22 15:00:00+00:00,-0.018848605870673253,-10.752893433993718,-0.47136774868770925
2022-07-22 16:00:00+00:00,0.0023043922527607595,1.5892664929202147,0.20051363635844807
2022-07-22 17:00:00+00:00,-0.0024620482391924277,-1.9042321931446178,-0.04394319624808393
2022-07-22 18:00:00+00:00,0.0038124152635665032,1.6610185353543223,0.236035921633841
2022-07-22 19:00:00+00:00,-0.019141580396560446,-11.761974546105249,-0.11415068510897186
2022-07-22 20:00:00+00:00,-0.004206798170101789,0.26858682581534904,0.6041411482307188
2022-07-22 21:00:00+00:00,0.006269648153739512,3.2173830401920855,-0.10481541134941405
2022-07-22 22:00:00+00:00,0.003795619866419284,2.046806374094401,0.43132323569051045
2022-07-22 23:00:00+00:00,-0.006771393926182234,-3.355383439524585,-0.21001456460354445
2022-07-23 00:00:00+00:00,0.007385538859900357,5.0596514786111975,1.7695904625330312
2022-07-23 01:00:00+00:00,0.0027400984571167037,1.3885258837768193,-0.06292298548078051
2022-07-23 02:00:00+00:00,0.007576050553411327,1.3484474157944177,-0.186758881540846
2022-07-23 03:00:00+00:00,0.0007660437201694999,-0.6223065230189422,-0.4651588513126759
2022-07-23 04:00:00+00:00,0.00858218472697143,4.806020766317465,0.7898219953140773
2022-07-23 05:00:00+00:00,-0.0029954755246344874,-1.200955496549232,0.08810477345380775
2022-07-23 06:00:00+00:00,-0.0002510369537806843,1.2567075345916334,0.9650791631643502
2022-07-23 07:00:00+00:00,-0.004765720310837697,-1.4699978168960264,-0.28527191118745365
2022-07-23 08:00:00+00:00,-0.015881319329872644,-4.485009868535705,0.6918542426709622
2022-07-23 09:00:00+00:00,0.004946291550117734,2.0953834887086784,0.38272185739244524
2022-07-23 10:00:00+00:00,-0.021007024988304528,-5.264113013001641,0.0866678061713243
2022-07-23 11:00:00+00:00,-0.00952625654045562,-8.385770942654492,0.4928590901580239
2022-07-23 12:00:00+00:00,0.0038268504141355376,2.7341548415059416,0.9243818437500152
2022-07-23 13:00:00+00:00,0.009530839966879798,2.968730220245381,0.5753368340220709
2022-07-23 14:00:00+00:00,-0.008263336645531742,-4.627738864201256,-0.3434525379340096
2022-07-23 15:00:00+00:00,0.00471806980596744,2.4679922148811007,0.29533271525313853
2022-07-23 16:00:00+00:00,-0.003426169754098134,-1.9870416897201473,-0.7727650085487797
2022-07-23 17:00:00+00:00,-0.015153020278095147,-4.936362411640351,-0.33021321744788046
2022-07-23 18:00:00+00:00,-0.002482413105583332,-1.2929772861178332,-0.0040817214218265355
2022-07-23 19:00:00+00:00,0.013366352449632713,6.174961505940471,0.4234761435634007
2022-07-23 20:00:00+00:00,0.008056922452613954,3.584285728757398,0.6973474565186875
2022-07-23 21:00:00+00:00,-0.00370388701907215,-2.1356643751966673,-0.15793014476099337
2022-07-23 22:00:00+00:00,0.021497563167807758,7.987481686484973,0.5015566291370988
2022-07-23 23:00:00+00:00,-0.0020818600508927957,-0.26607676110175355,-0.03444735555186358
2022-07-24 00:00:00+00:00,0.0015303752346738822,1.8617591810114438,0.4845147522085403
2022-07-24 01:00:00+00:00,-0.0037353655861574395,-0.23133100015488797,-0.2852425012418346
2022-07-24 02:00:00+00:00,0.00897293809850823,1.4770788279957416,-0.3119040354455188
2022-07-24 03:00:00+00:00,-0.014643594690433895,-5.159977744578138,-0.7390213634466456
2022-07-24 04:00:00+00:00,0.008428339078067226,3.1667403234946674,-0.17236096279550384
2022-07-24 05:00:00+00:00,0.020844933675599503,7.433515991917708,-0.9212249013897718
2022-07-24 06:00:00+00:00,0.00391991129150368,-0.2988053734493046,-0.3784655351229047
2022-07-24 07:00:00+00:00,-0.004217459004914795,-0.2491564123669432,-0.1477417919987989
2022-07-24 08:00:00+00:00,-0.0018387746636691323,-0.0971619857478781,-0.20907637304836688
2022-07-24 09:00:00+00:00,-0.00562709619324776,-1.6700719535635686,-0.4342629613514603
2022-07-24 10:00:00+00:00,-0.003848254206628216,-2.478965291047684,0.02012107733669327
2022-07-24 11:00:00+00:00,0.008411362752785614,3.585709049767103,-0.527684733103766
2022-07-24 12:00:00+00:00,-0.006917682553920092,-5.219282978913121,0.4574092712313385
2022-07-24 13:00:00+00:00,-2.4689051682201e-06,0.8717783257264217,-0.6001137207433079
2022-07-24 14:00:00+00:00,0.010542697286205029,5.362811545695216,-0.8836870420982443
2022-07-24 15:00:00+00:00,-0.0025445965031820556,1.4266390092424652,0.3992214004447334
2022-07-24 16:00:00+00:00,-0.0063539842909863635,-3.2404433444822054,-0.009928462939278404
2022-07-24 17:00:00+00:00,0.0065085804614672385,2.104998928990116,-0.09398749606546841
2022-07-24 18:00:00+00:00,-0.0011644968393357295,-1.7596479644051923,-0.09390049790668853
2022-07-24 19:00:00+00:00,0.0035728658779717037,0.0849116315813384,0.09931315163988466
2022-07-24 20:00:00+00:00,-0.003538972319448979,1.3575144117106293,0.12872375555437332
2022-07-24 21:00:00+00:00,-0.013151800022092364,3.7574465728815367,-0.10935972284865489
2022-07-24 22:00:00+00:00,0.0006498713071749157,-4.480729157171883,0.2149491485969923
2022-07-24 23:00:00+00:00,0.0015172594379043905,-1.4430456867568295,-0.2602646000450193
2022-07-25 00:00:00+00:00,0.013902632494320733,-12.126165195342717,-0.9328673672165841
2022-07-25 01:00:00+00:00,0.014937964980695828,-4.788435795371074,-0.5717062801728778
2022-07-25 02:00:00+00:00,0.0007783851379480221,-3.196328312764388,0.761332119902142
2022-07-25 03:00:00+00:00,-0.0013761756110418366,-2.630052068882678,0.11976855280192705
2022-07-25 04:00:00+00:00,-0.006275281613608839,3.632944553416749,0.5856200236027617
2022-07-25 05:00:00+00:00,0.0026936334653951126,1.1297544466530285,0.5455738226470602
2022-07-25 06:00:00+00:00,0.010123596626138749,-3.352546900068133,-0.594421938664784
2022-07-25 07:00:00+00:00,-0.003313082940124814,1.679025883490189,0.12025215487634941
2022-07-25 08:00:00+00:00,-0.00021389590932542187,2.334566238163799,-0.6337298863238696
2022-07-25 09:00:00+00:00,0.0015294267048234483,-1.4133723714587416,-0.23390179162883137
2022-07-25 10:00:00+00:00,-0.0022074286568240166,2.5060144792871055,0.42249730693698806
2022-07-25 11:00:00+00:00,0.0055830355888546734,-2.7254959696879926,-0.49130403603603023
2022-07-25 12:00:00+00:00,-0.0010026794890731368,-0.36551579960521696,-0.1892628200264607
2022-07-25 13:00:00+00:00,0.0011795193118439185,-1.3533461594326708,0.05574949482932759
2022-07-25 14:00:00+00:00,0.003216678243600414,-1.3220822769194855,-0.33508651667084915
2022-07-25 15:00:00+00:00,0.0040456164693226685,0.1569261000992151,0.6243330182493315
2022-07-25 16:00:00+00:00,-0.0020884370981517995,0.5030082038436,-0.8832003493489933
2022-07-25 17:00:00+00:00,0.0017647344908323975,-2.537720245004565,-0.0331479089649393
2022-07-25 18:00:00+00:00,-0.0010614451016403403,-0.1144805751506176,0.5009400864179753
2022-07-25 19:00:00+00:00,-0.0015276973624549271,-3.9736775750415076,-0.48624049626661564
2022-07-25 20:00:00+00:00,-0.0005350680803728412,6.506981874686189,-0.2424539532418729
2022-07-25 21:00:00+00:00,0.0011959903214656103,-2.4955675203991765,0.2310643299150713
2022-07-25 22:00:00+00:00,-0.002079464763852065,-4.600983391172879,1.5440054575854374
2022-07-25 23:00:00+00:00,0.00850220635768288,-14.431839642567594,-1.3958514516476908
2022-07-26 00:00:00+00:00,0.003132386849775915,-7.563484509071725,0.2687186115732593
2022-07-26 01:00:00+00:00,0.002069554714313112,0.7542897136788284,-0.46131764889010785
2022-07-26 02:00:00+00:00,0.0007795321336382764,0.5054025918304706,0.07349713709901719
2022-07-26 03:00:00+00:00,-0.005846790524370219,3.7269090693099134,0.6574299922424653
2022-07-26 04:00:00+00:00,-0.0018008389274027578,0.053796735281092155,-0.09779077142906348
2022-07-26 05:00:00+00:00,0.0027109380137812136,-0.024993961569151624,-0.30787322594270206
2022-07-26 06:00:00+00:00,0.007076783466526169,-4.6604057641929,0.8246380789054505
2022-07-26 07:00:00+00:00,-0.0012207844094733284,-0.04559946822480388,-0.2826046495750515
2022-07-26 08:00:00+00:00,0.0005645269115920919,1.1895529553220585,-0.06632974678339387
2022-07-26 09:00:00+00:00,0.004336013984754445,2.7090205843267117,-0.3151317248727416
2022-07-26 10:00:00+00:00,-0.005121312818534011,-3.020424440148328,0.5757644726874067
2022-07-26 11:00:00+00:00,-0.0029567563720002913,0.2538367418367817,-0.15452044077145674
2022-07-26 12:00:00+00:00,-0.008309193524773825,-4.538903208466985,0.4389022016349783
2022-07-26 13:00:00+00:00,-0.0023417592927877495,-0.2669695075088512,-0.1805743441604167
2022-07-26 14:00:00+00:00,0.0022591921739360393,0.7306021601924924,0.29391445427891894
2022-07-26 15:00:00+00:00,-0.014855318802210866,-6.333527638805221,0.05636621926633312
2022-07-26 16:00:00+00:00,0.00903973225924508,5.273271228967341,-0.21974133406802782
2022-07-26 17:00:00+00:00,-0.0026688204928858547,-2.271057975670366,0.37419810455553354
2022-07-26 18:00:00+00:00,-0.004584441425465902,-2.309402518693567,0.3778719198930525
2022-07-26 19:00:00+00:00,-0.002988326628307366,-0.8568504867858153,-0.030493822933415578
2022-07-26 20:00:00+00:00,0.008966196788565303,4.557374322409135,-0.0651748727404442
2022-07-26 21:00:00+00:00,-0.0001869719512501602,0.16796953678661802,-0.411688367809146
2022-07-26 22:00:00+00:00,0.01923008647366287,7.959687925997338,-0.12924855836724686
2022-07-26 23:00:00+00:00,0.024517026947524282,5.564100694288273,0.7368952152360655
2022-07-27 00:00:00+00:00,-0.003568374718786411,-2.2767644638612268,0.9270740327842288
2022-07-27 01:00:00+00:00,-0.005664981926554465,-2.8331238924534974,0.8167106674928271
2022-07-27 02:00:00+00:00,0.002698515065527189,0.7335893414135908,-0.11260680948101998
2022-07-27 03:00:00+00:00,-0.007640643516734015,-3.708178137176225,0.1969566300713814
2022-07-27 04:00:00+00:00,0.005668116898330747,3.642184702858533,-0.4091501096398676
2022-07-27 05:00:00+00:00,0.008163250303615312,6.755483327160896,0.08217744675874417
2022-07-27 06:00:00+00:00,0.001802348934101499,-0.8513025095793246,0.10283103106879224
2022-07-27 07:00:00+00:00,0.005392329673458427,2.1107004839495094,-0.3774418585794272
2022-07-27 08:00:00+00:00,-0.0016496354456284623,-0.8775451326494961,0.09667749371227088
2022-07-27 09:00:00+00:00,-0.001496424714138767,-2.639505556993022,0.7845720251078393
2022-07-27 10:00:00+00:00,-0.0005016787130162288,-0.5214436769352215,0.1591136900601255
2022-07-27 11:00:00+00:00,-0.002466019230354761,-1.7717075218270562,-0.3375506521408241
2022-07-27 12:00:00+00:00,0.012057614431357716,7.223687858182951,0.4454490563963939
2022-07-27 13:00:00+00:00,0.004439206419377613,3.01992551166122,0.7548244433521464
2022-07-27 14:00:00+00:00,0.00078337485215238,-1.9432039489041957,0.026813492491156596
2022-07-27 15:00:00+00:00,-0.0014965000426754146,0.4603399458241324,0.19966847906639407
2022-07-27 16:00:00+00:00,-8.508805594402915e-05,-4.199472285181292,0.836221991313572
2022-07-27 17:00:00+00:00,0.005640827424692618,4.39755841433512,0.2969709001526515
2022-07-27 18:00:00+00:00,0.035780484748704516,25.560120152341497,0.16095326788842357
2022-07-27 19:00:00+00:00,0.0012055027296241868,4.569785596472724,0.08797895168930425
2022-07-27 20:00:00+00:00,0.006431369437127903,1.7727010043227382,0.27917650462584287
2022-07-27 21:00:00+00:00,0.002948533189947114,0.7583546206945793,-0.16962711845212228
2022-07-27 22:00:00+00:00,0.008849046334644728,5.340555604426239,1.1324312569035495
2022-07-27 23:00:00+00:00,0.0036225193445227322,4.952688615599954,0.08457624444359116
2022-07-28 00:00:00+00:00,-0.00788772346660848,-2.9429075361728545,-0.04244237161772774
2022-07-28 01:00:00+00:00,0.0006138349122439633,-1.6135258119178646,-0.689903794196869
2022-07-28 02:00:00+00:00,0.01762024585802464,9.584348410741113,-1.0126626425283738
2022-07-28 03:00:00+00:00,-0.002450364606537865,-4.538146515845831,-0.2857315678537964
2022-07-28 04:00:00+00:00,-0.006583021497293975,-2.10344385934366,-0.09503070502971633
2022-07-28 05:00:00+00:00,0.00779254130999504,3.510296932458212,-0.26307122608638434
2022-07-28 06:00:00+00:00,-0.004446098447436647,-1.23768046871105,0.29565758055893365
2022-07-28 07:00:00+00:00,-0.013073601932635822,-5.088990551433819,0.11083283467052002
2022-07-28 08:00:00+00:00,0.003390450862113088,2.5879688903490257,-0.2631289121775886
2022-07-28 09:00:00+00:00,-0.0028262146482526318,-1.1473594940362724,-0.38400527420427844
2022-07-28 10:00:00+00:00,0.000955234943173057,1.923264860685611,0.2695084152172371
2022-07-28 11:00:00+00:00,0.010951961567834704,3.781238446009537,-0.1312021604433343
2022-07-28 12:00:00+00:00,-0.0032826864833831386,-4.4579913994227995,-0.8304758391648477
2022-07-28 13:00:00+00:00,-0.008657644033969899,-3.3460862385120897,-0.032481931971539035
2022-07-28 14:00:00+00:00,0.016989513551191035,8.307049172053842,-0.9441046762683156
2022-07-28 15:00:00+00:00,0.040729044037753445,14.844032897373305,-0.4398953839531752
2022-07-28 16:00:00+00:00,-0.004017852200909382,1.150516892786111,0.7030152272464347
2022-07-28 17:00:00+00:00,0.012925902792670687,7.419187200594679,-0.5497719460110078
2022-07-28 18:00:00+00:00,-0.012893123436192677,-5.831547336069319,0.23855165105882142
2022-07-28 19:00:00+00:00,0.002297708051566803,1.091733506342914,-0.10521629076421757
2022-07-28 20:00:00+00:00,0.016207387985326786,6.577132746983754,-0.24273553973802187
2022-07-28 21:00:00+00:00,-0.004531863472162521,-2.7680836074381796,-0.4287324099112244
2022-07-28 22:00:00+00:00,0.0015637102815711074,-0.3411652697558608,-0.2766751885009885
2022-07-28 23:00:00+00:00,-0.005447350762598922,-2.8350137095218115,-0.10771951617999337
2022-07-29 00:00:00+00:00,0.0015991557627108687,5.39472439151846,4.119329694663205
2022-07-29 01:00:00+00:00,-0.001429267583914003,-2.039948425442978,-0.06718692283768199
2022-07-29 02:00:00+00:00,-0.0026547374161170656,-0.5180032833352125,-0.300160508237846
2022-07-29 03:00:00+00:00,0.005255822618845717,7.388663830234272,-1.5863670434231487
2022-07-29 04:00:00+00:00,-0.003047249542483245,,
2022-07-29 05:00:00+00:00,0.004726529290185959,,
2022-07-29 06:00:00+00:00,0.016095336696091804,,
2022-07-29 07:00:00+00:00,0.004788685480938893,,
2022-07-29 08:00:00+00:00,0.0004939208103518501,,
2022-07-29 09:00:00+00:00,-0.006878132099352324,,
2022-07-29 10:00:00+00:00,0.007564996575140142,,
2022-07-29 11:00:00+00:00,0.021761551929081413,,
2022-07-29 12:00:00+00:00,0.005202465344154898,,
2022-07-29 13:00:00+00:00,-0.01871070727959416,,
2022-07-29 14:00:00+00:00,-0.0035062600482747746,,
2022-07-29 15:00:00+00:00,-0.003413613888963878,0.34289487506921235,0.1603481595788018
2022-07-29 16:00:00+00:00,0.02457118884785572,-5.998109472406683,-0.8233391805096913
2022-07-29 17:00:00+00:00,-0.006457965950961982,-0.5796107814606094,0.15735330297806258
2022-07-29 18:00:00+00:00,-0.0022381167116546858,4.001411652731848,1.442019968954439
2022-07-29 19:00:00+00:00,0.000257274426996257,0.484780778016589,1.0633072074806198
2022-07-29 20:00:00+00:00,0.0028804244836080446,2.003806271079521,-1.4959985438124752
2022-07-29 21:00:00+00:00,-0.0034941649167154363,-1.6729349769561106,-0.6311084316937611
2022-07-29 22:00:00+00:00,-0.0002033373312682721,5.736750202723174,0.30147182527058536
2022-07-29 23:00:00+00:00,0.010197765270314865,-5.9768177176113175,2.005522535792136
2022-07-30 00:00:00+00:00,-0.005939103084532178,4.91635466084366,-2.592863602016602
2022-07-30 01:00:00+00:00,-0.00045433675284265926,-0.6427029777178986,-2.053349895966902
2022-07-30 02:00:00+00:00,-0.0070851974768074985,-1.7362361142724942,0.9936912130744033
2022-07-30 03:00:00+00:00,0.00891268468303002,-2.7298594906142446,-0.45920822631314406
2022-07-30 04:00:00+00:00,0.012776093372123824,-3.4318700312633927,-0.3411593041600333
2022-07-30 05:00:00+00:00,0.0021317150846652155,2.9792548024035126,-0.1469806116253653
2022-07-30 06:00:00+00:00,-0.0021943873696780554,3.365533443276915,0.13451895438150693
2022-07-30 07:00:00+00:00,-1.0757226705759702e-05,1.2490058011583651,-0.49784150258365245
2022-07-30 08:00:00+00:00,-0.004376270814551932,3.4648609183618273,-2.3175004224550593
2022-07-30 09:00:00+00:00,0.0036313583480496302,-1.6688583986932215,0.19084783142954398
2022-07-30 10:00:00+00:00,-0.00580105707829502,-3.740276412673642,0.13029569475212865
2022-07-30 11:00:00+00:00,0.008923218690271349,3.6807819455121202,-0.01237522076756574
2022-07-30 12:00:00+00:00,0.005884143716782579,5.0897384139850095,1.0891908862576525
2022-07-30 13:00:00+00:00,0.0008386075359275845,4.904979507125158,-0.9977959515676139
2022-07-30 14:00:00+00:00,-0.00404411473312916,-2.545318074972302,1.43538567125758
2022-07-30 15:00:00+00:00,0.008540121465454836,9.521666688209718,-1.7418968802078352
2022-07-30 16:00:00+00:00,-0.00022097280610210813,0.10178882521268082,0.10393952608220486
2022-07-30 17:00:00+00:00,-0.003717029053506369,-0.986521925132833,-0.07610258536298677
2022-07-30 18:00:00+00:00,0.0003208190241803319,-1.6902393993198443,-0.2945176372614231
2022-07-30 19:00:00+00:00,-0.014577835975913452,-11.036122704127818,0.06705874765479283
2022-07-30 20:00:00+00:00,-0.001037661789045192,0.041004417732970054,0.6290022973964038
2022-07-30 21:00:00+00:00,0.0038215821701199164,-4.494699439546613,0.6640763932954181
2022-07-30 22:00:00+00:00,0.0060720632960591225,-2.56570311929514,0.2865113238087979
2022-07-30 23:00:00+00:00,0.0022514522653625997,-1.160631795920068,0.14255081858392732
2022-07-31 00:00:00+00:00,-0.003741837710032305,3.867864962836985,0.2942849418967598
2022-07-31 01:00:00+00:00,0.00039680277009947125,-0.6324119134902841,0.22649154260357154
2022-07-31 02:00:00+00:00,-0.0027619902606430195,1.213372293506362,-0.5191036482987761
2022-07-31 03:00:00+00:00,0.0020421344511029754,-0.5330135485754711,-0.018771879998032575
2022-07-31 04:00:00+00:00,-0.0019707547155776712,4.301449814272583,-0.36491091583788965
2022-07-31 05:00:00+00:00,0.0030758663910929844,-4.176536337549469,0.3600209900693135
2022-07-31 06:00:00+00:00,-0.002345662444415756,3.219081919345508,-0.11662562276237068
2022-07-31 07:00:00+00:00,0.002681545777350304,-2.6531842145399205,0.06187937934434809
2022-07-31 08:00:00+00:00,0.004219970446569759,-5.916182208537997,1.1505800674039437
2022-07-31 09:00:00+00:00,-0.005793970016796669,5.528374910028833,-1.0019048105673238
2022-07-31 10:00:00+00:00,-0.0024551735558944756,7.25929021928948,0.6588033830014602
2022-07-31 11:00:00+00:00,0.001100595031032746,-1.9316355268194003,0.020249089646167482
2022-07-31 12:00:00+00:00,-0.00040249706090623674,1.236723696331942,-0.996933620798477
2022-07-31 13:00:00+00:00,0.0037937287333462857,-3.858561942828625,0.6269727213539654
2022-07-31 14:00:00+00:00,-0.0006599116263976385,-0.8016002077756572,0.1180048207366116
2022-07-31 15:00:00+00:00,-0.0018412344891737458,2.320341548395622,-0.43056390038261877
2022-07-31 16:00:00+00:00,0.00010512232907189606,4.197064054545873,-1.3812256131411034
2022-07-31 17:00:00+00:00,0.0009558146797926157,-0.3227541703442424,-0.4090644481094109
2022-07-31 18:00:00+00:00,-0.00013874750527797787,-2.595837109841618,0.11921220621074341
2022-07-31 19:00:00+00:00,0.0066349606770921355,0.11595591111547493,0.4550963982924396
2022-07-31 20:00:00+00:00,0.0015871216907929915,-0.5738220567825602,-0.5066244622858211
2022-07-31 21:00:00+00:00,-0.008585702807870051,-5.181518764814143,0.2925983943675596
2022-07-31 22:00:00+00:00,-0.007917324361466825,-9.930917750377075,0.034378574010020604
2022-07-31 23:00:00+00:00,-0.002632498307303452,-1.7766478929101652,-0.14203456152015373
2022-08-01 00:00:00+00:00,-0.00897890515052824,5.50449028985719,0.520844619875376
2022-08-01 01:00:00+00:00,-0.00551095133726791,4.069947636418322,-1.0044395166944313
2022-08-01 02:00:00+00:00,-0.002341314748751729,-1.2554757931966203,-0.2818374805734822
2022-08-01 03:00:00+00:00,0.0007002274509985356,0.14512706540214754,-0.6196115052873631
2022-08-01 04:00:00+00:00,0.0015548965133684142,1.3089375765280775,0.3752352637752324
2022-08-01 05:00:00+00:00,0.006656826702997348,-3.064476629444251,0.4207187083804874
2022-08-01 06:00:00+00:00,0.006122859603448508,-3.833034649802779,-0.060512711922232405
2022-08-01 07:00:00+00:00,-0.005714673189558428,2.959279501635359,-0.3882428894990565
2022-08-01 08:00:00+00:00,0.0037495365585648514,-2.664278964558075,0.7412040553450444
2022-08-01 09:00:00+00:00,-0.004790720316716308,1.986133174520024,-0.23472448571096124
2022-08-01 10:00:00+00:00,0.02368851452796616,-8.872882037386407,0.45734615391044214
2022-08-01 11:00:00+00:00,-0.00994889324588145,4.221639043821586,0.63325808918881
2022-08-01 12:00:00+00:00,0.00836775335977081,-4.114161767409481,0.03846054439388612
2022-08-01 13:00:00+00:00,-0.00692833861843037,3.901281045170975,-0.79176631641575
2022-08-01 14:00:00+00:00,-0.016740325263207338,6.7737701303032605,1.0980440111184355
2022-08-01 15:00:00+00:00,0.008129877690005309,-2.60613440011672,-0.7420845271679
2022-08-01 16:00:00+00:00,0.012978710214413849,-5.083479323832615,-0.35162380255948933
2022-08-01 17:00:00+00:00,0.013469643705236416,-6.880472435533426,-0.6118441743131986
2022-08-01 18:00:00+00:00,-0.0021012511995779403,0.5311641832295939,-0.6110338428779788
2022-08-01 19:00:00+00:00,0.0033461897173594503,0.28649324081954236,-0.440624703828992
2022-08-01 20:00:00+00:00,-0.009687805104095896,5.33570335440132,0.08973637857417707
2022-08-01 21:00:00+00:00,0.005390917226512169,-2.872534414014891,0.049289855252017144
2022-08-01 22:00:00+00:00,-0.005511443909206233,2.8804981421549,0.17738412029404269
2022-08-01 23:00:00+00:00,-0.0027296385725512004,1.3977095509604816,0.02237843339720342
2022-08-02 00:00:00+00:00,0.008725396919822758,-2.6237456529039402,-0.07864313150138175
2022-08-02 01:00:00+00:00,0.01896814414298301,-7.901590326378791,-0.16784185320369305
2022-08-02 02:00:00+00:00,0.007491897659845073,-5.521334149327831,0.38474140299484116
2022-08-02 03:00:00+00:00,0.019008254390592894,-6.18369628830133,-0.023766474410294836
2022-08-02 04:00:00+00:00,-0.0007359201444913634,0.26103972027830646,0.05837997537036645
2022-08-02 05:00:00+00:00,0.00029529255409451154,0.8339932826514993,0.6181719565701586
2022-08-02 06:00:00+00:00,-0.000873261387223628,2.787439226628348,-0.6932230118274013
2022-08-02 07:00:00+00:00,-0.0005718700772988137,0.4129410629166671,0.4384655531275211
2022-08-02 08:00:00+00:00,0.0034010446012264937,-2.6575673281334606,-0.276620678021443
2022-08-02 09:00:00+00:00,0.004284347640007188,-1.5345514612303606,0.44105974021920363
2022-08-02 10:00:00+00:00,-0.006419374797164077,5.675740760088184,0.8882389010425717
2022-08-02 11:00:00+00:00,-0.0010450534055969879,1.2221409233067426,1.0611331309849974
2022-08-02 12:00:00+00:00,0.006280289701363154,-5.062676707960355,-0.29172643066515824
2022-08-02 13:00:00+00:00,-0.0025513322292721853,4.439427152088525,0.23275702677398308
2022-08-02 14:00:00+00:00,-0.01002999714038614,9.276441136510611,1.3713934827494525
2022-08-02 15:00:00+00:00,0.002088703314080176,0.1990979766569302,0.7279668105222555
2022-08-02 16:00:00+00:00,0.006118919660397475,9.943510919875175,1.8434793512541692
2022-08-02 17:00:00+00:00,-0.0018223146863923288,-5.446310551482755,-0.856962755968842
2022-08-02 18:00:00+00:00,-0.0015455035838608051,-5.043383328614142,-0.5823069156617505
2022-08-02 19:00:00+00:00,0.0014592638413318609,0.016040593953770887,0.7239436028476698
2022-08-02 20:00:00+00:00,0.003020388352353271,2.0910055039558193,0.6873813774593073
2022-08-02 21:00:00+00:00,-0.008325521398245958,0.8003494296852693,-0.20110092334902466
2022-08-02 22:00:00+00:00,0.0003220749203101352,-0.5251914575067326,-0.32236886472633486
2022-08-02 23:00:00+00:00,0.0011106741280212825,-6.416323517906836,0.5278599021606698
2022-08-03 00:00:00+00:00,-0.009176171982215708,-8.948804276839224,0.39107533791802795
2022-08-03 01:00:00+00:00,-0.0014334285697547055,5.4622649889124935,-0.44411119545073485
2022-08-03 02:00:00+00:00,-0.0034754271656565047,-1.2791587045640582,0.16301426046862297
2022-08-03 03:00:00+00:00,0.0033753813320188024,3.9655640076104923,-0.3019275333247459
2022-08-03 04:00:00+00:00,0.0006097476749670041,-0.33998083283807423,-0.32074254261865415
2022-08-03 05:00:00+00:00,0.002943975611008227,4.7587287831603255,-0.36979188891369597
2022-08-03 06:00:00+00:00,0.004477696536870149,1.7855364141101642,0.35899396305927844
2022-08-03 07:00:00+00:00,0.0011449654566448614,-0.6482188530490506,-0.21267887826870502
2022-08-03 08:00:00+00:00,0.003475051386811902,5.406262697932023,0.31231233889659504
2022-08-03 09:00:00+00:00,1.1561139157621978e-05,1.9147086109905962,0.08092840882225463
2022-08-03 10:00:00+00:00,-0.001722013454665138,1.4078161936928524,1.706507682543637
2022-08-03 11:00:00+00:00,-0.0003006660615043718,1.6771446734835278,-0.06663249200792352
2022-08-03 12:00:00+00:00,0.0022442615505357468,-0.9272744270359394,-0.46924257505233463
2022-08-03 13:00:00+00:00,0.0023738985110908625,2.7486167765999028,1.4084294673202462
2022-08-03 14:00:00+00:00,0.008183256725190253,-1.6474215316531995,0.9132930611159886
2022-08-03 15:00:00+00:00,0.0002883722539752267,1.912545585455683,0.4291101563242202
2022-08-03 16:00:00+00:00,0.0003453959676939279,2.518415287074525,-0.3387075337423274
2022-08-03 17:00:00+00:00,-0.0029726731720541495,-0.5975936638589606,-0.30851850171858586
2022-08-03 18:00:00+00:00,0.004824030163003199,1.2411706757383867,0.03930174557936592
2022-08-03 19:00:00+00:00,-0.0005331548587990426,-0.6800271772646438,-0.14228488456016472
2022-08-03 20:00:00+00:00,-0.0032896160671774034,-3.1285810020252014,-0.03443166580671019
2022-08-03 21:00:00+00:00,-0.005870752167537979,-0.39545583774421067,0.49596971859111383
2022-08-03 22:00:00+00:00,-0.0036659246850402794,-7.675435023978145,0.6292423720975628
2022-08-03 23:00:00+00:00,-0.004362766141360653,-2.6181230305670176,-0.46406486396939883
2022-08-04 00:00:00+00:00,-0.002108474876252099,7.756122519534723,0.4851956231377648
2022-08-04 01:00:00+00:00,0.0028610889996256994,2.239930594462133,1.0299085649317214
2022-08-04 02:00:00+00:00,-0.005607986409013673,1.2044027552218333,-0.9899525687943033
2022-08-04 03:00:00+00:00,-0.0016549777949265174,-0.6540870006030076,-0.6240106236473445
2022-08-04 04:00:00+00:00,-0.003080658795763079,2.031771091162351,-0.9185951923506195
2022-08-04 05:00:00+00:00,-4.118754937824029e-05,0.48728327496461266,-0.8262028377071814
2022-08-04 06:00:00+00:00,-0.007867597114316657,-6.353106112050818,0.204635950210577
2022-08-04 07:00:00+00:00,0.00025798848842661335,-0.7475544637372364,-0.6396864949061176
2022-08-04 08:00:00+00:00,-0.006397708955610243,-4.0134135146776595,0.10077037782436137
2022-08-04 09:00:00+00:00,0.0032423680054888314,2.6653516161321487,0.4070046507372507
2022-08-04 10:00:00+00:00,-0.00047822204372387184,-0.33464399847091425,0.22059737868228743
2022-08-04 11:00:00+00:00,0.0009653565425097848,-1.1406329275621732,0.1911100304124747
2022-08-04 12:00:00+00:00,0.00044602016132801615,-0.36844899468647674,-0.4035353554102512
2022-08-04 13:00:00+00:00,0.0059764090791301515,6.326067114140209,0.14020228906501866
2022-08-04 14:00:00+00:00,-0.005075919860792937,-3.689260820747832,-0.6651264897126208
2022-08-04 15:00:00+00:00,0.0005211145751452118,1.9378029268869819,-1.3444786091010223
2022-08-04 16:00:00+00:00,-0.014983836579855725,-8.478805218794795,-0.23972349281570135
2022-08-04 17:00:00+00:00,0.0024758920841710962,3.3670003408748954,-0.3689368094811061
2022-08-04 18:00:00+00:00,-0.004414742112811774,-0.3424081292865409,0.19237894365634783
2022-08-04 19:00:00+00:00,-0.00420780538986151,-0.34453640804239194,0.2629744201941125
2022-08-04 20:00:00+00:00,0.002893076793974585,1.0325637023297378,-0.22392525123969886
2022-08-04 21:00:00+00:00,-0.000796779448406058,-2.133089043137372,0.17016812803420533
2022-08-04 22:00:00+00:00,0.005681880895740922,3.6105670833479504,-0.443839440805474
2022-08-04 23:00:00+00:00,-2.2895324448871033e-06,2.2806730418892602,0.022723414120111307
2022-08-05 00:00:00+00:00,0.0002660986310326708,-1.065910200973721,0.33926596899838796
2022-08-05 01:00:00+00:00,0.011612700048838256,8.99232630482223,0.8145830190454102
2022-08-05 02:00:00+00:00,0.006808099902571614,3.3160229205502314,0.44178895314455247
2022-08-05 03:00:00+00:00,0.005468441649154993,2.5567378693892264,-0.20346994704665566
2022-08-05 04:00:00+00:00,-0.0007310232380572911,0.03565056985158698,0.9372253878866145
2022-08-05 05:00:00+00:00,0.001768302116826049,0.08945431755234937,-0.6669890961565903
2022-08-05 06:00:00+00:00,0.003752193786602812,1.4725128507689655,-0.05889890513736101
2022-08-05 07:00:00+00:00,-0.004164294731398964,-1.3271337859058356,-0.4638443130444979
2022-08-05 08:00:00+00:00,-0.0017199537628660667,-0.6544940989416812,-0.1946669386737119
2022-08-05 09:00:00+00:00,-0.0006491458208098003,1.2257930277100928,-0.7107869619072339
2022-08-05 10:00:00+00:00,0.002795850417858176,2.6978559195238714,-0.43472675217916357
2022-08-05 11:00:00+00:00,0.009133316838830285,5.94360943063969,1.231538537358154
2022-08-05 12:00:00+00:00,-0.0167894708431115,-8.199357270083338,-0.7276162416422539
2022-08-05 13:00:00+00:00,0.0014816852534247234,-0.10693404722734123,-0.09532222461816034
2022-08-05 14:00:00+00:00,0.005505075829170577,3.2710393993733424,-0.2886189241980588
2022-08-05 15:00:00+00:00,-0.00805472470896088,-4.868486217520724,0.019087447850453396
2022-08-05 16:00:00+00:00,0.0019124381455510773,0.5725210157749105,-0.8155142038445315
2022-08-05 17:00:00+00:00,-0.009187792186959587,-1.9786997556361752,-0.7206678853840565
2022-08-05 18:00:00+00:00,-0.0007456668348669461,-0.3459610329412256,0.5217836033247308
2022-08-05 19:00:00+00:00,0.005736043807713986,2.678689567510298,0.5451523827168135
2022-08-05 20:00:00+00:00,0.0021769164500505577,1.2581582549531412,-0.3249284061002496
2022-08-05 21:00:00+00:00,0.005346254049781752,3.0360008090552495,0.1706913975290464
2022-08-05 22:00:00+00:00,0.0062278643403921715,3.7920767612219914,-0.0479949004084866
2022-08-05 23:00:00+00:00,0.002798978101102638,3.1954470895279967,0.33895931441862104
2022-08-06 00:00:00+00:00,-0.001923864219561795,-3.028146190977655,0.9882932182228309
2022-08-06 01:00:00+00:00,-0.002061190557902652,-0.1695411563842412,-0.5168394445921651
2022-08-06 02:00:00+00:00,0.001978652414771295,2.131012904355042,0.35799635912485966
2022-08-06 03:00:00+00:00,-0.0040736048991657755,-1.9939920257354975,-0.7618601770713374
2022-08-06 04:00:00+00:00,0.0016793029245295837,0.02023345788732437,-0.09117773391469294
2022-08-06 05:00:00+00:00,-0.0005214597146610777,0.01503387040772512,-0.26637674965291197
2022-08-06 06:00:00+00:00,-0.0002570598377512502,0.6763751546743701,0.02270162786570553
2022-08-06 07:00:00+00:00,0.0004658322826742092,0.3395472353129767,-0.35032274795017204
2022-08-06 08:00:00+00:00,-0.002172110675557954,-2.0617991749798517,-0.2538739241941361
2022-08-06 09:00:00+00:00,0.0009095250959411931,0.13131004937095775,0.09653286532276234
2022-08-06 10:00:00+00:00,0.00029956945720574377,0.9690304871348291,-0.18339024133151619
2022-08-06 11:00:00+00:00,-0.0009369718446801966,-1.5912080396684414,0.4289825822160905
2022-08-06 12:00:00+00:00,0.0005502558976589764,0.47766330444415683,0.13806362653722737
2022-08-06 13:00:00+00:00,0.0006485202319042791,0.7642735145305352,-0.19903659771284513
2022-08-06 14:00:00+00:00,0.0013618765144293118,1.349105625425627,-0.02097582594708343
2022-08-06 15:00:00+00:00,-0.0008581063236354594,-2.02020727438777,0.501309111359566
2022-08-06 16:00:00+00:00,-0.0020353652010803294,-1.8214860808264408,0.23535616325518763
2022-08-06 17:00:00+00:00,-0.0009355307632912659,1.1508897361123844,1.5095183230335738
2022-08-06 18:00:00+00:00,0.0021651967794804744,1.3796229083102496,0.3051527175745993
2022-08-06 19:00:00+00:00,0.00017189522125863013,-0.12630380908174954,0.03780328635266551
2022-08-06 20:00:00+00:00,-0.00055473841759374,-0.6351475369809287,-0.12070259401868763
2022-08-06 21:00:00+00:00,0.0002924090905307591,1.1026988192690863,0.018706187467308334
2022-08-06 22:00:00+00:00,-0.00038381010012500264,-1.3921412513782772,0.043484195083222446
2022-08-06 23:00:00+00:00,-0.009346927226327706,-4.959949265873711,-0.48798486650572814
2022-08-07 00:00:00+00:00,-0.0028807183101641847,-6.696552717200925,0.21465377564988528
2022-08-07 01:00:00+00:00,0.0010253737358515876,3.1320644233648913,-1.08658062226327
2022-08-07 02:00:00+00:00,0.003689257577059804,3.154033892505956,-0.2344877961662717
2022-08-07 03:00:00+00:00,-0.0002923879968854884,-0.9644078135921457,0.01855063255613501
2022-08-07 04:00:00+00:00,-0.001821669446568038,-1.420536804985102,-0.4444650796354587
2022-08-07 05:00:00+00:00,0.0008763768515386433,0.5821312647272768,0.061264322749599254
2022-08-07 06:00:00+00:00,0.0015679970598057526,0.6500900595538357,-0.6386823547579297
2022-08-07 07:00:00+00:00,0.000421162944771657,1.5659701021169194,-0.3592763965150033
2022-08-07 08:00:00+00:00,-0.004064720380963468,-2.5067902153310886,-0.22879733387533613
2022-08-07 09:00:00+00:00,0.0028654800397098874,1.4355052794996268,-0.30099231888296435
2022-08-07 10:00:00+00:00,0.00048644752825835106,1.861053090737086,0.4615310377520801
2022-08-07 11:00:00+00:00,0.001728419670161077,1.4024361983984481,0.3595603772472319
2022-08-07 12:00:00+00:00,0.0033601648449847928,3.2789979998456213,0.5036196433505391
2022-08-07 13:00:00+00:00,0.0015694515428873337,0.5934369852206958,0.016617000304224135
2022-08-07 14:00:00+00:00,-0.0016057127799775281,0.5408806182875524,-0.2701385765271893
2022-08-07 15:00:00+00:00,-0.004250574518333542,-1.4775392054431473,-0.45217007886980193
2022-08-07 16:00:00+00:00,0.003154710426460342,2.797120245154609,-0.20398738171684402
2022-08-07 17:00:00+00:00,0.006535962084231157,1.6760931002758708,0.3183631343747949
2022-08-07 18:00:00+00:00,-0.0013365694417137568,0.16734329989231433,0.2704270803746237
2022-08-07 19:00:00+00:00,-0.0021619150369535096,-0.4950341840486587,-0.4005917017104089
2022-08-07 20:00:00+00:00,0.004412009977268361,3.951818398013368,0.14284827708217168
2022-08-07 21:00:00+00:00,0.0019292926342782835,-1.1031939073728538,-0.1302348892245898
2022-08-07 22:00:00+00:00,-0.00294551952558228,-4.012291450756094,0.034321743288474996
2022-08-07 23:00:00+00:00,-0.002818370801431929,-1.5990470495827025,-0.2987140854161938
2022-08-08 00:00:00+00:00,0.003753717231882522,2.9999506140538017,-0.8550088538965409
2022-08-08 01:00:00+00:00,-0.0017535584152267684,-1.5635707289954575,-0.8180463916669669
2022-08-08 02:00:00+00:00,0.003455305971436635,3.576220536915401,0.532165928748029
2022-08-08 03:00:00+00:00,9.76098508219455e-05,1.123085006283054,-0.7871191311734826
2022-08-08 04:00:00+00:00,0.0015681621182911654,1.4389497603545418,2.1794444541900666
2022-08-08 05:00:00+00:00,0.003679842409224228,3.0779329814959158,1.7880883714298903
2022-08-08 06:00:00+00:00,0.012762423180736145,3.852170276720209,1.7750587867949803
2022-08-08 07:00:00+00:00,0.0033309952353978963,-0.26541215084292213,0.6488098884235968
2022-08-08 08:00:00+00:00,-0.005937618372193963,7.794561956031057,-1.1504860868230842
2022-08-08 09:00:00+00:00,-0.01387580875967761,-0.030119129464900488,-0.5130827732111569
2022-08-08 10:00:00+00:00,-0.00019032512447238388,2.364898529727567,1.07663273584005
2022-08-08 11:00:00+00:00,0.0010176584760202422,2.0294196200286487,1.207216732238134
2022-08-08 12:00:00+00:00,-0.006231825755029075,0.6892619460480357,-1.4919588773827819
2022-08-08 13:00:00+00:00,0.004784576545923259,-1.2053317571421316,-0.369066492491615
2022-08-08 14:00:00+00:00,0.0065423715577158795,-3.0553749290459704,1.5631069908633408
2022-08-08 15:00:00+00:00,0.0096852359088292,-6.0302182856752635,-0.5720948823449984
2022-08-08 16:00:00+00:00,0.0001811406462379802,-2.6167905530323905,-0.8970031110088595
2022-08-08 17:00:00+00:00,0.0002704151803646407,1.8497505370311769,1.539819060788905
2022-08-08 18:00:00+00:00,0.0010107148533844475,-1.0312151729175254,0.3812724237475462
2022-08-08 19:00:00+00:00,-0.00013387910721085458,1.2146884991823321,0.09338107448115496
2022-08-08 20:00:00+00:00,-0.006186629731091652,5.4063165090215355,0.26653841914413423
2022-08-08 21:00:00+00:00,0.014812083598710803,-6.461474521907732,2.649827534399537
2022-08-08 22:00:00+00:00,-0.004061710147351848,-1.74712896489662,-0.0555884988136383
2022-08-08 23:00:00+00:00,0.0006858606388464009,0.728786696000328,2.615116048135539
2022-08-09 00:00:00+00:00,0.0010355637388136274,1.6673210073458675,0.3064922586065079
2022-08-09 01:00:00+00:00,0.004824555129019595,-4.675610551483764,1.2246112132068863
2022-08-09 02:00:00+00:00,-0.0044574103760656025,2.8793342951289937,0.7006310950132172
2022-08-09 03:00:00+00:00,-0.0026357474729950007,3.099225199795884,1.5042700696430074
2022-08-09 04:00:00+00:00,-0.0014070390991847653,4.305523030394447,3.360242569190263
2022-08-09 05:00:00+00:00,0.0013182657850019262,-0.6803582500510988,-1.1282911100017166
2022-08-09 06:00:00+00:00,-0.00035398446368495236,-2.4966393621364196,1.813593183253781
2022-08-09 07:00:00+00:00,-0.0013375893703321913,0.27738548749601466,-1.6207215760473057
2022-08-09 08:00:00+00:00,0.0060486534280959165,-6.825177005911706,-0.352026404117166
2022-08-09 09:00:00+00:00,0.02093247129403978,-9.928771801898922,-2.6348520417131955
2022-08-09 10:00:00+00:00,0.011489020894232817,-3.152700327299332,-0.7336657648560645
2022-08-09 11:00:00+00:00,0.005526348640171614,-2.380154904504959,-1.0112023483696704
2022-08-09 12:00:00+00:00,-0.001928952969893983,2.3002678284282263,0.7896849186395931
2022-08-09 13:00:00+00:00,0.010938824461882223,-7.507517542439581,-0.4801600301665324
2022-08-09 14:00:00+00:00,0.0012617567075160476,-3.6583048507816596,-0.12728877727960358
2022-08-09 15:00:00+00:00,0.0011669834380140845,-0.002848248320184793,0.5990704705973068
2022-08-09 16:00:00+00:00,-0.0007528270823674982,1.857499649331641,-1.5603744883528379
2022-08-09 17:00:00+00:00,-0.0012299557914310518,1.8269427889099734,1.4386594690342904
2022-08-09 18:00:00+00:00,0.004146095629621745,-1.0204808568203882,-0.12029322773461637
2022-08-09 19:00:00+00:00,0.0004377925211695633,-0.6501135421814082,1.4581311571252233
2022-08-09 20:00:00+00:00,-0.006601769021877227,4.004103236642144,1.210916802448401
2022-08-09 21:00:00+00:00,-0.0020224338358939523,2.392729225511142,-1.6670008801110787
2022-08-09 22:00:00+00:00,0.004227202733077869,-1.4232044217504858,-0.4008989433373346
2022-08-09 23:00:00+00:00,0.004100703787619494,-1.1611481405150827,-1.9821902754052279
2022-08-10 00:00:00+00:00,0.013325659687311881,-11.568441650454298,0.5164303103033936
2022-08-10 01:00:00+00:00,-0.005828576257157784,3.657923077719663,-0.748265976870263
2022-08-10 02:00:00+00:00,-0.001177158283504372,-2.1465112735863108,-0.5192804665466564
2022-08-10 03:00:00+00:00,0.0016662142477442072,-1.6001290666689598,-0.17307363672429463
2022-08-10 04:00:00+00:00,-0.003036401627305035,4.609068601270314,-0.033883928748214776
2022-08-10 05:00:00+00:00,0.004472462990474958,-0.9352694945845047,-0.30375061966578576
2022-08-10 06:00:00+00:00,0.0029458327676402433,-1.2715664267134155,0.562262497611168
2022-08-10 07:00:00+00:00,-0.0022105137766999148,2.3598805040183715,-0.005379635519344027
2022-08-10 08:00:00+00:00,-0.012072673862482279,5.201274241363388,0.07211560290221507
2022-08-10 09:00:00+00:00,0.001273849825489366,-1.1930607081657403,-0.37334243308940734
2022-08-10 10:00:00+00:00,0.0018396741265287232,-2.0389200123209053,2.320280998450616
2022-08-10 11:00:00+00:00,0.0010964679596985783,3.2230819323170805,-0.649291226672677
2022-08-10 12:00:00+00:00,-0.04825731469903489,29.380335758829247,1.261857686617646
2022-08-10 13:00:00+00:00,-0.01494338954745977,2.943625218688109,3.067546141518118
2022-08-10 14:00:00+00:00,-0.010405759337046325,4.146308911937134,2.448908656212437
2022-08-10 15:00:00+00:00,-0.0044839358021091695,-1.5378536192453383,-1.218822612413551
2022-08-10 16:00:00+00:00,-0.0017788132247878292,-0.8985594399380716,0.10329795173824262
2022-08-10 17:00:00+00:00,-0.0006714597435480992,0.6408462276408153,0.2716234974990292
2022-08-10 18:00:00+00:00,0.006778552060408096,-6.423137136634607,2.7121298955734807
2022-08-10 19:00:00+00:00,0.0045489750651688055,0.035476454705424924,0.02674087633482677
2022-08-10 20:00:00+00:00,-0.009918427837194923,6.142019281607483,0.576836248235164
2022-08-10 21:00:00+00:00,0.00045808013109854384,1.3667171761083337,0.08422360562216655
2022-08-10 22:00:00+00:00,0.002688827427442788,-2.4658579202123607,-2.0921754121044414
2022-08-10 23:00:00+00:00,-0.0021006142778622543,3.90283495765378,0.8970477376176891
2022-08-11 00:00:00+00:00,-0.011157688757992685,3.856413918699559,0.29232081091257317
2022-08-11 01:00:00+00:00,-0.01533970579541505,4.066833443824536,-0.6207640178162538
2022-08-11 02:00:00+00:00,0.013033863127108032,-5.424858225500892,-0.04616427873665327
2022-08-11 03:00:00+00:00,-0.0007224555425711865,1.9934388608261855,0.1518925938759891
2022-08-11 04:00:00+00:00,-0.005899944854661535,3.2954168522664617,0.09780550858441826
2022-08-11 05:00:00+00:00,0.0007884586949982284,-0.5532922760607618,-0.20756929937751675
2022-08-11 06:00:00+00:00,0.0023257094755211086,-0.699693266722803,-0.6899596673424754
2022-08-11 07:00:00+00:00,0.004766092097971585,-3.911966331906545,1.1526486693009586
2022-08-11 08:00:00+00:00,-0.005734687702606802,2.556064304231331,0.23721700506839924
2022-08-11 09:00:00+00:00,0.005343919612187107,-3.621820336606016,-1.1927927979970396
2022-08-11 10:00:00+00:00,-0.0019664265190733384,-0.0758063131545337,1.5815835477155047
2022-08-11 11:00:00+00:00,-0.0089844032687806,2.5449753757716644,0.18872905940953885
2022-08-11 12:00:00+00:00,-0.012226763477489244,7.973285284686205,0.1371008211701249
2022-08-11 13:00:00+00:00,0.007419146839300991,-2.7956000150511433,-1.1839798342595527
2022-08-11 14:00:00+00:00,0.005984892182364727,-5.681054244168804,-1.2363834059726522
2022-08-11 15:00:00+00:00,0.006936111677385434,-5.666289117326085,0.13138056193345352
2022-08-11 16:00:00+00:00,-0.00583257322485157,2.576976585001195,0.9875106032870352
2022-08-11 17:00:00+00:00,-0.00031696632724525863,1.0311875497021725,0.04416403397412391
2022-08-11 18:00:00+00:00,0.007626929330660376,-4.087312799705767,-0.4090991383862684
2022-08-11 19:00:00+00:00,-0.006531236798978325,0.5763115859326585,1.6804146891125293
2022-08-11 20:00:00+00:00,-0.0010775800657900293,1.031798255677805,0.9834307921354385
2022-08-11 21:00:00+00:00,0.001136740390946931,-1.1554394890213122,-0.1341521436591817
2022-08-11 22:00:00+00:00,0.01368174937233995,-6.51758571212123,0.7082242610312706
2022-08-11 23:00:00+00:00,-0.003952548652579868,1.5076048624267178,0.5475971082754201
2022-08-12 00:00:00+00:00,-0.0029369850714615077,0.24907887221376518,-0.49585563341366357
2022-08-12 01:00:00+00:00,0.0027716333927419808,-0.7562116275581963,-1.817332315314674
2022-08-12 02:00:00+00:00,-0.011927624162507837,3.237351573677873,0.4492752547193567
2022-08-12 03:00:00+00:00,-0.0006623497371691143,0.5918245736185319,0.6043637782450204
2022-08-12 04:00:00+00:00,0.006773570999051609,-2.6073130868044916,-0.23938569800369758
2022-08-12 05:00:00+00:00,-0.0013721818429783864,0.07273518541819321,0.7756094755234408
2022-08-12 06:00:00+00:00,0.0015051093466966917,-1.649483363697285,0.9111060243971819
2022-08-12 07:00:00+00:00,0.0014052465410759928,1.6852928472391722,-0.13132575335625984
2022-08-12 08:00:00+00:00,0.0006722655212497955,0.4533340378008715,0.5138746118994211
2022-08-12 09:00:00+00:00,-0.0029398884490702912,3.2451629686562655,-0.5201769066019586
2022-08-12 10:00:00+00:00,0.010661955131707444,-10.666299346892968,0.08443739885020482
2022-08-12 11:00:00+00:00,0.002371059635677932,-2.364842177358912,0.6923474615322067
2022-08-12 12:00:00+00:00,-0.006272684148565362,5.534982251598607,-0.9181621505999801
2022-08-12 13:00:00+00:00,-0.0012347430152779464,1.95319889581783,0.04210999682248823
2022-08-12 14:00:00+00:00,0.0007343024499346604,0.3762920608987602,-0.3631825841967757
2022-08-12 15:00:00+00:00,-0.008950410638833502,3.4908526541505016,-1.1289601224132455
2022-08-12 16:00:00+00:00,0.0025907603177737883,-1.8486763269343087,0.6434234556976353
2022-08-12 17:00:00+00:00,-0.0028186875310867543,1.0585176223476516,0.8400030082137248
2022-08-12 18:00:00+00:00,-0.006687139030569877,3.845954302328101,-0.18217615464471726
2022-08-12 19:00:00+00:00,-0.008096821207063586,2.887867765729259,0.5914353452064653
2022-08-12 20:00:00+00:00,-0.002654558395727919,1.3325147099745593,3.3288978432151652
2022-08-12 21:00:00+00:00,0.004598358580104817,-2.732286019556261,1.3563356577047325
2022-08-12 22:00:00+00:00,-0.0037375640825726077,2.955281354209936,-1.4350780401708534
2022-08-12 23:00:00+00:00,-0.01035062097371065,6.129196892270015,4.949327853961623
2022-08-13 00:00:00+00:00,-0.006064943881808738,1.3674950773527383,6.867759548419027
2022-08-13 01:00:00+00:00,0.0020114757373891397,4.07106858597822,6.0358367645483275
2022-08-13 02:00:00+00:00,-0.0053712705315652805,5.06703271097003,-6.389801999862849
2022-08-13 03:00:00+00:00,-0.007382754401032481,0.05416084568891183,3.9288462344090185
2022-08-13 04:00:00+00:00,0.0014439391501145555,-2.846804808517636,-1.1536575228956827
2022-08-13 05:00:00+00:00,0.0004265937375824308,3.1551188105987693,0.906311513339505
2022-08-13 06:00:00+00:00,-0.005613253324608098,-0.14407953917844935,-0.18700878455491488
2022-08-13 07:00:00+00:00,0.004449839288185983,-4.202525066156723,2.4445648751017615
2022-08-13 08:00:00+00:00,0.0024009545235367667,-2.9114662257364476,1.0896209471647884
2022-08-13 09:00:00+00:00,-0.004950328940989772,4.613267258983242,-1.5102361977443608
2022-08-13 10:00:00+00:00,0.004164559965961911,-2.202252681449127,-1.3178577336250432
2022-08-13 11:00:00+00:00,0.003719190377463938,-1.9814324766204636,0.691854209146863
2022-08-13 12:00:00+00:00,0.001887713548700233,-1.0914685137605338,-1.1409910140661397
2022-08-13 13:00:00+00:00,0.0011056014506768928,0.20112325861862795,-0.30304676625991905
2022-08-13 14:00:00+00:00,-0.0022628590780471958,0.6467676752077004,0.3790180437482098
2022-08-13 15:00:00+00:00,-0.0027869318022999707,1.5192932216447137,0.04918121517341495
2022-08-13 16:00:00+00:00,-0.0005750465043731095,-0.7456439938877849,1.2733442523176035
2022-08-13 17:00:00+00:00,-0.004157303673538454,2.439457818707937,0.18829456128895872
2022-08-13 18:00:00+00:00,0.005872919205554743,-4.147370209889186,-0.5095093983633409
2022-08-13 19:00:00+00:00,0.0025465379054694006,-3.3166616037023493,0.31165763703005617
2022-08-13 20:00:00+00:00,-0.0055468573354436985,4.144369119077792,-0.6721129367144887
2022-08-13 21:00:00+00:00,0.0015690115262818108,-0.7606348950637021,0.832429310262218
2022-08-13 22:00:00+00:00,0.0029296170665076846,-2.4944332229203776,-0.16283786253009244
2022-08-13 23:00:00+00:00,-0.0027879559900341098,0.4386919663019342,0.948666246351102
2022-08-14 00:00:00+00:00,9.428914633106908e-05,2.673046562340893,-0.4793226614910794
2022-08-14 01:00:00+00:00,-0.0004592898409469577,2.7277012362404163,-0.9827365476027808
2022-08-14 02:00:00+00:00,0.00010751742946574333,1.7029417073641515,-0.8768002193486194
2022-08-14 03:00:00+00:00,0.0006271300462556094,1.1780562012557998,-1.5385199231846747
2022-08-14 04:00:00+00:00,-0.0025463094633539937,2.6548314650970397,-0.7510773778445103
2022-08-14 05:00:00+00:00,0.00014221274304440502,4.151539393855151,-1.4044401609204993
2022-08-14 06:00:00+00:00,0.0002600699350629476,2.5005574160924042,-1.3180784805800458
2022-08-14 07:00:00+00:00,-0.009896862539076158,2.1520264228484343,-3.273157104726903
2022-08-14 08:00:00+00:00,0.00678872195146112,-0.6029573077491654,9.092452331754329
2022-08-14 09:00:00+00:00,-0.0036307470952103567,3.9975993790305298,-1.3989019918870507
2022-08-14 10:00:00+00:00,0.004233992969135658,-5.043022374141336,0.8338713575206198
2022-08-14 11:00:00+00:00,0.00297526143169204,-3.117836328550394,-1.0030156451189043
2022-08-14 12:00:00+00:00,0.0009829849227351176,-2.7549087075967584,0.502733452313263
2022-08-14 13:00:00+00:00,0.00256270800761908,-6.728405001528362,-0.8394109078961925
2022-08-14 14:00:00+00:00,-0.0014098762217715046,1.9912060844784616,1.6660591692212228
2022-08-14 15:00:00+00:00,-0.0005726977648947246,3.244141494826064,7.830705508228539
2022-08-14 16:00:00+00:00,0.00930952065389508,-14.668467556150631,-0.3554623877286134
2022-08-14 17:00:00+00:00,0.003851705790539237,-3.572019971004718,-2.1230092447632187
2022-08-14 18:00:00+00:00,-0.002444169795515457,4.444542783402513,1.198800663064525
2022-08-14 19:00:00+00:00,-2.8991643980987826e-05,0.510142565476301,2.3757272737934367
2022-08-14 20:00:00+00:00,-0.0013929047073455005,-0.12218739824641486,0.1425276118240655
2022-08-14 21:00:00+00:00,-0.001564646368171468,1.1686615807202578,-0.37398061449122116
2022-08-14 22:00:00+00:00,0.003853921790375299,-1.3332658791686613,1.45848547954592
2022-08-14 23:00:00+00:00,-0.00192084675846396,-0.3442597375619533,1.0322217876234232
2022-08-15 00:00:00+00:00,-0.004485418553052507,6.46250605273557,1.1627703458326215
2022-08-15 01:00:00+00:00,-0.009723140892460331,3.7778177465527136,-2.530689992210058
2022-08-15 02:00:00+00:00,-0.011595552684745346,8.550153672802708,0.1393975696588622
2022-08-15 03:00:00+00:00,0.0025519980952227773,-6.11259670165119,-3.568602981761358
2022-08-15 04:00:00+00:00,0.0007603560197471741,-2.003236460025249,-0.9826139553921764
2022-08-15 05:00:00+00:00,0.0016178674422778583,-2.6879665166509574,0.9858738900654378
2022-08-15 06:00:00+00:00,0.028272563623637392,-20.87133473776413,-0.875537667721638
2022-08-15 07:00:00+00:00,0.004286797812336623,-1.6829017068709893,-1.296025607785108
2022-08-15 08:00:00+00:00,-0.0008099100075363983,1.544935786850548,-0.40783237918826865
2022-08-15 09:00:00+00:00,-0.005347408983136524,2.6222353773866884,1.0058765983050149
2022-08-15 10:00:00+00:00,-0.0036093175965443945,0.9514881545221229,-0.18630761456871892
2022-08-15 11:00:00+00:00,0.008925921428868475,-5.663575192939502,-0.419446869381795
2022-08-15 12:00:00+00:00,0.004579131302499495,-3.6747885267227494,0.26197801671261356
2022-08-15 13:00:00+00:00,-0.00963974089237104,11.109541223715908,1.6123532694331315
2022-08-15 14:00:00+00:00,0.002117295105052304,-2.494434030294988,0.4391183255285333
2022-08-15 15:00:00+00:00,-0.004825026872005874,4.628374931558434,-1.0128798835488289
2022-08-15 16:00:00+00:00,-0.0015250175943329759,2.3218199927655476,0.9424951265422905
2022-08-15 17:00:00+00:00,0.006540248086918203,-6.850169866473926,1.0971885652226656
2022-08-15 18:00:00+00:00,0.00090203816736096,-1.3801134658180745,-0.14492965202826952
2022-08-15 19:00:00+00:00,0.004962672080226116,-1.7609078639595097,-0.8204174757568613
2022-08-15 20:00:00+00:00,-0.004182507119383095,1.9888108044859016,-1.441139513444285
2022-08-15 21:00:00+00:00,0.001686667137662238,-0.9768376332388384,-0.07155633540793979
2022-08-15 22:00:00+00:00,0.001214990115008643,-4.138213848358658,0.4372224358281247
2022-08-15 23:00:00+00:00,-0.0039037571398242783,3.3807295452451385,-1.6094717561917722
2022-08-16 00:00:00+00:00,-0.0010256532464860484,2.614237518002982,2.640833769347415
2022-08-16 01:00:00+00:00,0.0005814362479869288,-0.3237501861575527,0.1357615548542427
2022-08-16 02:00:00+00:00,0.0025136008790245155,-3.816440737041773,0.9783056786207969
2022-08-16 03:00:00+00:00,-0.001027797335119939,2.913714489653595,0.9397358655918278
2022-08-16 04:00:00+00:00,0.00540933553602655,-4.818220314826015,0.4187528661012105
2022-08-16 05:00:00+00:00,0.0002796984927446652,-1.6124177391554577,0.41770511726649634
2022-08-16 06:00:00+00:00,-0.0022709501894781973,2.796826144906382,1.5267405261328535
2022-08-16 07:00:00+00:00,-0.002964383665203219,2.812644675604233,0.8836067888178099
2022-08-16 08:00:00+00:00,0.0032055113677929427,-0.13781813343399688,3.4371542823223473
2022-08-16 09:00:00+00:00,-0.003924946941142293,5.957644012749614,-0.058616966020953606
2022-08-16 10:00:00+00:00,0.0029144076795193613,-2.091727265421762,-1.6169736697447081
2022-08-16 11:00:00+00:00,-0.000956453981943491,1.243880007100687,-0.8545016824873831
2022-08-16 12:00:00+00:00,0.004114487942862591,-5.452438688601825,0.8033058711040835
2022-08-16 13:00:00+00:00,0.001665320531047078,-1.9936214695076668,1.7490603982432555
2022-08-16 14:00:00+00:00,0.007519344641711184,-2.4692052456203455,-1.976868303021907
2022-08-16 15:00:00+00:00,-0.007746802861991954,4.854031510707484,-0.7824289464512587
2022-08-16 16:00:00+00:00,-0.0034346557061680698,-2.447719463332048,1.0976020315898878
2022-08-16 17:00:00+00:00,-0.0016927787437808466,0.18687412549338772,1.285127279365962
2022-08-16 18:00:00+00:00,-0.0025220821065496707,-2.158833095659658,-0.9745212537083301
2022-08-16 19:00:00+00:00,3.537173835340237e-05,2.4265292711804287,0.13047675121858054
2022-08-16 20:00:00+00:00,0.001629659052310591,2.7841413403705,-0.1863045639885576
2022-08-16 21:00:00+00:00,0.001064921378851308,-1.9875978390533775,-0.2669501725397003
2022-08-16 22:00:00+00:00,0.003220253877552516,-2.1169177523363554,0.5946271495984846
2022-08-16 23:00:00+00:00,0.0003721043891656245,0.9546331008786992,-0.22860083922039331
2022-08-17 00:00:00+00:00,-0.00021214580873667603,6.747134032945726,-0.6315178071485923
2022-08-17 01:00:00+00:00,-0.0013584940298165215,-1.1028799336293822,-0.4958794943270561
2022-08-17 02:00:00+00:00,0.003490624687311918,1.7584877700170753,-0.22767765390598255
2022-08-17 03:00:00+00:00,0.0035146402551948608,3.628500362452672,-0.8280471663087473
2022-08-17 04:00:00+00:00,0.001877781324761439,1.2606585589377328,1.765149552516099
2022-08-17 05:00:00+00:00,0.003915610158338527,4.045955222844624,-1.1527758045743688
2022-08-17 06:00:00+00:00,-0.002340063726110923,2.7190312371896823,-0.44648582729504727
2022-08-17 07:00:00+00:00,0.029595236220758353,-18.32430204332147,0.033972772218267444
2022-08-17 08:00:00+00:00,0.001667387990642458,1.291944222930878,0.47189368848032315
2022-08-17 09:00:00+00:00,-0.007767616450181916,2.38552420966424,0.28627534166716656
2022-08-17 10:00:00+00:00,0.00785969727900371,-4.105111362731125,0.35918347950096746
2022-08-17 11:00:00+00:00,-0.0039731784027481655,-1.3360067822674373,1.343492442128682
2022-08-17 12:00:00+00:00,0.01362209902502125,-8.39661796917392,0.13628953566627747
2022-08-17 13:00:00+00:00,0.015030604910694445,-10.703805902187304,-0.7451975431863417
2022-08-17 14:00:00+00:00,0.005051342061938902,-3.494388204392566,-1.0002723150347705
2022-08-17 15:00:00+00:00,-0.006827336533482302,2.419275876643275,-0.1927636662145146
2022-08-17 16:00:00+00:00,-0.0019199501434274929,3.7664289012516554,0.8818326772812024
2022-08-17 17:00:00+00:00,-0.0038816159307492383,2.572233212504693,0.2520116661587463
2022-08-17 18:00:00+00:00,0.0015116412709119385,0.036671499882112324,-0.49800436976207085
2022-08-17 19:00:00+00:00,0.0006538753244662244,-3.606092957451732,-0.6009971741237029
2022-08-17 20:00:00+00:00,-0.0030487071927478657,3.650961924101829,0.31362406205035376
2022-08-17 21:00:00+00:00,0.0051761782051674265,-7.983733266561234,-2.6184365177771762
2022-08-17 22:00:00+00:00,0.0029787531997492725,-2.2357796135038424,1.4155690253372795
2022-08-17 23:00:00+00:00,-0.0034298003793700807,2.0574746194066553,-0.25430202437253857
2022-08-18 00:00:00+00:00,-0.0009578722744275948,2.640670984292747,-0.31902598165665247
2022-08-18 01:00:00+00:00,-0.001616371267806553,1.9120355329684262,-0.16558997355442923
2022-08-18 02:00:00+00:00,0.001971501892389683,-0.7830645246967284,-0.9624310619339936
2022-08-18 03:00:00+00:00,0.0003384074635043475,-0.5911015710642042,0.608768713953408
2022-08-18 04:00:00+00:00,0.0037096392035848467,-2.6615989911055413,-0.3597351165945988
2022-08-18 05:00:00+00:00,-0.00032347709298508694,1.705033340225987,1.0368476296670444
2022-08-18 06:00:00+00:00,0.0021693853821949756,-1.3748484500747795,0.30508879354132645
2022-08-18 07:00:00+00:00,-0.004454106949556143,3.0127790284371865,-0.07256650469861556
2022-08-18 08:00:00+00:00,-0.0021915770197155223,0.07471180292864504,-0.14431695992952143
2022-08-18 09:00:00+00:00,-0.004733264580968057,2.3851685821367266,-0.6633159500300067
2022-08-18 10:00:00+00:00,0.0021449194541574533,-1.5849103130770863,-0.13860754054938246
2022-08-18 11:00:00+00:00,-0.0030860436906700894,3.3889781796831686,-0.5144136148893844
2022-08-18 12:00:00+00:00,-0.002006685579513058,3.1756102881648705,0.6093891306178418
2022-08-18 13:00:00+00:00,0.005142826598538979,-7.058977264485872,-0.1319114948851195
2022-08-18 14:00:00+00:00,-0.00562997953430605,-1.24623307365808,0.3798198808569713
2022-08-18 15:00:00+00:00,-0.0030174424891460266,2.3303785172026408,0.052009238902266594
2022-08-18 16:00:00+00:00,0.009712215536824397,-6.1834724738570905,-1.9993447310118622
2022-08-18 17:00:00+00:00,0.008922877444031056,-2.1673086518142357,-0.49953325214891076
2022-08-18 18:00:00+00:00,-0.0014359695198012154,1.2332597396347384,0.07610293309740462
2022-08-18 19:00:00+00:00,-0.0013465532510541082,0.9531766258159182,-0.09658414917239853
2022-08-18 20:00:00+00:00,-0.004314914150590214,2.2629537743692896,-0.542781431668628
2022-08-18 21:00:00+00:00,0.00015999642606056747,-1.3834335887226368,0.2740183781341503
2022-08-18 22:00:00+00:00,0.004362280745907212,-3.819851225992005,-0.9841830466643235
2022-08-18 23:00:00+00:00,0.01694760524030215,-19.092137319364365,-1.8052343194761462
2022-08-19 00:00:00+00:00,0.012775967262332433,-13.737982114280975,1.0528949090519406
2022-08-19 01:00:00+00:00,0.0026895987163050136,-7.888645119016297,-1.3774174021013827
2022-08-19 02:00:00+00:00,-0.003871842023128437,2.780944508671435,0.24529193637365543
2022-08-19 03:00:00+00:00,-0.002220570711701545,-0.6596168345843381,0.7510693236658876
2022-08-19 04:00:00+00:00,0.0002597825139720559,1.108479294681289,1.3440564483270547
2022-08-19 05:00:00+00:00,-0.0004763752397309709,0.14630821470405353,-0.09788455593718226
2022-08-19 06:00:00+00:00,0.029017408546815317,-29.984249180052192,-1.1947626260879511
2022-08-19 07:00:00+00:00,-0.0007159541428639374,5.150667933092912,1.0419519369009662
2022-08-19 08:00:00+00:00,0.01106885808821687,-3.788351541970605,-1.0463773160848266
2022-08-19 09:00:00+00:00,-0.0035505769734831567,1.7540079059003097,0.4377651798626818
2022-08-19 10:00:00+00:00,-0.0006926940235413543,-3.5277316428155805,-0.2840006373602354
2022-08-19 11:00:00+00:00,0.004758521195575194,0.06080025554563054,0.5819950638533294
2022-08-19 12:00:00+00:00,-0.002464570994294865,2.908519024902499,1.180520841702742
2022-08-19 13:00:00+00:00,0.007413242509349507,-4.75939424772436,0.5533215593242018
2022-08-19 14:00:00+00:00,-0.0013665385805640634,0.5681125565566287,0.0353280381593876
2022-08-19 15:00:00+00:00,-0.0005524571072438062,3.059075086810247,0.3174433507331566
2022-08-19 16:00:00+00:00,-0.003560711247782114,7.069659762052926,2.946594698664948
2022-08-19 17:00:00+00:00,0.0036923991104473655,-5.640899968036386,-0.9860055339087276
2022-08-19 18:00:00+00:00,0.006763859610088487,-1.9890866017860824,0.048975134522188477
2022-08-19 19:00:00+00:00,-0.0009046565161665006,1.6666569779722065,-0.6583699082103643
2022-08-19 20:00:00+00:00,0.005425022590561523,-3.1525578722769105,-0.44800030435303
2022-08-19 21:00:00+00:00,0.012847009975356448,-11.2774142500966,0.10501588403837636
2022-08-19 22:00:00+00:00,-0.00048630171586374184,-0.5840085777346768,1.370017064434638
2022-08-19 23:00:00+00:00,0.0031406878504119207,-1.9412867317771458,0.2067990592453165
2022-08-20 00:00:00+00:00,0.005862845834221954,5.673648932323985,-0.49074611108914334
2022-08-20 01:00:00+00:00,-0.004747118981062029,0.9280218757897696,0.14421299303938298
2022-08-20 02:00:00+00:00,0.005713625880872607,3.272879687551816,-0.1377034349579046
2022-08-20 03:00:00+00:00,-0.001199547712253883,0.4143502340784939,0.17071442345338933
2022-08-20 04:00:00+00:00,0.008665668590576958,4.128985626170194,-1.2390145573237132
2022-08-20 05:00:00+00:00,-0.004627521204382,-4.4487160356176965,0.544061200010103
2022-08-20 06:00:00+00:00,0.00573301500967714,6.673418077765716,0.1882693265831767
2022-08-20 07:00:00+00:00,-0.0007922588668425709,-0.11940264174660159,-0.3639133667396864
2022-08-20 08:00:00+00:00,-0.0043355070658423435,-3.7981308079643274,0.2848799036878502
2022-08-20 09:00:00+00:00,-0.0013296321207733476,0.9605472686556806,-0.21722387812101077
2022-08-20 10:00:00+00:00,-0.0017497349029990696,-0.4681718605542136,-0.8024082678448096
2022-08-20 11:00:00+00:00,-5.146371273663326e-05,-0.872670089572252,-0.20670635248568062
2022-08-20 12:00:00+00:00,-0.0015452253711622618,-1.308595015187391,0.11827664655020514
2022-08-20 13:00:00+00:00,0.0037155326870724555,2.071532403558172,-0.14478153640010316
2022-08-20 14:00:00+00:00,-0.0005098184415159046,-2.674605637462445,-0.1636282138328908
2022-08-20 15:00:00+00:00,0.000267586018058061,0.6548128915441415,-0.5546747466348413
2022-08-20 16:00:00+00:00,-0.007315808926125262,-5.906249685615538,0.061298241688120814
2022-08-20 17:00:00+00:00,0.000512822326953123,-3.0538839742069617,-0.44941588270654803
2022-08-20 18:00:00+00:00,-0.01628044637823794,-9.499409521200326,0.8832743519249296
2022-08-20 19:00:00+00:00,-0.00716553144030706,-4.2518842325632455,1.8659306282038572
2022-08-20 20:00:00+00:00,-0.015294814596934629,-5.05782164215908,0.5470005891054345
2022-08-20 21:00:00+00:00,0.015651768653828196,12.69040036430676,-0.3157116158886485
2022-08-20 22:00:00+00:00,0.0025510369727502046,0.8945587818096464,-0.9788880004785304
2022-08-20 23:00:00+00:00,0.00038880265566539106,1.6754073921010746,0.1318566286329519
2022-08-21 00:00:00+00:00,0.000453175369443614,-0.658357114695105,-0.966641664413288
2022-08-21 01:00:00+00:00,0.008063029422043105,6.649317647148951,0.7353806642683702
2022-08-21 02:00:00+00:00,0.00011796192914222474,-1.1688211703325964,-0.12285558947492298
2022-08-21 03:00:00+00:00,-0.005156907411045213,-3.7254561200933765,-0.08336830607622482
2022-08-21 04:00:00+00:00,-0.001081073132449723,-0.5312679197200177,1.2024352478671447
2022-08-21 05:00:00+00:00,-5.0884558305892866e-05,2.9036464819184156,-0.1148803855771012
2022-08-21 06:00:00+00:00,-0.008264107198715918,-4.855695247418336,0.14237096138653296
2022-08-21 07:00:00+00:00,0.003740336148578155,10.375732570385201,-0.4054260780985499
2022-08-21 08:00:00+00:00,0.008334459630156036,2.7955748385999004,-0.5516745710291371
2022-08-21 09:00:00+00:00,0.007934792843799025,3.228472736086967,-1.0353759937073783
2022-08-21 10:00:00+00:00,0.0026191204956682967,-0.6641486104501358,-0.6512772721613745
2022-08-21 11:00:00+00:00,0.0025431103507726426,3.9691710839801986,-0.09835859732601487
2022-08-21 12:00:00+00:00,-0.0006707778369973256,-3.53586151286681,-0.677845797503336
2022-08-21 13:00:00+00:00,-0.005942200405350484,-2.4475017999087525,0.8216143039965422
2022-08-21 14:00:00+00:00,0.000980404080021555,1.587623472001601,-1.286729984061537
2022-08-21 15:00:00+00:00,0.0017622413943877507,0.7973453692805283,0.2399281714104787
2022-08-21 16:00:00+00:00,0.0013773181791391072,3.4711571808477766,0.4499498128686618
2022-08-21 17:00:00+00:00,-0.0009268620655122565,-1.3027865221846748,-0.3656839185358094
2022-08-21 18:00:00+00:00,0.001358896194624319,1.08373141613572,0.456117251599598
2022-08-21 19:00:00+00:00,-0.0007126335873541623,0.26375719547018217,0.22778271616585746
2022-08-21 20:00:00+00:00,-0.003054400226864634,1.087718279313171,0.9927577514863014
2022-08-21 21:00:00+00:00,0.000598537643962927,2.4545264113922705,0.08513202581707624
2022-08-21 22:00:00+00:00,-0.001642215951711961,-0.29720694441518636,-0.17888146623838835
2022-08-21 23:00:00+00:00,-0.0002704760088409237,-0.7038935501822383,-0.1390643491500531
2022-08-22 00:00:00+00:00,-0.003344588567004437,-4.582448858081858,-0.25306643078733415
2022-08-22 01:00:00+00:00,-0.0017922744673940182,-1.0879403068974431,1.0211442474137435
2022-08-22 02:00:00+00:00,0.0003248800786092868,1.750313425102862,0.086542889333249
2022-08-22 03:00:00+00:00,-0.0040274614129809875,-4.328688440127937,0.9188312722641605
2022-08-22 04:00:00+00:00,0.0054498450442444345,3.1516127475306837,-0.7324534910865655
2022-08-22 05:00:00+00:00,-0.0013848226343165038,-0.18284078844978974,0.5834478495358737
2022-08-22 06:00:00+00:00,-0.008117456960633236,-9.761962060301698,-0.3396828141609658
2022-08-22 07:00:00+00:00,-0.012544051600425182,-9.066060320895247,0.7997985003496348
2022-08-22 08:00:00+00:00,0.00336657006561506,-0.655292207152931,-1.2930504067557964
2022-08-22 09:00:00+00:00,0.0002335331644567355,0.502179154344713,1.260057848036986
2022-08-22 10:00:00+00:00,0.002815562118257546,4.907286716390601,0.38645326811529956
2022-08-22 11:00:00+00:00,-0.0027939066140703008,-1.1843740980180164,-0.2925031796319902
2022-08-22 12:00:00+00:00,-0.0025703098187993935,-2.181430512983397,0.648917962220305
2022-08-22 13:00:00+00:00,0.001389817509063938,2.839617006735258,-0.6271409235484549
2022-08-22 14:00:00+00:00,-0.0012687224491252959,-3.4883447291469523,-0.4116000940291785
2022-08-22 15:00:00+00:00,0.01241237108146932,11.55627760957379,-1.4905158757329169
2022-08-22 16:00:00+00:00,-0.003002274002095923,-2.124922520263606,0.7721991654292779
2022-08-22 17:00:00+00:00,-0.0033453274106017027,-1.6424159674293168,1.9275108158106207
2022-08-22 18:00:00+00:00,-0.007706672147146833,-5.40556738225667,-0.6037145885863899
2022-08-22 19:00:00+00:00,0.003955256614596616,1.8815928483793367,-0.3168012867046359
2022-08-22 20:00:00+00:00,0.005228320730766546,6.4300789772789155,2.2968608535108364
2022-08-22 21:00:00+00:00,-0.0037487649552095763,-2.883369563613959,-0.10232229694509859
2022-08-22 22:00:00+00:00,0.006846748857177644,4.928133071909364,-0.4434977940271347
2022-08-22 23:00:00+00:00,0.018909231652188208,8.659174703255658,-0.06824659376624909
2022-08-23 00:00:00+00:00,-0.00011017672666671154,-0.4328065700729775,0.9610976853154956
2022-08-23 01:00:00+00:00,0.0014047620384774711,2.802295756369025,-0.40542191627481516
2022-08-23 02:00:00+00:00,0.0006854871973251024,1.2825185562250334,-0.13680387898677426
2022-08-23 03:00:00+00:00,-0.008934012267124095,-4.072715118324029,0.8104208063008926
2022-08-23 04:00:00+00:00,0.0001840463084651597,0.24958147499267638,0.17244336005204472
2022-08-23 05:00:00+00:00,-0.017724387501815868,-15.800735107651258,-0.1909953153076231
2022-08-23 06:00:00+00:00,0.00041047124811652313,5.92001494710915,0.2778923211382979
2022-08-23 07:00:00+00:00,0.013851953246582583,7.324607294356587,-1.7851343129336972
2022-08-23 08:00:00+00:00,0.0032917734199996236,4.320680169407494,-0.2555727246508236
2022-08-23 09:00:00+00:00,0.0007419960307471806,1.9651805015638242,0.0696103365575003
2022-08-23 10:00:00+00:00,-0.0005280331630810737,-0.8392081566151182,-0.5032756003874174
2022-08-23 11:00:00+00:00,0.005436139921829064,3.6424862045666586,0.5706181496191965
2022-08-23 12:00:00+00:00,-0.0036634764339532715,-4.69550642191128,2.0545496365715783
2022-08-23 13:00:00+00:00,0.011990989934338739,6.473098444474466,-0.4691058277067277
2022-08-23 14:00:00+00:00,-0.0016790386612440594,-1.214387177654518,-0.3137088455429606
2022-08-23 15:00:00+00:00,0.00416333427734159,1.5083862687079161,-0.8648392854822718
2022-08-23 16:00:00+00:00,-0.0006712169335462022,-1.6876197592097906,0.860016185991772
2022-08-23 17:00:00+00:00,-0.0019181154673384839,-1.3871136639572468,-0.09566439369025016
2022-08-23 18:00:00+00:00,0.010580795920587215,5.004501514119151,-0.5131365739951785
2022-08-23 19:00:00+00:00,-0.0032032936704827586,-0.5963356451004287,0.30171354431232833
2022-08-23 20:00:00+00:00,-0.0019628877859526233,-0.9602901061138346,2.4428627772558458
2022-08-23 21:00:00+00:00,0.0008869739263359439,0.5731173332295381,-0.05030877237482463
2022-08-23 22:00:00+00:00,0.003234196693697265,0.7523173726302589,0.15516051429833358
2022-08-23 23:00:00+00:00,0.006744208692793239,2.2321069507697717,-0.7153808277735227
2022-08-24 00:00:00+00:00,-0.0144528844348825,-6.2845139585468015,0.16293374083086515
2022-08-24 01:00:00+00:00,-0.010659526245495812,-5.888263853030839,0.6748926222779295
2022-08-24 02:00:00+00:00,-0.006658338228593078,-2.012233720670046,1.319725698669627
2022-08-24 03:00:00+00:00,0.001551939204911978,1.1245889572882288,-0.5792786260338659
2022-08-24 04:00:00+00:00,0.005437081693490751,2.7797168461814,0.34151749738410436
2022-08-24 05:00:00+00:00,0.009084644916193933,2.1278652173728596,-1.1816551820055463
2022-08-24 06:00:00+00:00,0.0041296093511534225,2.605159724864846,-0.5480313029712882
2022-08-24 07:00:00+00:00,-0.010917522542965064,-4.773500280918148,0.5634044019541794
2022-08-24 08:00:00+00:00,-0.007232485926397898,2.820236093896286,-0.20383167079901243
2022-08-24 09:00:00+00:00,0.0006594650523095431,0.5772002621534176,0.7536183723124995
2022-08-24 10:00:00+00:00,0.00016989892256043764,-1.201459332849787,-0.514895036185912
2022-08-24 11:00:00+00:00,-0.0007292281415685236,5.2739807572925725,0.6945461355267356
2022-08-24 12:00:00+00:00,0.004905098557336731,0.40123184842514226,-1.3394594942921192
2022-08-24 13:00:00+00:00,0.0021836316713446423,-3.1920499338313006,-0.3086292295354139
2022-08-24 14:00:00+00:00,-0.003088042950309024,0.8141518533193466,-0.0681174081178337
2022-08-24 15:00:00+00:00,-0.0028602761886617704,9.415910533359817,-0.18544034925192315
2022-08-24 16:00:00+00:00,0.0003751083799094488,-0.4773564114299882,2.4681613361290173
2022-08-24 17:00:00+00:00,0.0019147686196813792,-1.0572914021996034,0.6255336986206499
2022-08-24 18:00:00+00:00,0.0005413975522460902,0.007799492318273194,0.7074345818253988
2022-08-24 19:00:00+00:00,0.0029891160172783398,1.686352978771646,1.633294907229153
2022-08-24 20:00:00+00:00,0.0008632510121180249,1.031859607532743,-1.450127287021517
2022-08-24 21:00:00+00:00,0.0020099030834952554,-3.8863273592628382,-0.5858497220740901
2022-08-24 22:00:00+00:00,-3.469214135034853e-05,-4.44427783769367,-0.08427129638237431
2022-08-24 23:00:00+00:00,0.0010389841031146322,-2.809354897447074,0.10707822879737439
2022-08-25 00:00:00+00:00,-0.0012729310363009199,4.200696819382122,-1.4253130297117822
2022-08-25 01:00:00+00:00,0.0019677634957633314,1.8665122186280185,0.2444405531019218
2022-08-25 02:00:00+00:00,-0.00182015705092002,-1.2404834465421217,-0.015982409096852862
2022-08-25 03:00:00+00:00,0.00031254825953651864,-2.836906153523487,-0.19989909391297
2022-08-25 04:00:00+00:00,-0.000152078317503251,2.342040933622936,-0.26224452200456255
2022-08-25 05:00:00+00:00,0.00018979211956086527,1.5278394292500563,0.04091272511129016
2022-08-25 06:00:00+00:00,-0.0023438187715165747,6.4440945467063155,0.4989355039125858
2022-08-25 07:00:00+00:00,0.0011977837905785302,0.9295150828543148,-0.21272714571868198
2022-08-25 08:00:00+00:00,0.004095728844133267,-2.400662060581269,0.6346245349151347
2022-08-25 09:00:00+00:00,-0.0008666449602050612,-1.334864567169662,-1.2569438902555246
2022-08-25 10:00:00+00:00,0.004809466734735684,-1.8135196202633483,1.2456783994804046
2022-08-25 11:00:00+00:00,-0.0011452406636701363,4.432844175772617,-0.6879921673953668
2022-08-25 12:00:00+00:00,0.0011015107209474593,-5.341039938571822,2.331876046388722
2022-08-25 13:00:00+00:00,0.0016157041008686471,1.0447558841162212,0.2228826986310035
2022-08-25 14:00:00+00:00,-0.00025562361003158277,-0.8685235485336988,0.0626377529085415
2022-08-25 15:00:00+00:00,-0.0006333740201572281,-5.940654070146155,2.2786621712142576
2022-08-25 16:00:00+00:00,0.00029659733971122904,-2.1993463892415512,-0.2560944772498082
2022-08-25 17:00:00+00:00,-0.0031235053359243777,5.027847871662917,0.35916946315297776
2022-08-25 18:00:00+00:00,-0.0011262071330511221,-0.43712237273312876,-0.06240746578745672
2022-08-25 19:00:00+00:00,0.00018173058540123214,3.1621956169157928,1.3608289854329667
2022-08-25 20:00:00+00:00,-0.00033800472615247814,1.2166165895190144,-0.09944443187823816
2022-08-25 21:00:00+00:00,0.0019941704166249853,-1.7748608949662121,0.29388818987745596
2022-08-25 22:00:00+00:00,-0.0005314226288723835,-1.8363408941591994,-1.1747201453129723
2022-08-25 23:00:00+00:00,-0.0035589700338534208,1.1255921727380545,-0.7730380983368034
2022-08-26 00:00:00+00:00,-0.003121754010419009,-5.478895372121921,-0.2728313033435219
2022-08-26 01:00:00+00:00,-0.004066586126063569,2.7315134313622154,0.4060709518942575
2022-08-26 02:00:00+00:00,0.00711011952473073,2.3162490632180948,0.14363225445075242
2022-08-26 03:00:00+00:00,-0.001006993593060403,-1.1089436669811659,-0.5980592777859403
2022-08-26 04:00:00+00:00,0.001258265445988055,-1.392030653289511,-1.1672427501397553
2022-08-26 05:00:00+00:00,0.0016860618075551523,-8.119997775335946,-1.0991341013308344
2022-08-26 06:00:00+00:00,-0.005669906663680489,1.2312860532842969,1.082156336645171
2022-08-26 07:00:00+00:00,-0.00036472592311789163,-0.6452633991729749,0.3331100463631879
2022-08-26 08:00:00+00:00,0.00044683515176567525,2.2539273220616907,0.281745762917806
2022-08-26 09:00:00+00:00,-0.0018573893380213384,0.33456022347525743,0.6461576741452094
2022-08-26 10:00:00+00:00,0.004340583756265932,-3.631616777735389,-1.394271319848439
2022-08-26 11:00:00+00:00,0.007130183296205127,-4.606179765348584,1.6738621477777955
2022-08-26 12:00:00+00:00,0.00468133063276778,15.511052246492694,-1.5297046879379324
2022-08-26 13:00:00+00:00,0.0006034173280069335,2.4628989467390014,-0.18521603959028687
2022-08-26 14:00:00+00:00,0.002162787864018558,-15.81896304499393,-0.7836420315177637
2022-08-26 15:00:00+00:00,0.00250397828325375,-12.165564218137268,0.8712450564131807
2022-08-26 16:00:00+00:00,-0.004795266761564695,-4.161034206691266,-0.3728373064862756
2022-08-26 17:00:00+00:00,0.004909117161054349,-4.927280523749286,1.9132833161527965
2022-08-26 18:00:00+00:00,-0.0015877109560115202,-2.322827928971755,-2.4504216169613646
2022-08-26 19:00:00+00:00,0.0020949099350496742,1.2630591145525565,-0.46565009689046166
2022-08-26 20:00:00+00:00,-0.003044802792009924,0.43733861778903854,0.4839335241434093
2022-08-26 21:00:00+00:00,-0.001287678639729235,-0.5905193943447359,-0.4515201339874569
2022-08-26 22:00:00+00:00,0.019231565852536228,-5.214461139859403,0.8791272372542851
2022-08-26 23:00:00+00:00,0.018004245410742685,-9.917202127701692,-0.6014710316002835
2022-08-27 00:00:00+00:00,-0.005001103376036331,1.529820517980465,-0.21823111510427567
2022-08-27 01:00:00+00:00,0.0026434369302909826,-0.07791822923351172,0.44582738555998014
2022-08-27 02:00:00+00:00,0.0054036490819132236,-2.3081144772488598,0.23485928306313242
2022-08-27 03:00:00+00:00,0.0027285086827885095,0.5582613005747022,-0.17145665332546461
2022-08-27 04:00:00+00:00,0.0026719512369988213,-3.1373545130772333,-0.7842199445389423
2022-08-27 05:00:00+00:00,0.0010528545631551035,-1.2169730282845512,-2.3315828672316594
2022-08-27 06:00:00+00:00,-0.004999641206449822,3.052370701629514,1.1404608208396245
2022-08-27 07:00:00+00:00,-0.007005021063254883,5.039944285500851,-0.5669579605627084
2022-08-27 08:00:00+00:00,0.005031564090728655,-2.3279290761965012,0.8070061564815211
2022-08-27 09:00:00+00:00,0.0006678098659245534,-1.3916494008544231,-0.13923253685785392
2022-08-27 10:00:00+00:00,-0.0013384446395991228,1.4462167933490258,0.6793119366667109
2022-08-27 11:00:00+00:00,-0.002679030832584325,1.1377990531715152,0.5170355254719151
2022-08-27 12:00:00+00:00,-0.001276267002884081,-0.2652356454077035,-1.1591731225201434
2022-08-27 13:00:00+00:00,0.002414836252097047,0.10315472148296743,-0.3020732309165256
2022-08-27 14:00:00+00:00,0.007138636351405105,-4.386132336233682,0.062019562869360834
2022-08-27 15:00:00+00:00,-0.00028685069020865136,-0.6234669588017917,-1.1514106060025993
2022-08-27 16:00:00+00:00,-0.00123359728445797,0.9295519985339139,-1.228792384740467
2022-08-27 17:00:00+00:00,0.0006510886670880067,-2.2308587285665564,0.3373707519957781
2022-08-27 18:00:00+00:00,-0.0007168714878328204,-0.86792278210792,0.7770522033569048
2022-08-27 19:00:00+00:00,-0.004852541870020342,3.506787246731014,0.5724288463330685
2022-08-27 20:00:00+00:00,-0.0011289585525253172,1.153568085234164,-0.20454012884922715
2022-08-27 21:00:00+00:00,0.00693478373204643,-5.343064039703233,-0.3583394868536646
2022-08-27 22:00:00+00:00,-0.0039559522953150714,4.749259729288323,0.6179640828522197
2022-08-27 23:00:00+00:00,-0.002410391804631396,1.3500148298740546,-0.8896680769226191
2022-08-28 00:00:00+00:00,0.0038878233070548406,-0.9976859472278458,0.24860897953260638
2022-08-28 01:00:00+00:00,-3.527882611479887e-05,1.3559353851412035,-0.2982119959066404
2022-08-28 02:00:00+00:00,-0.0005613856306310334,-0.006354900119779263,0.2324805031187892
2022-08-28 03:00:00+00:00,0.0002516167499711398,-1.4568919538970462,-0.6649642871000675
2022-08-28 04:00:00+00:00,0.0024621965016728992,-0.34541144612556146,-1.0830017797438103
2022-08-28 05:00:00+00:00,-0.004258448314693602,2.828740851204613,-3.5425516033087034
2022-08-28 06:00:00+00:00,4.921819752265356e-05,0.4720993291098646,1.7809201037860263
2022-08-28 07:00:00+00:00,-0.001154241582211882,1.8106923831802855,-0.7161168128086632
2022-08-28 08:00:00+00:00,-0.0016856837112721136,-1.2877432420360495,-0.9023961652176156
2022-08-28 09:00:00+00:00,-0.002314603862432308,-0.8918624287762988,0.3764776758153415
2022-08-28 10:00:00+00:00,-0.00047440967764065997,1.161375954355909,0.44850143416710414
2022-08-28 11:00:00+00:00,6.910986646372594e-06,-0.10504820130992928,-1.2601728017786509
2022-08-28 12:00:00+00:00,-0.0034442660910923373,-4.598151402242128,0.2808425367098034
2022-08-28 13:00:00+00:00,-0.0024883909732316654,1.1772990892371413,-0.7042237208721248
2022-08-28 14:00:00+00:00,-0.001200472253248942,0.7962931656042415,0.08083912914071636
2022-08-28 15:00:00+00:00,0.003227566147941473,5.754622926399035,-2.549808278123391
2022-08-28 16:00:00+00:00,0.0009395583533699951,-1.658697382755008,-0.5705633203042068
2022-08-28 17:00:00+00:00,0.0016773916025870216,-0.009827173766727499,0.039672920015506014
2022-08-28 18:00:00+00:00,-0.0004444076950545257,1.512424105129598,-0.9687539356294036
2022-08-28 19:00:00+00:00,-0.0014771228443639557,-2.6065802313283792,0.39037900561716943
2022-08-28 20:00:00+00:00,-0.0014383705485174639,0.3404576144991064,-0.043759530160701665
2022-08-28 21:00:00+00:00,-0.004392604616946632,-2.999214217807026,-0.17344856451419077
2022-08-28 22:00:00+00:00,-0.009181117858577075,-4.782495463399553,-0.26159904462763583
2022-08-28 23:00:00+00:00,0.0008151480644900515,-13.431253047477835,0.5766598017562345
2022-08-29 00:00:00+00:00,-0.008485763972632331,-2.160839172251256,-1.7758756370186353
2022-08-29 01:00:00+00:00,-0.0013148549820526715,1.8918799843272927,1.1818875387365158
2022-08-29 02:00:00+00:00,-9.909503853518219e-05,4.155713570430809,1.5473160755837567
2022-08-29 03:00:00+00:00,0.002319886342393543,3.7628902020116466,-0.5864012010987467
2022-08-29 04:00:00+00:00,0.001069890154209807,-2.0441501938275057,0.1772560687393329
2022-08-29 05:00:00+00:00,0.005106081134334387,-4.58283294340718,-0.19637875316308206
2022-08-29 06:00:00+00:00,0.0014029313682183354,5.517459509886293,-0.17813779654161216
2022-08-29 07:00:00+00:00,-0.0014906474497210509,0.27177257165054336,0.08872482492270858
2022-08-29 08:00:00+00:00,0.003077320726869528,-4.616525199190268,-0.2566985878411647
2022-08-29 09:00:00+00:00,9.808341239737371e-05,3.9674450873355123,0.9078620521193014
2022-08-29 10:00:00+00:00,-0.0016125735736692997,0.34010053330996276,-0.4724726704884735
2022-08-29 11:00:00+00:00,0.0005918922006964029,0.300261572357747,-0.5673110445508097
2022-08-29 12:00:00+00:00,-0.009915833328654294,8.919274871312362,-0.21762784241382135
2022-08-29 13:00:00+00:00,0.005291627688992666,6.3769377618894705,0.945351185730038
2022-08-29 14:00:00+00:00,-0.0030751938689017517,3.537273049757587,0.6056334234758166
2022-08-29 15:00:00+00:00,-9.271432306492667e-05,3.705031780603687,-0.517906999630718
2022-08-29 16:00:00+00:00,0.0014538765690922854,2.3506055439652753,0.3157890493550304
2022-08-29 17:00:00+00:00,-0.00047139249342555573,0.924475722513612,-1.041611232547386
2022-08-29 18:00:00+00:00,0.002717652524993559,-3.14019953410845,0.13137489786846906
2022-08-29 19:00:00+00:00,0.0009288257018186784,-0.6913881701083517,0.6596260944653201
2022-08-29 20:00:00+00:00,-0.003499293878054035,4.467907214311867,-0.24203888079054434
2022-08-29 21:00:00+00:00,-0.0013872665019371351,1.1122262913280205,0.27549469375475666
2022-08-29 22:00:00+00:00,0.001899491441022275,-0.4658959417726383,-0.5318365894687132
2022-08-29 23:00:00+00:00,-0.0030191935406551898,5.286351440545298,0.678287188691564
2022-08-30 00:00:00+00:00,0.004182593466161276,-1.1945956947325256,1.263498878867469
2022-08-30 01:00:00+00:00,0.005645688023959842,-5.037588195392318,-0.44941506435699086
2022-08-30 02:00:00+00:00,0.0034601402299723064,1.4615565070137497,1.1579121083484305
2022-08-30 03:00:00+00:00,0.00682097570097658,3.606113095285085,-0.12008244294705478
2022-08-30 04:00:00+00:00,0.01902903833726978,7.98126269117333,-0.11672031256938856
2022-08-30 05:00:00+00:00,-0.0009784487560904802,-2.180624325988669,-0.5153084113448316
2022-08-30 06:00:00+00:00,-0.002602653469284039,-0.9304173749023691,0.6587121182989437
2022-08-30 07:00:00+00:00,0.004178880919619642,1.7444763358453366,-0.4359482234714468
2022-08-30 08:00:00+00:00,-0.0012067250100927713,-1.031575596169808,0.2193373189697836
2022-08-30 09:00:00+00:00,0.003743372263225585,1.1348068202120531,-0.16892751612597712
2022-08-30 10:00:00+00:00,-0.00198627107042947,-2.7957469588455344,-0.2948957860477213
2022-08-30 11:00:00+00:00,0.00539388692814805,0.7724625529601594,-0.8508631521215217
2022-08-30 12:00:00+00:00,0.0005796413526182314,-3.1713744230621472,-0.5667935192947102
2022-08-30 13:00:00+00:00,-0.006027483679850806,-0.1700060578525639,0.6035231720975448
2022-08-30 14:00:00+00:00,-0.008998408930253075,-17.752551303901168,-0.7961843940653126
2022-08-30 15:00:00+00:00,-0.004658570855549201,0.7092596662969877,0.08712237899283862
2022-08-30 16:00:00+00:00,-0.007035358785454162,-11.524894801693591,0.06440745735101683
2022-08-30 17:00:00+00:00,0.003667831166154621,2.096722414838711,-0.3516999924314339
2022-08-30 18:00:00+00:00,0.004468641317265042,3.668826256488508,1.5822742998423929
2022-08-30 19:00:00+00:00,0.008745244242188584,9.942775742082238,-1.2510787184802337
2022-08-30 20:00:00+00:00,0.0013030270631007818,3.894203992637995,-0.26203398710733894
2022-08-30 21:00:00+00:00,-0.004553477209328313,-4.240036842918657,0.2667098584964365
2022-08-30 22:00:00+00:00,0.001108723724580171,5.168397216658836,-0.8992672466965039
2022-08-30 23:00:00+00:00,-0.00477372960449084,-6.047601119512505,0.38430107365195304
2022-08-31 00:00:00+00:00,0.007517881792893287,8.341109371953678,0.21861883340529137
2022-08-31 01:00:00+00:00,0.014073302888720184,5.81018909070972,1.7419718905005412
2022-08-31 02:00:00+00:00,0.004595472587093619,4.250178970837298,-0.6476219531145408
2022-08-31 03:00:00+00:00,0.003391323059785348,2.1807462227634846,-0.21551639890316174
2022-08-31 04:00:00+00:00,-0.002886773954003325,-0.10169489379948524,0.24015368827897393
2022-08-31 05:00:00+00:00,0.0004896729889752718,0.5973993379008966,-0.3013999167053246
2022-08-31 06:00:00+00:00,-0.005256278497673641,-5.049658834590094,-1.9917474694975523
2022-08-31 07:00:00+00:00,0.00034751375704337566,-0.42356892152636494,-0.15261202146643577
2022-08-31 08:00:00+00:00,-0.0008950288195037628,-1.3948758919657247,-0.2884737267858249
2022-08-31 09:00:00+00:00,-0.0030132191598278,-1.3052322036250328,-0.12223394039486397
2022-08-31 10:00:00+00:00,0.007873858505999141,8.33067484859674,0.0003959812511406674
2022-08-31 11:00:00+00:00,-0.0009857518693435641,-1.375197900904798,-0.6331477259901332
2022-08-31 12:00:00+00:00,-0.00044059295132921534,-0.10047600338003045,-0.7304969135847159
2022-08-31 13:00:00+00:00,4.7888406064357486e-05,-0.865192137535336,0.40184055821604725
2022-08-31 14:00:00+00:00,-0.010044687007423446,-6.792049844750919,-0.7178444290778045
2022-08-31 15:00:00+00:00,0.001884631290634897,-0.9152724352019583,-0.06327652803013524
2022-08-31 16:00:00+00:00,-0.005006658429699989,-3.6024839400091615,-0.14512542988884755
2022-08-31 17:00:00+00:00,-0.002902451506242289,-2.445666623703769,0.41336594418043476
2022-08-31 18:00:00+00:00,0.0009516089997579852,0.6251515160449059,-0.2498058564487099
2022-08-31 19:00:00+00:00,0.011146027488398214,7.970530904134532,0.09355686085318866
2022-08-31 20:00:00+00:00,-0.001630661701583289,-0.5251766305142835,-0.8386269505198853
2022-08-31 21:00:00+00:00,0.004355203272840496,2.3803990266273924,0.5738005055700861
2022-08-31 22:00:00+00:00,-0.0062092132031342,-4.276319921530925,0.0396295416505967
2022-08-31 23:00:00+00:00,-0.005012083971776256,-6.1699906445434,-0.13361332482503982
2022-09-01 00:00:00+00:00,0.0006488171121290356,-2.098954862297489,0.7952411146755389
2022-09-01 01:00:00+00:00,0.003140979258601615,2.423208578780171,0.269855585703843
2022-09-01 02:00:00+00:00,-0.003191382007164801,-0.7592094131718156,0.3605898700492157
2022-09-01 03:00:00+00:00,-0.0019515656879268814,-3.774692458233131,0.029968276273620795
2022-09-01 04:00:00+00:00,0.0032480352571041976,1.8190632503296402,0.31997844230669453
2022-09-01 05:00:00+00:00,-0.00040512482908798276,0.22865786373744185,0.22259747512914077
2022-09-01 06:00:00+00:00,0.00046947165406288844,-3.6215195856895823,0.1300798242102862
2022-09-01 07:00:00+00:00,-0.003148542365103475,-2.7868620433822446,-0.0010078689524666284
2022-09-01 08:00:00+00:00,0.0041746702522730255,1.423443325489806,0.24197477281954502
2022-09-01 09:00:00+00:00,-0.0004335849826565926,2.2928574969528253,-0.5414339349348594
2022-09-01 10:00:00+00:00,0.002050903161702881,5.1250065491402585,-0.03622604288319366
2022-09-01 11:00:00+00:00,0.003471210489643355,2.7558928604964397,-0.36109553234088543
2022-09-01 12:00:00+00:00,0.0026007145652641008,-4.366284439390297,-0.5810810488606377
2022-09-01 13:00:00+00:00,-0.006071828981016136,-0.5285467161652819,0.857280405796909
2022-09-01 14:00:00+00:00,-0.010507461180417996,-12.003564067646913,0.02768993472828063
2022-09-01 15:00:00+00:00,0.001932428973637039,4.263442762900289,-0.13349035936994522
2022-09-01 16:00:00+00:00,0.0014699303380839664,1.1558863626480265,-0.1710612020784515
2022-09-01 17:00:00+00:00,0.00399571067480277,1.8800005368191417,0.481109069930079
2022-09-01 18:00:00+00:00,0.002583518930957668,2.9293431497449425,1.7172071828023596
2022-09-01 19:00:00+00:00,0.0037758799827678166,3.987655636762943,2.2194438126571168
2022-09-01 20:00:00+00:00,-0.007270627837795607,6.573964315924343,-2.0087808482956913
2022-09-01 21:00:00+00:00,0.0003359921946428998,0.8591486887575189,0.06045912969669175
2022-09-01 22:00:00+00:00,0.0053830510132064,0.8431561774527723,-0.46194814297377684
2022-09-01 23:00:00+00:00,-0.0075273825928873364,1.818056243099142,-0.19077948923241841
2022-09-02 00:00:00+00:00,0.005715314556319158,-2.261680291571781,0.33851405555899994
2022-09-02 01:00:00+00:00,0.0004291913063775514,-2.861770345668789,-0.03932011821682131
2022-09-02 02:00:00+00:00,7.67841692981796e-05,-0.14410402049154528,0.010501139747432236
2022-09-02 03:00:00+00:00,-0.007421249552378856,6.903166670455729,0.07356985313313658
2022-09-02 04:00:00+00:00,0.008115263446136799,-0.7780094510739948,0.13593061372637877
2022-09-02 05:00:00+00:00,0.0006203452754353117,-1.0858914795109156,0.7699429841750265
2022-09-02 06:00:00+00:00,-0.006243801203174071,0.499462368208919,2.1126254447012878
2022-09-02 07:00:00+00:00,0.00329840649561654,1.8227402536873967,0.6464358900488824
2022-09-02 08:00:00+00:00,-0.005107702338739786,-0.6142043959825029,0.8895067273346625
2022-09-02 09:00:00+00:00,0.001107047637664886,1.6672167517602374,0.18659601838624854
2022-09-02 10:00:00+00:00,0.002539085427128858,-2.61214516099361,-0.3418852634871447
2022-09-02 11:00:00+00:00,-0.0013945027056347003,0.29523368090981067,0.22531657000781394
2022-09-02 12:00:00+00:00,-0.017521160427210573,9.716710874574488,-0.147272193547556
2022-09-02 13:00:00+00:00,-0.005101603332560044,0.7418722529525184,-0.9206214590020735
2022-09-02 14:00:00+00:00,-0.011350821085252453,5.240802779578095,0.7575109064806986
2022-09-02 15:00:00+00:00,-0.015463315640160414,1.551616128139815,0.5928885458666797
2022-09-02 16:00:00+00:00,0.0032777014187135886,-8.98449439046,-0.865607593297853
2022-09-02 17:00:00+00:00,0.0064361367061273175,-11.03832148687404,-0.7464314561219333
2022-09-02 18:00:00+00:00,-0.007463348770058346,1.1780525496612282,0.3630939951078474
2022-09-02 19:00:00+00:00,0.0005604622388566612,-4.279733669767425,-0.45809173088135957
2022-09-02 20:00:00+00:00,-0.005298978458487649,2.9152837680897816,0.09557144841552104
2022-09-02 21:00:00+00:00,-0.0015106911130769883,1.1422412200127074,-0.2472066745775676
2022-09-02 22:00:00+00:00,0.005685298237705115,0.30306549991077203,0.4710619080956447
2022-09-02 23:00:00+00:00,0.003989299485880166,0.2880880140182814,-0.8356777851839992
2022-09-03 00:00:00+00:00,0.002624328530489005,0.9654099139574959,0.28274597865785817
2022-09-03 01:00:00+00:00,-0.0002944216045857961,-2.9394070272244504,-0.13817445101278003
2022-09-03 02:00:00+00:00,-0.007049433180207594,-1.1018109564793306,-0.17013696592638
2022-09-03 03:00:00+00:00,0.0006509667864650642,-2.3902389354842843,0.2147102968479692
2022-09-03 04:00:00+00:00,-0.006149195942896507,2.4196227545535463,-0.12932557994241353
2022-09-03 05:00:00+00:00,0.00462277266005713,3.671728299817482,0.3534227774576476
2022-09-03 06:00:00+00:00,0.00598523759794827,-2.1926587848290997,0.3279102169461105
2022-09-03 07:00:00+00:00,0.006946885473464567,-5.608005116319324,-0.3555471459358217
2022-09-03 08:00:00+00:00,-0.004011757597416256,0.7301212786718373,-0.006622600301116266
2022-09-03 09:00:00+00:00,0.0012485133327490151,2.6502166226542125,0.3278335166448603
2022-09-03 10:00:00+00:00,-0.003083148024623234,2.3346758371340197,0.26828480794305715
2022-09-03 11:00:00+00:00,-0.00019792823214120404,-2.7000986962376334,-0.2717874289328349
2022-09-03 12:00:00+00:00,-0.003260805545689679,3.3020486877111153,-0.10969472786158774
2022-09-03 13:00:00+00:00,-0.002655509394385327,0.5459510719158123,-0.526658486408343
2022-09-03 14:00:00+00:00,0.005875023697787543,-2.75576451512593,-0.5090248921563748
2022-09-03 15:00:00+00:00,-0.0007309441881010438,-0.1358927069220121,0.13996022160782395
2022-09-03 16:00:00+00:00,-0.0031859814775632806,0.9922536995337106,-0.8928632751092552
2022-09-03 17:00:00+00:00,-0.003153695068804664,1.6786669954110005,1.1014203231238084
2022-09-03 18:00:00+00:00,0.003209933392552371,-2.242001882921046,-0.19260723681542288
2022-09-03 19:00:00+00:00,0.0030459084981939795,-1.7695760527854818,0.025825188340734783
2022-09-03 20:00:00+00:00,-0.0031348378005090823,1.336036528167362,0.1465953631460434
2022-09-03 21:00:00+00:00,0.0029174435922769337,0.2679793359568755,0.34773271796130983
2022-09-03 22:00:00+00:00,0.003931717272394046,1.3570645669028363,0.7354489076591791
2022-09-03 23:00:00+00:00,-0.0035167089113767114,1.3529541558548026,0.2993007681543807
2022-09-04 00:00:00+00:00,0.004614260004407427,-0.6993042057541448,-0.3392096723528363
2022-09-04 01:00:00+00:00,-0.002634529995288432,0.12472344420637801,-0.779126424668327
2022-09-04 02:00:00+00:00,-0.0033647310157312142,2.073882338797513,-0.20054500927326105
2022-09-04 03:00:00+00:00,0.00336277909563204,-1.842299484221188,-0.005961599003438647
2022-09-04 04:00:00+00:00,2.556140514179257e-07,1.7770175562925412,-0.35267957275002054
2022-09-04 05:00:00+00:00,0.0027139924370179775,-1.698663384032384,-0.17670453641414727
2022-09-04 06:00:00+00:00,0.0034229036701504257,-3.305558885034482,0.34407223864375
2022-09-04 07:00:00+00:00,0.0058761237577570746,-3.04290512814096,-0.1988357396353314
2022-09-04 08:00:00+00:00,-0.0037811769799855747,4.183624236958736,0.40061620501417217
2022-09-04 09:00:00+00:00,-0.0008849261384128204,3.1939829914626663,-0.18345089133712253
2022-09-04 10:00:00+00:00,0.001589193484306729,0.598300764688837,-0.22081911194300335
2022-09-04 11:00:00+00:00,-0.004145027639713535,5.267544169482472,-0.022720994308142586
2022-09-04 12:00:00+00:00,-0.007305144548499428,1.9785910620187357,-0.232120093518975
2022-09-04 13:00:00+00:00,-0.0003860837582564536,-6.98513014171619,-0.3064489606193984
2022-09-04 14:00:00+00:00,-0.0009982219313953032,1.4141087183119754,0.02427403750581407
2022-09-04 15:00:00+00:00,-0.0009137036149457246,1.8792817396339654,-0.3442816207050357
2022-09-04 16:00:00+00:00,0.0011373235377545787,0.6087479357614477,0.24451494944112637
2022-09-04 17:00:00+00:00,0.0007250340660945361,1.6267033766093153,-0.15636748716967344
2022-09-04 18:00:00+00:00,0.0010761693661105452,-0.6584481075643712,0.12176056737137603
2022-09-04 19:00:00+00:00,0.0005915457830580483,0.013992871437230287,-0.06096809944075735
2022-09-04 20:00:00+00:00,-0.003912121066662541,1.207916737670325,0.100033842942613
2022-09-04 21:00:00+00:00,-0.0007428492612193913,-0.8938577144062655,0.15097963526869446
2022-09-04 22:00:00+00:00,0.0030078725719890264,-2.2626118084791207,-0.09119349714793269
2022-09-04 23:00:00+00:00,-0.006051265522794639,6.351295271827069,-0.3223858539516564
2022-09-05 00:00:00+00:00,-0.0011319832664220678,-0.28520697621521374,-0.44623368176762196
2022-09-05 01:00:00+00:00,-9.91040560438803e-05,-1.8946886950444402,0.00887122707297311
2022-09-05 02:00:00+00:00,0.00014391000381808053,0.4364526891228435,-0.01301004426814447
2022-09-05 03:00:00+00:00,0.001081665490489429,0.6451256208596776,0.1606496804090751
2022-09-05 04:00:00+00:00,-0.0013706838523283782,0.3732865938600783,-0.056801942536145934
2022-09-05 05:00:00+00:00,0.008457552867661873,-8.88038970001716,0.5240767822356719
2022-09-05 06:00:00+00:00,-0.002744545404507503,2.013816681780948,-0.28366619735808873
2022-09-05 07:00:00+00:00,0.0016314862446110197,-3.765468722651256,0.17353679148591405
2022-09-05 08:00:00+00:00,0.0004014592119697032,0.49125995119210314,-0.048571052247826756
2022-09-05 09:00:00+00:00,0.00048302561962245436,-1.5111570098720848,-0.05696924342535282
2022-09-05 10:00:00+00:00,0.009215058024317253,-4.982437014783704,0.44210066606013504
2022-09-05 11:00:00+00:00,-0.0021210035423954226,2.541655172727458,-0.060174890138710836
2022-09-05 12:00:00+00:00,-0.002170943070059154,1.4601910667038258,0.18388778351228152
2022-09-05 13:00:00+00:00,0.0004557238018375692,1.4163762609348935,0.0837931392565608
2022-09-05 14:00:00+00:00,-0.007322641972699284,6.075382170761463,-0.6939944691794016
2022-09-05 15:00:00+00:00,-0.0029531636589768084,0.34329714976221415,0.615012353191242
2022-09-05 16:00:00+00:00,1.715876961196445e-05,-0.6725301443336618,0.4157440894636564
2022-09-05 17:00:00+00:00,-0.0011312737254989351,-1.8223672234425212,0.0847737375951282
2022-09-05 18:00:00+00:00,-0.0021485587367674397,-1.90979521934493,-0.10685555786893394
2022-09-05 19:00:00+00:00,0.0021964647397099933,-1.7465617417104704,0.2919905756988823
2022-09-05 20:00:00+00:00,-0.00917749151178616,4.454406092260362,0.6830765697013385
2022-09-05 21:00:00+00:00,-0.001117990413433173,0.8629421476201172,0.22963711350353147
2022-09-05 22:00:00+00:00,-0.004450091637366298,4.033911719956264,-0.27062315172298296
2022-09-05 23:00:00+00:00,-0.002512763526030476,2.8940752445820728,-0.28536595495259853
2022-09-06 00:00:00+00:00,-0.019901140611266376,15.482068464014553,-0.9917380301142664
2022-09-06 01:00:00+00:00,0.014358329382135784,-11.038407792565055,0.17711961862369693
2022-09-06 02:00:00+00:00,-0.005470535592180913,2.359823613556137,-0.639959874643266
2022-09-06 03:00:00+00:00,0.0059198814708965545,-2.1308369866768806,0.4649849496452658
2022-09-06 04:00:00+00:00,0.002256927244241723,-1.4021503470580952,-0.06156699020989552
2022-09-06 05:00:00+00:00,-0.009145946389796216,4.153862819570185,0.23516589971899862
2022-09-06 06:00:00+00:00,-0.0055693782734370055,2.9549261145646883,-0.8068176081249857
2022-09-06 07:00:00+00:00,0.006371483204940545,-2.523238596190747,0.15943416381868092
2022-09-06 08:00:00+00:00,-0.005258498124586031,1.999969814311464,0.2103930810580528
2022-09-06 09:00:00+00:00,0.007236975709884958,-2.468703643211171,0.17805095588767084
2022-09-06 10:00:00+00:00,-0.004606540420610773,2.306216292191096,-0.5993566594173488
2022-09-06 11:00:00+00:00,0.0003855956729656572,0.6780530151039573,1.6954224521029873
2022-09-06 12:00:00+00:00,0.009043183965772396,-4.414804469633765,-1.6497057554460135
2022-09-06 13:00:00+00:00,0.007077775849240587,-6.0908196679832125,0.017170585412281003
2022-09-06 14:00:00+00:00,-0.004587590217500262,3.996516841293429,0.03513381840510692
2022-09-06 15:00:00+00:00,-0.007559221557395085,2.088696468519113,-0.11309052557845739
2022-09-06 16:00:00+00:00,0.004855607334909278,-3.570811219566453,0.5587651491639852
2022-09-06 17:00:00+00:00,0.0502485309396382,-37.63819396412333,-0.8173575096774384
2022-09-06 18:00:00+00:00,0.017769727949115906,-9.808070113077443,0.39388381097362507
2022-09-06 19:00:00+00:00,0.0015073713667187248,-1.158447769293836,-0.10031637838431236
2022-09-06 20:00:00+00:00,-0.0026215820285164664,1.5978749905054357,0.09356968871447274
2022-09-06 21:00:00+00:00,0.002298190978126098,-0.9053588317079124,-0.014755939661456469
2022-09-06 22:00:00+00:00,-0.0012006559478283227,-0.1155680537760561,0.14540500899265063
2022-09-06 23:00:00+00:00,0.005753468900693812,-5.31825166674782,0.9289052428078908
2022-09-07 00:00:00+00:00,-0.0046516032136033015,1.8403378108075166,0.1889845084754804
2022-09-07 01:00:00+00:00,0.004085191858952661,-2.4049712625794184,-0.5572264497344803
2022-09-07 02:00:00+00:00,0.008893771297934871,-9.097376908515166,0.2150133419318665
2022-09-07 03:00:00+00:00,-0.009590188639905755,5.910237941017434,-0.32455005397406417
2022-09-07 04:00:00+00:00,-0.0024082659286351936,0.8348569880087795,0.09875049585931277
2022-09-07 05:00:00+00:00,-0.002159210859557503,-0.13937126980900866,-0.15304945159481184
2022-09-07 06:00:00+00:00,-0.0021396065668841664,1.3972093811296018,0.11623227383365405
2022-09-07 07:00:00+00:00,0.00012320511543819206,2.0495854238114584,-0.14583624319104044
2022-09-07 08:00:00+00:00,-0.005861523945355689,1.7343960031116812,-0.1680390525092182
2022-09-07 09:00:00+00:00,0.0022146648913184725,-1.1152950011092098,-0.09965994353337763
2022-09-07 10:00:00+00:00,0.0028433782839080773,-2.0015454633145335,-0.4998617086130675
2022-09-07 11:00:00+00:00,0.00025083909750447004,-0.10000124651006105,0.27054656209626815
2022-09-07 12:00:00+00:00,5.9656339657790195e-05,1.7795423882395334,-0.012596794218421473
2022-09-07 13:00:00+00:00,-0.003697415671333824,4.582190419400266,-0.28550892421046864
2022-09-07 14:00:00+00:00,-0.001864646658108408,3.049459085541106,-0.30635489173585556
2022-09-07 15:00:00+00:00,-0.003280419638286797,0.3890433937709596,0.5826978819293742
2022-09-07 16:00:00+00:00,-0.0014141091661880251,1.2773460386310136,-0.5663045025638119
2022-09-07 17:00:00+00:00,-0.009904825285323424,7.024651295283848,0.33241113361354013
2022-09-07 18:00:00+00:00,0.0011815374322560772,1.1399964156350466,-0.5145780772575316
2022-09-07 19:00:00+00:00,0.0033584732558215947,-1.2097740433496298,0.19269619351274772
2022-09-07 20:00:00+00:00,-0.012360695352666531,14.65208577159781,0.06615349928372002
2022-09-07 21:00:00+00:00,0.0014618722190463981,0.05569854357960802,-0.49002114836967314
2022-09-07 22:00:00+00:00,-0.0008330641872836707,-0.12623626815310057,0.20895325629551437
2022-09-07 23:00:00+00:00,-0.000669360023145944,-1.5551110708361155,0.3971630489072617
2022-09-08 00:00:00+00:00,0.0019426340438018271,-0.8097141910720028,-0.31668281243350194
2022-09-08 01:00:00+00:00,-7.613566399317499e-05,-2.8732584773288528,0.10056829118580281
2022-09-08 02:00:00+00:00,-0.0030304065682987187,3.8858612788847045,0.5963368000008642
2022-09-08 03:00:00+00:00,0.0016652526935136715,-1.331730649859679,-0.306762081442007
2022-09-08 04:00:00+00:00,9.377693881107206e-05,0.8439481021867307,-0.2230075450794588
2022-09-08 05:00:00+00:00,0.0015910779732743025,-0.8377767041952797,-0.20262344008169608
2022-09-08 06:00:00+00:00,0.000833860916323173,-1.264257480201855,-1.2515616560821987
2022-09-08 07:00:00+00:00,0.005869846583926212,-3.9753110101836433,0.06970697660326802
2022-09-08 08:00:00+00:00,-0.006550484686201823,3.2191329068493193,0.2459124367970961
2022-09-08 09:00:00+00:00,0.0033152545028982123,-1.6073282835850793,0.10600926963727197
2022-09-08 10:00:00+00:00,-0.006324367173770119,5.681218525569409,-0.4871919867926187
2022-09-08 11:00:00+00:00,0.0022865998722531814,-0.5016367208077268,-0.6214417342354827
2022-09-08 12:00:00+00:00,0.004560636525438057,-6.611053937204422,0.5227464294207268
2022-09-08 13:00:00+00:00,-0.005905674210132511,6.018336878214836,-0.814094017297553
2022-09-08 14:00:00+00:00,-0.011689462393526974,8.90352197983652,1.5857113179277942
2022-09-08 15:00:00+00:00,0.00950494140862711,-5.429178597777947,0.1884731539260929
2022-09-08 16:00:00+00:00,0.001965092011285816,-3.3828449931170645,-0.5894217244646607
2022-09-08 17:00:00+00:00,-0.0013181185276835634,1.465064594639248,-0.11283968456555002
2022-09-08 18:00:00+00:00,-0.00046334702763994656,0.8364847550482281,0.19115477581271098
2022-09-08 19:00:00+00:00,-0.005116066315322741,7.227516914516797,-1.4041514631091092
2022-09-08 20:00:00+00:00,0.0015252660670257625,-0.8125031378484597,-0.11949489174145923
2022-09-08 21:00:00+00:00,-0.0013601138875332063,-1.198788792976179,0.22207751138009021
2022-09-08 22:00:00+00:00,0.00018999341613963486,-0.5839207458376945,0.15961668025411402
2022-09-08 23:00:00+00:00,0.004767098147906983,0.9746770571094071,0.415359521243188
2022-09-09 00:00:00+00:00,-0.003333954537949923,5.025873619816549,-0.468246186364918
2022-09-09 01:00:00+00:00,0.002379370553890117,-1.1290931880636161,-0.015239172948768802
2022-09-09 02:00:00+00:00,-0.0019291331244041415,1.6269782401025064,0.25534941214016604
2022-09-09 03:00:00+00:00,-0.016284521875952744,11.21868129668258,0.34383951444178407
2022-09-09 04:00:00+00:00,-0.009799554878760101,7.638939121877404,0.193594320899197
2022-09-09 05:00:00+00:00,-0.001160834736382045,2.6367497309411694,0.5771381056704726
2022-09-09 06:00:00+00:00,-0.0004958654915223757,3.779189388206667,0.5688188575122543
2022-09-09 07:00:00+00:00,-0.00017939182304056495,-0.8850930257912252,-1.1189014571111526
2022-09-09 08:00:00+00:00,-0.0021622714161547403,8.738010318119281,-1.9733017362613414
2022-09-09 09:00:00+00:00,0.0022917159644049623,-2.2989388914856295,0.39707019489084716
2022-09-09 10:00:00+00:00,-0.0069852096757897445,5.015134335309018,0.053334383856340234
2022-09-09 11:00:00+00:00,-0.006943537664250106,-2.1736168929289663,-1.7591476342648455
2022-09-09 12:00:00+00:00,-0.004994388761999489,4.663572085517867,0.930545067063677
2022-09-09 13:00:00+00:00,0.0071965059011793895,-3.7548004826081254,0.380422828682411
2022-09-09 14:00:00+00:00,-0.0016638236588964945,1.8083695097823558,0.6632940722654618
2022-09-09 15:00:00+00:00,0.0007385193570842989,-1.4077493842833322,-0.7040942938964909
2022-09-09 16:00:00+00:00,-0.0008889269535430239,1.4407791838807256,-2.3142849759793576
2022-09-09 17:00:00+00:00,0.007305927956733153,-7.385909356024448,-0.9617054752896508
2022-09-09 18:00:00+00:00,0.004053454994413069,0.5565638833184364,1.1305665798980888
2022-09-09 19:00:00+00:00,-0.003068803199440672,3.838567295183615,0.09191697882948012
2022-09-09 20:00:00+00:00,0.0006763378569715574,2.5532442466695575,-0.5020628118767245
2022-09-09 21:00:00+00:00,0.0030019154727525138,-2.30581866782291,-0.443990261685646
2022-09-09 22:00:00+00:00,-0.008408475974128313,2.628312312002621,-0.391956383208973
2022-09-09 23:00:00+00:00,-0.0015072472578317008,1.5800895968674287,0.7701864123177069
2022-09-10 00:00:00+00:00,0.002176578200463476,0.8370605906542481,-0.22439842168221968
2022-09-10 01:00:00+00:00,-0.0031674376456777434,0.06059280857617693,-0.46468987332950235
2022-09-10 02:00:00+00:00,-0.003149899028711355,3.878151721099402,0.48722200609412475
2022-09-10 03:00:00+00:00,0.0019807754091650917,-4.3259154588900826,-0.30762066429026536
2022-09-10 04:00:00+00:00,-0.0004576426004843628,-0.6741284212842363,1.722020623991736
2022-09-10 05:00:00+00:00,-0.005593320716153016,3.857682626077314,0.08620836244342645
2022-09-10 06:00:00+00:00,-0.0022342489110423434,4.338776771935969,-0.5677323932803049
2022-09-10 07:00:00+00:00,0.014515710013913687,-13.359763288456676,-0.5902440226761683
2022-09-10 08:00:00+00:00,-0.004542422490471097,4.534309005873074,0.5238309909497146
2022-09-10 09:00:00+00:00,-0.002491847556696083,2.5395557364507577,-0.6086538056827752
2022-09-10 10:00:00+00:00,0.002580240549280922,-1.6555619899713514,-0.06762911702699453
2022-09-10 11:00:00+00:00,-0.0029467477133448745,0.4567179993367778,0.5151672421785733
2022-09-10 12:00:00+00:00,-0.0009780260370498715,1.1163820181202058,0.35904710883176366
2022-09-10 13:00:00+00:00,0.008154024928547613,-6.865153363146561,-0.31154735776382436
2022-09-10 14:00:00+00:00,-0.005218998814733614,1.5681402143519012,0.039431536564395075
2022-09-10 15:00:00+00:00,0.000995109757146738,0.2469304864483014,-0.015825250294832782
2022-09-10 16:00:00+00:00,0.00038768318946495744,3.6607738230122555,0.298685727318455
2022-09-10 17:00:00+00:00,0.005475813122308,-2.0092109649852237,1.5531277473143856
2022-09-10 18:00:00+00:00,-0.005304257970173165,3.8363660929409846,-0.684853837511571
2022-09-10 19:00:00+00:00,-0.0013458980339161178,2.0134138583409236,-0.014772067709614051
2022-09-10 20:00:00+00:00,0.0028230949465539103,-2.0416557431162756,0.3546338707704536
2022-09-10 21:00:00+00:00,-0.0036569944189245546,2.295785663964463,0.6984311716910129
2022-09-10 22:00:00+00:00,-0.007261899052984597,6.564593395443352,-1.4214558137850866
2022-09-10 23:00:00+00:00,0.0024172891748908292,-2.674687401223375,-0.16889328304514917
2022-09-11 00:00:00+00:00,0.0019352297810314822,-0.17314342046333542,0.19334766936098324
2022-09-11 01:00:00+00:00,0.002339458350362431,-1.767428282951086,-1.048388006951826
2022-09-11 02:00:00+00:00,-0.0009636574288808634,-2.1362260509304654,0.0099233084528832
2022-09-11 03:00:00+00:00,0.003115876509170051,0.25384325926387724,-0.5237344462989018
2022-09-11 04:00:00+00:00,-0.0008484529823763305,-0.3379398505226312,-0.4562803527888754
2022-09-11 05:00:00+00:00,0.0007111684401830615,-0.3027571441200094,0.8525440526766976
2022-09-11 06:00:00+00:00,0.002722691346873104,-5.442159781215053,0.27205063246978145
2022-09-11 07:00:00+00:00,-0.0054100715868123615,6.341292343005021,-1.9595091065422248
2022-09-11 08:00:00+00:00,-0.001247148489068712,0.526115701741712,-0.2083513208505206
2022-09-11 09:00:00+00:00,0.001286995760202253,-1.9277042432530718,-1.5122972156416679
2022-09-11 10:00:00+00:00,-0.0003832088842179472,0.6094939892333396,0.6361605484264409
2022-09-11 11:00:00+00:00,-0.0028876629667814453,3.2263404670173963,-2.3397925253979635
2022-09-11 12:00:00+00:00,0.001863732209690027,-0.19667812968002185,1.4236390354726922
2022-09-11 13:00:00+00:00,0.004498311234383176,-1.8236868837426379,1.1391701631654878
2022-09-11 14:00:00+00:00,0.0012310801120762852,-1.2620987149850298,0.2058148448617567
2022-09-11 15:00:00+00:00,-0.0016375247350720059,2.600376655095218,-0.48353779211769826
2022-09-11 16:00:00+00:00,-0.001376829783866019,6.044777402949821,-1.6750142948861386
2022-09-11 17:00:00+00:00,0.0011906201118370722,-2.450957007360499,0.6644214143969945
2022-09-11 18:00:00+00:00,0.00036964496224802684,-3.562917826366392,-0.5113727491688445
2022-09-11 19:00:00+00:00,-0.005084195549835845,1.1110937671491703,0.06152833700258575
2022-09-11 20:00:00+00:00,-0.004809848864481254,-2.209002999514064,0.6478931537858766
2022-09-11 21:00:00+00:00,-0.00928734128153443,-9.427220035506751,-0.5164500638451883
2022-09-11 22:00:00+00:00,0.00260831710743198,6.230136683809424,0.40195369652653584
2022-09-11 23:00:00+00:00,0.0012494876007718618,4.907126072668211,-0.7246421672733665
2022-09-12 00:00:00+00:00,0.0005482992645231804,-10.65701982572365,0.2985132452903362
2022-09-12 01:00:00+00:00,-0.004926598486026994,18.190436309137226,0.532748131562838
2022-09-12 02:00:00+00:00,0.004235687748093933,-11.768691002073771,-0.4552739075490756
2022-09-12 03:00:00+00:00,0.002628264673601004,-4.690713803971886,-0.2166285000899711
2022-09-12 04:00:00+00:00,-0.0005641622944315,2.3153552309494905,0.00048599517297915826
2022-09-12 05:00:00+00:00,-0.000996637437595823,0.6395778526564815,-0.5238044196752478
2022-09-12 06:00:00+00:00,-4.721266413075717e-05,1.4835857867957536,0.3467070612668927
2022-09-12 07:00:00+00:00,-0.004018418496772514,6.219525211299983,0.5291563470439189
2022-09-12 08:00:00+00:00,0.0004012111391585919,6.33671908103092,-0.2465763858764718
2022-09-12 09:00:00+00:00,0.0015409720601986092,1.1090709660371534,0.8998882799374315
2022-09-12 10:00:00+00:00,3.826703780941011e-05,2.488380097271989,-0.18271470977867257
2022-09-12 11:00:00+00:00,-0.0020496257880190517,-0.19486941688284332,-0.22123107844375808
2022-09-12 12:00:00+00:00,0.000744366079237756,0.7831328857010305,-0.15509520407587515
2022-09-12 13:00:00+00:00,-0.0022429443291303495,-0.0756009015384191,-0.18582765056328707
2022-09-12 14:00:00+00:00,0.002037340929498072,-4.414591302137033,-0.12008597240894979
2022-09-12 15:00:00+00:00,0.008820931360961423,-11.267288771969403,-0.2850344969863302
2022-09-12 16:00:00+00:00,0.00164718652967466,-1.0267660980620756,0.016424245001576708
2022-09-12 17:00:00+00:00,-0.004849556404508636,5.102379388432537,-0.6628452141662331
2022-09-12 18:00:00+00:00,-0.007380977806813077,-0.20480940432275913,0.3805892831623354
2022-09-12 19:00:00+00:00,-0.0011038078251867883,1.02387652161097,-0.22293595813300723
2022-09-12 20:00:00+00:00,-0.005595354424313312,2.0003986796861284,0.15126903834769956
2022-09-12 21:00:00+00:00,0.0012399717286446196,-4.559894095239474,-0.6164205047967672
2022-09-12 22:00:00+00:00,0.0007707320711559691,-1.1820951335426682,0.2592042315741836
2022-09-12 23:00:00+00:00,-0.004032509380102995,2.660561189047611,0.47093610750089565
2022-09-13 00:00:00+00:00,0.009933877434667603,-8.848146941003348,-0.747693005883034
2022-09-13 01:00:00+00:00,-0.0026151350943586183,-0.35762096953107503,0.13282234486516806
2022-09-13 02:00:00+00:00,-0.005840894381569025,6.373546829078849,-1.0106983344434903
2022-09-13 03:00:00+00:00,-0.0030446668966215107,2.728007206363217,0.28301673707576636
2022-09-13 04:00:00+00:00,-0.002328952770581758,-2.258945553100521,0.15048339459567206
2022-09-13 05:00:00+00:00,-0.007057200595360558,1.7279736053900185,-0.14945501295346825
2022-09-13 06:00:00+00:00,0.00018833566453701602,-0.8051698289240392,0.0975114142015804
2022-09-13 07:00:00+00:00,0.0018287374747092732,4.199496722023254,0.7585095734382626
2022-09-13 08:00:00+00:00,0.0020266427325239035,-2.775910697587744,-0.9215877144913807
2022-09-13 09:00:00+00:00,-0.004441464744519469,-0.4787972905234399,0.019496788471068317
2022-09-13 10:00:00+00:00,-0.00629356148790422,4.506494396813074,0.1995387262142279
2022-09-13 11:00:00+00:00,0.0019963424155030026,2.9992761102996535,0.4501146569954887
2022-09-13 12:00:00+00:00,0.03308801232907504,-36.54881185196024,0.5204183762746162
2022-09-13 13:00:00+00:00,0.009526689284136922,-3.789229850069635,-0.775194495188256
2022-09-13 14:00:00+00:00,0.022478471995525853,-4.399113171087031,-0.47382667470731527
2022-09-13 15:00:00+00:00,0.00335455334936464,-0.5704682688600933,-0.2777883825528986
2022-09-13 16:00:00+00:00,-0.0034478711789363544,2.539023011213882,0.24438858572487687
2022-09-13 17:00:00+00:00,0.0028556815254714586,0.22159291611117132,-0.1907755843543034
2022-09-13 18:00:00+00:00,0.029016863692210657,-10.348233889620717,0.7798689651886911
2022-09-13 19:00:00+00:00,-0.0027592526324836508,3.8204116650330433,-0.5817363394471634
2022-09-13 20:00:00+00:00,0.00821963976628382,-1.0825440043408396,-0.4248334250761006
2022-09-13 21:00:00+00:00,0.000738361744922217,-1.869590439141527,-0.29167671089185726
2022-09-13 22:00:00+00:00,0.0021862164270793835,-3.4355865281028737,-0.8298093446712848
2022-09-13 23:00:00+00:00,0.0010818990933365192,-3.218169119279152,0.3661099942994857
2022-09-14 00:00:00+00:00,-0.004800871713898872,3.3784136206709694,0.025635107020797167
2022-09-14 01:00:00+00:00,0.002172918437560107,2.2491888163735028,0.27280815273313697
2022-09-14 02:00:00+00:00,-0.009350134580857674,3.6584854214264193,-0.3593888368533932
2022-09-14 03:00:00+00:00,-2.8330863886978014e-05,-0.17331624708931648,-0.3783957772021609
2022-09-14 04:00:00+00:00,-0.002156791336328291,2.6950454574056284,-0.4664591073417368
2022-09-14 05:00:00+00:00,0.003769119884848445,-2.423306342389827,-0.9783492810304641
2022-09-14 06:00:00+00:00,0.010845502369204363,-3.1867989302421877,-0.6819046116036901
2022-09-14 07:00:00+00:00,0.003994802103501326,-0.2881968496633282,3.1827753505053895
2022-09-14 08:00:00+00:00,-0.009996053316227861,2.41307474090935,-0.8886147557123872
2022-09-14 09:00:00+00:00,0.0009601291397979706,-0.23513286517644708,0.5564360404440245
2022-09-14 10:00:00+00:00,1.556621617059966e-05,0.6315147169611162,0.1568401968694664
2022-09-14 11:00:00+00:00,0.003173174654881794,-3.508835959104635,0.3324594770251687
2022-09-14 12:00:00+00:00,-0.007165664423284586,4.076598865677838,-0.0027246857514368165
2022-09-14 13:00:00+00:00,-0.008239550631576232,-0.7820178929868201,0.5267445751840132
2022-09-14 14:00:00+00:00,-0.001748211167337945,-0.46253901981941353,-0.9988722266845504
2022-09-14 15:00:00+00:00,0.002837658372823445,-2.0009385905001422,-0.6396675613579652
2022-09-14 16:00:00+00:00,0.003601355848114332,-2.914672954282198,-0.09012440379412064
2022-09-14 17:00:00+00:00,0.0005201384869206622,0.38395572974610864,0.29154296136217384
2022-09-14 18:00:00+00:00,0.010277677085914583,-4.672458789571869,0.7359125800302271
2022-09-14 19:00:00+00:00,-0.008797181974067937,5.090935201501837,0.23799666616500129
2022-09-14 20:00:00+00:00,0.003297730708340478,-0.11947987841135646,-0.07809540495513345
2022-09-14 21:00:00+00:00,-0.006698305865148987,5.795649712287656,1.7294400604689604
2022-09-14 22:00:00+00:00,-0.002643219006969371,2.1717028079279737,0.23096228070660463
2022-09-14 23:00:00+00:00,0.00037490006957574307,-0.7950035606550139,-0.1805449194695883
2022-09-15 00:00:00+00:00,0.006370056703279315,-4.782718724190605,-0.8395646006729457
2022-09-15 01:00:00+00:00,0.0009259774627501733,-1.024370944522369,1.4160238232713975
2022-09-15 02:00:00+00:00,0.008989270385824843,-5.801347923898928,0.9644868417903177
2022-09-15 03:00:00+00:00,0.0014836593714409336,-3.848743177380338,0.9333602523028046
2022-09-15 04:00:00+00:00,-0.001230100424650095,-0.4851887873371731,0.4640799337459821
2022-09-15 05:00:00+00:00,-0.009364503192039988,5.713007817075523,1.543120476658868
2022-09-15 06:00:00+00:00,-0.0036152692395318964,4.558846196460053,9.78186145452828
2022-09-15 07:00:00+00:00,-0.0055354064532522835,6.14522519144238,-7.328392249405676
2022-09-15 08:00:00+00:00,0.003677286180129627,-5.838177224997469,-3.394603107573772
2022-09-15 09:00:00+00:00,-0.0037286564005272783,-1.0298741220363077,-0.6952996643198692
2022-09-15 10:00:00+00:00,0.007842079279772646,-2.453824288473686,0.6362864155469549
2022-09-15 11:00:00+00:00,4.397306752168357e-05,2.543711877233367,-0.3079106471312202
2022-09-15 12:00:00+00:00,-0.003391556536590128,1.0478926738098557,0.9516168241811626
2022-09-15 13:00:00+00:00,0.0004904528592078669,-0.594287244223755,0.283110718276479
2022-09-15 14:00:00+00:00,0.02593367431137276,-15.346391715031663,1.3676963577127534
2022-09-15 15:00:00+00:00,0.009085726204863405,1.3644705258585001,0.028549281998092913
2022-09-15 16:00:00+00:00,0.007813548622371023,4.138424445781695,-1.4056598234059219
2022-09-15 17:00:00+00:00,-0.0004050595433765025,0.4111519938018343,0.6565523472482804
2022-09-15 18:00:00+00:00,0.006989146554495721,-1.6499838419859203,-0.41376289995801807
2022-09-15 19:00:00+00:00,-0.002381549771475852,0.9354502503760748,-1.1825599570034768
2022-09-15 20:00:00+00:00,-0.0035554034298019154,2.6776912159752557,0.24312061878253516
2022-09-15 21:00:00+00:00,0.0035872172667013847,-2.0053392285352962,1.1119116586627564
2022-09-15 22:00:00+00:00,0.005001113988050614,-5.0679828196876935,0.270154678930639
2022-09-15 23:00:00+00:00,0.000758627063881641,-0.5995141033950335,-0.11848322465171886
2022-09-16 00:00:00+00:00,-0.005446771910901216,4.143748743073296,-0.1963983581089374
2022-09-16 01:00:00+00:00,0.0059958419686337305,-3.2023496725738014,6.520205934986562e-05
2022-09-16 02:00:00+00:00,0.005116273936592798,-1.5463480118531803,-0.24131382345384816
2022-09-16 03:00:00+00:00,0.004396057474421625,3.049218650083594,-0.47311586972522773
2022-09-16 04:00:00+00:00,0.0036822333117408172,0.13911073415766073,0.3930624316822553
2022-09-16 05:00:00+00:00,-0.00037588765391553586,0.11378005362100857,0.4255216209045166
2022-09-16 06:00:00+00:00,-0.0018449964435251298,-0.23569672150941087,-0.4423759749019932
2022-09-16 07:00:00+00:00,-0.003339419198387004,-1.0408401742838385,-0.4038599363015787
2022-09-16 08:00:00+00:00,-0.014075075777825241,-6.587662388231568,0.39457238452916554
2022-09-16 09:00:00+00:00,0.006847848539026014,5.711168959602806,-1.0423245406588448
2022-09-16 10:00:00+00:00,0.007015769362985446,3.464924799265749,0.37592702574919795
2022-09-16 11:00:00+00:00,0.0035015752287569086,4.008042097687966,-0.20425600924309326
2022-09-16 12:00:00+00:00,-0.01334769474706755,-6.027878186490922,-0.35514484787915385
2022-09-16 13:00:00+00:00,-0.005923817030131347,-6.473150778910951,-0.9936592689830563
2022-09-16 14:00:00+00:00,0.008156467171372583,5.821635112153771,-0.6509162023661195
2022-09-16 15:00:00+00:00,-0.00027848827163128265,1.6579232940398545,-0.5561906314243992
2022-09-16 16:00:00+00:00,-0.006650826795072494,-5.25554102243476,0.48270979341822073
2022-09-16 17:00:00+00:00,0.0003919368935758597,-1.6234490286229928,-1.8885781510327486
2022-09-16 18:00:00+00:00,0.00512718982599259,2.014843918451561,0.20777006573247953
2022-09-16 19:00:00+00:00,0.0038464075872589173,2.1671340057664645,0.0230508417582185
2022-09-16 20:00:00+00:00,0.0008244404642024851,4.44105247610288,-0.05400272847297596
2022-09-16 21:00:00+00:00,0.0020303340041119195,-0.24272292583383062,-0.07394660913556533
2022-09-16 22:00:00+00:00,-0.0013223597140522825,0.12867930291379848,1.7340693750235958
2022-09-16 23:00:00+00:00,-0.001840080047585929,1.856759322844058,0.09007175185025428
2022-09-17 00:00:00+00:00,0.0001224140776466834,3.669666995569145,-1.0592158153278262
2022-09-17 01:00:00+00:00,0.008775277139802366,2.304531102283623,-0.007775705946369515
2022-09-17 02:00:00+00:00,-0.00320876633793506,-2.2206019938675254,0.15334142941705362
2022-09-17 03:00:00+00:00,0.00038912884147712147,-0.01620023431677112,0.0039556421454864914
2022-09-17 04:00:00+00:00,0.0029422145429697775,1.3948504171520535,-0.8089627159060447
2022-09-17 05:00:00+00:00,-0.006352102135539428,-2.52035393119597,0.6770616957404272
2022-09-17 06:00:00+00:00,0.0012420027717669896,0.2454262777080344,0.012390955853262988
2022-09-17 07:00:00+00:00,0.0011433627095238455,1.4050709146924354,0.31897884947856686
2022-09-17 08:00:00+00:00,0.009040307489049151,0.9918709693088931,0.3496823511691327
2022-09-17 09:00:00+00:00,-0.00955769481611575,-0.1420131089139675,-0.179310168698026
2022-09-17 10:00:00+00:00,-0.0034473727495416264,-1.2109807815087081,-0.07531967555151434
2022-09-17 11:00:00+00:00,0.0014557626929728078,-1.5832317175731665,-0.08103248613065378
2022-09-17 12:00:00+00:00,0.00208719342159217,2.8647120769258327,-0.8784554592612719
2022-09-17 13:00:00+00:00,5.6287690887451854e-05,1.6360664560093698,1.2024811651500191
2022-09-17 14:00:00+00:00,0.009369694102727142,4.577306128980164,-0.19809638596354257
2022-09-17 15:00:00+00:00,-0.0049099892061957385,-0.0036285256699424076,0.3239261480802701
2022-09-17 16:00:00+00:00,0.006354865231308183,4.283864210634545,-0.6533150946314419
2022-09-17 17:00:00+00:00,-0.0004806675563157786,-0.5443025285859225,-0.012363972690334228
2022-09-17 18:00:00+00:00,-0.0032731917972575442,-0.8371768949105118,-0.6208473409289462
2022-09-17 19:00:00+00:00,0.00194095870053375,-0.19323333957752986,-0.1257230545286452
2022-09-17 20:00:00+00:00,1.0749120412242634e-05,2.0122806083976186,-0.30136031223554927
2022-09-17 21:00:00+00:00,-0.0018565841477344639,-0.7782172945660057,0.30258711376676284
2022-09-17 22:00:00+00:00,0.0046566321782247596,2.6067505572063054,-0.3877268953402697
2022-09-17 23:00:00+00:00,-0.0006496982320307426,1.4212513666072952,0.04126890424527708
2022-09-18 00:00:00+00:00,-0.0019550858138506913,-5.161566881586844,0.23286687434412043
2022-09-18 01:00:00+00:00,0.0011241404859164063,1.0274781841801266,0.6065808474946157
2022-09-18 02:00:00+00:00,0.0006238231256870502,0.7793879507958738,-0.21341324109055923
2022-09-18 03:00:00+00:00,-0.001028110798470164,-1.9386846679063017,0.22383239162774715
2022-09-18 04:00:00+00:00,-0.0015974294615504804,1.8391666144030643,0.26344506825431546
2022-09-18 05:00:00+00:00,0.0003963951972548275,2.1266977788814136,-0.7436869694557944
2022-09-18 06:00:00+00:00,0.0008273940538533761,-0.9659023404734869,-0.41481329904347614
2022-09-18 07:00:00+00:00,0.0020652013805049136,0.1112560357151784,-0.02469660483432189
2022-09-18 08:00:00+00:00,-0.00459840491409537,0.6185947719854441,-0.45087227312084144
2022-09-18 09:00:00+00:00,-0.001681097443920655,-11.151977922701068,-0.2048568389929974
2022-09-18 10:00:00+00:00,0.0008715576763453666,2.5359643410259496,0.016216821906188852
2022-09-18 11:00:00+00:00,0.003153453092303962,0.7473630229946878,-0.045907973290521986
2022-09-18 12:00:00+00:00,-0.0035726779502499037,2.4388982961736017,0.0990750742103966
2022-09-18 13:00:00+00:00,0.000748347940989277,-0.8706655783491902,-0.08479927355592053
2022-09-18 14:00:00+00:00,-0.0007130480035902212,-5.967988766144834,-0.007061754119564223
2022-09-18 15:00:00+00:00,0.0028278175790235494,-0.3115032640616825,0.27777449093827256
2022-09-18 16:00:00+00:00,0.0003806773158635887,-3.8476257306319717,-0.8069032515743217
2022-09-18 17:00:00+00:00,-0.0005444806166056288,-6.469486714745744,0.4236727242143735
2022-09-18 18:00:00+00:00,-0.0012925473720087767,1.433563992821725,0.22487410174668465
2022-09-18 19:00:00+00:00,-0.0005727141376595898,1.3743230143125427,0.04229805927031083
2022-09-18 20:00:00+00:00,0.0009428071300347749,-4.0530372826417755,0.13431327016296693
2022-09-18 21:00:00+00:00,0.0038137420138753047,-19.16287392770146,-3.947562528624532
2022-09-18 22:00:00+00:00,0.0007627346374460029,-0.7431023299841905,-0.25003585440726334
2022-09-18 23:00:00+00:00,0.0025848906406091506,-3.960206684419996,-0.9633489103942963
2022-09-19 00:00:00+00:00,-0.0016506755790092992,6.310506851086687,1.5932105460670691
2022-09-19 01:00:00+00:00,-7.760878851990641e-05,-0.3475215777496338,-1.294840120579333
2022-09-19 02:00:00+00:00,0.006876228572291753,-16.17426720799701,-0.0748492439114451
2022-09-19 03:00:00+00:00,0.0023007362075954225,-0.7619755637070593,1.673628285524376
2022-09-19 04:00:00+00:00,-0.00402513791472582,4.832052473227294,-0.48926995339104007
2022-09-19 05:00:00+00:00,0.0070712303247450975,-4.78187044703441,0.3849963889172498
2022-09-19 06:00:00+00:00,-0.003165993849032284,-2.691171820019916,-0.22547690604396375
2022-09-19 07:00:00+00:00,-0.002878475080224974,3.746215345153185,-0.05002000672591725
2022-09-19 08:00:00+00:00,0.0016266697708329537,-4.7825824288770615,-0.24374249939769815
2022-09-19 09:00:00+00:00,-0.0008570065572978249,2.385011994528983,-0.24391496560384185
2022-09-19 10:00:00+00:00,0.0016567090192804294,8.773683824727213,-0.041143725017807026
2022-09-19 11:00:00+00:00,1.2124840550236972e-05,-1.5207048507767305,0.17728149132654436
2022-09-19 12:00:00+00:00,0.007988879565988514,4.906893049267177,-0.51069632569928
2022-09-19 13:00:00+00:00,0.009699031853475842,7.052349621874455,-0.48928728207868133
2022-09-19 14:00:00+00:00,0.00621987176405899,2.4277396637570066,-0.1493974706670508
2022-09-19 15:00:00+00:00,-0.009355034844665676,-3.6974866026535715,-0.6061742496934062
2022-09-19 16:00:00+00:00,-0.005718482795727939,3.4680301108779696,0.2531781387432119
2022-09-19 17:00:00+00:00,0.006289244962176978,-6.148214476794249,2.2693330919698425
2022-09-19 18:00:00+00:00,-0.005563717073547271,5.968730654255181,-0.3630005516661018
2022-09-19 19:00:00+00:00,-0.0008472358917217245,6.4608396315489465,-0.5747438669849076
2022-09-19 20:00:00+00:00,-0.0011148142524239027,-1.9293689808268026,-0.8794670144816665
2022-09-19 21:00:00+00:00,-0.0018305045271370724,1.5958610623202965,-0.09533838917098748
2022-09-19 22:00:00+00:00,-0.0009855487320020128,2.3752592741656025,-0.17025045597104255
2022-09-19 23:00:00+00:00,0.0024956679090702726,-1.4921685350605305,0.3253342960402136
2022-09-20 00:00:00+00:00,-0.018286841904041055,-1.3450202784434517,-0.8874000783519155
2022-09-20 01:00:00+00:00,-0.004090544373978144,-1.1799021980548139,1.1724162711318997
2022-09-20 02:00:00+00:00,0.0025116227299769828,1.9826175933678534,-0.43230259148257477
2022-09-20 03:00:00+00:00,0.0057722156076652435,-2.5191574626095212,-0.435701053589192
2022-09-20 04:00:00+00:00,0.002264828255067916,-0.8499548463659321,0.4952522039538619
2022-09-20 05:00:00+00:00,0.001008287156626997,0.1910894911808405,-0.6948253179133118
2022-09-20 06:00:00+00:00,-0.005816982259760864,1.5290374154384279,-0.015213670115412352
2022-09-20 07:00:00+00:00,0.00022542605105418806,-0.693766667289168,0.16232211801185772
2022-09-20 08:00:00+00:00,0.0026390992293594184,-1.1151472250092784,0.16573992900726947
2022-09-20 09:00:00+00:00,0.006946799254920949,-3.895328660259248,0.7055599065857097
2022-09-20 10:00:00+00:00,-0.0040408797644074235,2.532450219250967,0.34728587502370734
2022-09-20 11:00:00+00:00,0.00516170893290532,-1.5802591615634651,0.14554483028829748
2022-09-20 12:00:00+00:00,0.0010217022205760364,-1.9980558258168193,1.267619181482075
2022-09-20 13:00:00+00:00,0.0005095774175150409,-3.5009111125416554,-0.6168303254562806
2022-09-20 14:00:00+00:00,-0.008915608231507546,7.007033760210138,1.1364298545208662
2022-09-20 15:00:00+00:00,-0.004684307394536844,4.893391780262414,1.8248075704916586
2022-09-20 16:00:00+00:00,0.002439962479704786,-3.7414381295448296,0.45049234655803116
2022-09-20 17:00:00+00:00,0.011949263804918092,-10.303867993623257,-0.19153337853181865
2022-09-20 18:00:00+00:00,-0.004142197892733103,4.456156740903441,-0.2613062821353718
2022-09-20 19:00:00+00:00,0.0024911402800270035,1.1334379906055836,0.15810869741214645
2022-09-20 20:00:00+00:00,0.0042413345611922925,-2.09609387956987,-0.4003310069710655
2022-09-20 21:00:00+00:00,0.0021656061967311574,-3.785249274188843,0.8612655328508728
2022-09-20 22:00:00+00:00,-0.00012256340815221668,2.6127442591665595,-0.3166953964501986
2022-09-20 23:00:00+00:00,-0.009382848039013056,-2.2052838632084937,0.2767029651561385
2022-09-21 00:00:00+00:00,0.003347286501275629,4.28061892901899,-0.11498613424322043
2022-09-21 01:00:00+00:00,0.005925223528473039,-3.6123017578375567,-0.13513210850350352
2022-09-21 02:00:00+00:00,-0.006171821649704551,3.006647140718212,0.4318107389813428
2022-09-21 03:00:00+00:00,-0.0006840522341083749,-0.47786464180863364,-0.032267025893441145
2022-09-21 04:00:00+00:00,-0.0050125465789508244,1.8903835327166938,0.7560616855161745
2022-09-21 05:00:00+00:00,0.0037099379020841556,-3.8592312014346346,-0.34762058453969336
2022-09-21 06:00:00+00:00,0.01570286122533089,-7.132533341818782,-0.9145997495386682
2022-09-21 07:00:00+00:00,0.0017631106856643205,2.0942057104976426,0.7629843479604416
2022-09-21 08:00:00+00:00,-0.0034610781236234104,-0.6023526654194549,0.13996798676100802
2022-09-21 09:00:00+00:00,0.004807586033165062,4.000342875474172,-0.42463153512982266
2022-09-21 10:00:00+00:00,-0.004750927242666923,3.6454604544323868,-0.6894610601370428
2022-09-21 11:00:00+00:00,0.0016254778054600088,2.032527911519819,-0.15377681837447135
2022-09-21 12:00:00+00:00,-0.002723435991056059,2.152038166395222,0.0247090587469814
2022-09-21 13:00:00+00:00,0.00013094584317481492,-0.6902629797466908,-0.15989245201509375
2022-09-21 14:00:00+00:00,0.001717197541227854,-2.9584361582947016,-0.20096744199336086
2022-09-21 15:00:00+00:00,-0.0020068357264285555,-2.0507363690959655,1.348558190580488
2022-09-21 16:00:00+00:00,-0.0043738822443765745,1.229750623250704,0.2993107432924376
2022-09-21 17:00:00+00:00,-0.00940682017755433,12.282403723999417,-0.131440802125397
2022-09-21 18:00:00+00:00,-0.0059730622078240205,12.51170789703642,1.5475475151856188
2022-09-21 19:00:00+00:00,0.008809816462299336,-21.415567050769866,0.1804544720012739
2022-09-21 20:00:00+00:00,1.560493651020069e-05,-3.770927334166242,0.16776094218441312
2022-09-21 21:00:00+00:00,0.0026779307269348186,-16.91254770915639,1.1322098386778228
2022-09-21 22:00:00+00:00,0.00494439071566736,-1.5812741798869112,-0.2687959593069051
2022-09-21 23:00:00+00:00,0.002711043872919783,2.3740808094428787,-0.05256098193489408
2022-09-22 00:00:00+00:00,0.0017658598936030492,-0.5760407686759831,0.4241101251307625
2022-09-22 01:00:00+00:00,-0.003879790275955451,5.698597656481362,-0.27997457059410963
2022-09-22 02:00:00+00:00,0.00017625253796703524,3.8582518807649695,-0.9250290348780593
2022-09-22 03:00:00+00:00,0.0013367667204216777,-1.7473019207438323,-0.16594894640836239
2022-09-22 04:00:00+00:00,0.00035208448082145954,1.9772411730210824,0.6227277042837204
2022-09-22 05:00:00+00:00,0.00017282220471849638,0.25095008218618065,0.5735066463640399
2022-09-22 06:00:00+00:00,-0.0022594365181337023,2.1933084299167365,-0.4366099085411364
2022-09-22 07:00:00+00:00,-0.0034906938330170546,6.633363960713008,-0.12261663166965911
2022-09-22 08:00:00+00:00,-0.005172768450629757,5.519578503190803,0.47184570282009564
2022-09-22 09:00:00+00:00,0.00023186364700061618,0.1805062243226904,0.5298692674663161
2022-09-22 10:00:00+00:00,-9.833062893870712e-05,0.7812125041902448,-0.5914393378335525
2022-09-22 11:00:00+00:00,-0.0031122733897219553,3.734169788309287,0.3535328364977035
2022-09-22 12:00:00+00:00,0.005833474648126133,-0.4194467956477592,0.22458908472217404
2022-09-22 13:00:00+00:00,-0.004791869973415877,-9.770114747732917,0.54147661204737
2022-09-22 14:00:00+00:00,0.00033953033946110636,-1.2834293903207403,0.5764449015337211
2022-09-22 15:00:00+00:00,0.00026666501293016776,3.6240226097691046,0.28927698480911507
2022-09-22 16:00:00+00:00,-0.001124653032575172,3.409411552298165,1.171157668980897
2022-09-22 17:00:00+00:00,0.0021250783027919485,1.1811915189530175,0.5877192061830111
2022-09-22 18:00:00+00:00,0.004765479906745206,1.3321953277553922,-0.37124189063278235
2022-09-22 19:00:00+00:00,0.008872667778372152,4.868172391091055,0.1125057980490547
2022-09-22 20:00:00+00:00,0.00141361407974079,-1.1195340047622562,-1.1058825800195
2022-09-22 21:00:00+00:00,-0.007694119778925442,-2.4737407692078524,0.45399512879241266
2022-09-22 22:00:00+00:00,0.004647710152559016,5.604670942483461,-0.13152890034115197
2022-09-22 23:00:00+00:00,0.001815439918702958,0.6137886079755578,-0.2516303099065879
2022-09-23 00:00:00+00:00,-0.000436546250003935,-2.1365160161027936,0.0005420347767060296
2022-09-23 01:00:00+00:00,0.004255019643474077,4.59291909467819,-0.09865345139431705
2022-09-23 02:00:00+00:00,-0.0049157792713750564,-1.7725903152645586,0.652189604689543
2022-09-23 03:00:00+00:00,-0.002556032427277007,8.625644981580608,0.8855304169197689
2022-09-23 04:00:00+00:00,0.002328749066303365,0.5934668180012039,-1.0154149388654712
2022-09-23 05:00:00+00:00,0.0036838664252666323,-0.2993870451289071,0.38854165642616867
2022-09-23 06:00:00+00:00,-0.0010420708733367512,0.26959179680209727,-0.334065036840541
2022-09-23 07:00:00+00:00,0.0033812333377876646,-8.146218546565677,-0.19790059464128637
2022-09-23 08:00:00+00:00,0.012285682020848794,-6.460446857122299,0.2725033764821147
2022-09-23 09:00:00+00:00,-0.002920947578332927,2.4034033825317187,0.1415064344450178
2022-09-23 10:00:00+00:00,0.006158582815737,-5.481370472758105,-0.2588649108307577
2022-09-23 11:00:00+00:00,0.0017669576126189692,-2.3481014460020635,0.09456973953903453
2022-09-23 12:00:00+00:00,-0.0007175450988306203,2.8318613001010213,0.4194580565651258
2022-09-23 13:00:00+00:00,0.005835509590273937,-9.427121732261654,-0.6484782312745386
2022-09-23 14:00:00+00:00,-0.006943858106554024,3.1416751715131976,0.2223777419218823
2022-09-23 15:00:00+00:00,-0.0004262838296333446,4.310979442427975,0.5892188893295164
2022-09-23 16:00:00+00:00,8.073328893007529e-05,-0.16790882067363652,0.050730062215417766
2022-09-23 17:00:00+00:00,0.0035158589836707162,1.3213437707262088,0.40861708929903884
2022-09-23 18:00:00+00:00,0.0024626160001392948,-4.496364664704601,-0.2781620242609576
2022-09-23 19:00:00+00:00,-0.006212285158471605,8.88772661815205,0.5372886977853777
2022-09-23 20:00:00+00:00,-0.00430231343948454,6.761240891335988,1.2394242550146024
2022-09-23 21:00:00+00:00,-0.0069931929376728635,6.332226609849636,-0.6289909268871108
2022-09-23 22:00:00+00:00,0.017059256008412536,3.920448718138148,-0.7137808685141291
2022-09-23 23:00:00+00:00,-0.00242001930393534,-1.830152069578723,-0.33544586652619657
2022-09-24 00:00:00+00:00,-0.007306076954938565,-0.4147309675190377,0.8281418204088135
2022-09-24 01:00:00+00:00,-0.0016712101089898406,2.589454820112173,0.126825678294485
2022-09-24 02:00:00+00:00,0.0006355542195827671,-0.03656299058391025,-0.4063705149271261
2022-09-24 03:00:00+00:00,-0.00010418934479546894,-1.157039861166572,-0.06506001085393508
2022-09-24 04:00:00+00:00,0.002020262440205652,2.681740082514072,-0.17213773913061664
2022-09-24 05:00:00+00:00,-0.001348063545004934,0.9084587789233455,-0.6679502758785602
2022-09-24 06:00:00+00:00,-0.0029587147988092317,-1.8692350164535776,0.7633304539020471
2022-09-24 07:00:00+00:00,-0.004438676971297621,-4.374960740730075,-0.32859100359524535
2022-09-24 08:00:00+00:00,0.004348691139081534,4.028437523205488,-0.14196878230531393
2022-09-24 09:00:00+00:00,-0.0027178526501704667,-0.8945989421459021,-0.09096255977477868
2022-09-24 10:00:00+00:00,0.0006987706510367621,-0.05566599267219831,-0.01134436747206117
2022-09-24 11:00:00+00:00,0.0008556732183011046,-0.6032506637673137,-0.11453708784814856
2022-09-24 12:00:00+00:00,0.005119893518573139,2.110871645965791,-0.0038018565873881305
2022-09-24 13:00:00+00:00,-0.0017927975120154563,-0.18053265947712074,-0.10054067084882135
2022-09-24 14:00:00+00:00,-0.0017065797950406702,-1.6600163521115974,-0.2264461116596608
2022-09-24 15:00:00+00:00,0.0018830368981118894,0.7769513136816194,0.6156573404154916
2022-09-24 16:00:00+00:00,-0.001249089364628509,-1.0300508306524994,0.15637841724974677
2022-09-24 17:00:00+00:00,-0.0008129197964195782,-0.8187081310723484,0.27522303861359254
2022-09-24 18:00:00+00:00,0.0025515750620193813,2.257439919407116,-0.39246243866683495
2022-09-24 19:00:00+00:00,-0.0014377469916258818,-1.5549437565818793,-0.5153406944939231
2022-09-24 20:00:00+00:00,0.0022269642467971722,0.4816718613472441,0.448658540081766
2022-09-24 21:00:00+00:00,-0.009858090769087485,-6.64972262052787,0.025167557237866567
2022-09-24 22:00:00+00:00,-0.003421699998502561,-3.856626539966876,-0.04425190417917024
2022-09-24 23:00:00+00:00,0.00202543504268789,-1.0998473256819596,-0.09054237939539878
2022-09-25 00:00:00+00:00,0.0019999142138926165,3.2516129742661026,0.9396463112265032
2022-09-25 01:00:00+00:00,0.0008507274775991779,-0.2514489882269647,-0.5710799561237
2022-09-25 02:00:00+00:00,-0.0015112191912002959,-0.5286373518036724,0.5286084034562573
2022-09-25 03:00:00+00:00,0.004526386923927895,4.272669705183927,-0.22777579182648885
2022-09-25 04:00:00+00:00,0.0014433454948419926,-0.804427553465065,0.0031656293532955626
2022-09-25 05:00:00+00:00,0.002976717655829604,-1.03985352688593,-0.03851057121706998
2022-09-25 06:00:00+00:00,-0.002672611128657189,0.3831152412895888,-1.0576651069169272
2022-09-25 07:00:00+00:00,-0.004791883591984885,2.1348367604002525,-0.5188958784286569
2022-09-25 08:00:00+00:00,0.0018077349378003086,-1.009710151320504,0.09783642239308915
2022-09-25 09:00:00+00:00,0.005377543437698021,-1.9377343831134899,0.29506320274877756
2022-09-25 10:00:00+00:00,-0.001533997483813306,0.9572610942408504,0.21469863191593824
2022-09-25 11:00:00+00:00,-0.0032322244340965136,1.8066781272280468,-0.055642109707889756
2022-09-25 12:00:00+00:00,0.00448243026217169,-1.5129565605616009,-0.3418666276867748
2022-09-25 13:00:00+00:00,0.013101604981056994,-6.183463196658279,2.09519095048518
2022-09-25 14:00:00+00:00,-7.741416855024093e-05,-1.5375700104960248,0.0413769213877051
2022-09-25 15:00:00+00:00,-0.0035792332464881387,3.0077296180533244,0.39763304145869255
2022-09-25 16:00:00+00:00,0.005674207701043866,-3.5720327114037946,0.42313763594214965
2022-09-25 17:00:00+00:00,0.004432577331315767,1.5988933217547419,0.8785399795899077
2022-09-25 18:00:00+00:00,0.000484466415673283,-0.7181957572524582,-0.47794047334548584
2022-09-25 19:00:00+00:00,-0.0023809439699399603,-1.2981250754751068,-0.13926107800239848
2022-09-25 20:00:00+00:00,0.005680850796921125,-3.073759005865973,-0.5694983352413878
2022-09-25 21:00:00+00:00,0.00563715765096996,-6.276703873483927,-0.7916841552511482
2022-09-25 22:00:00+00:00,-0.004530671977168848,1.960560502571863,0.47609664564088366
2022-09-25 23:00:00+00:00,-0.002486633386768371,0.6912017903009696,-0.5439207816180666
